en,bg,description,file,hash
Back to products,Обратно към продуктите,,site/modules/Mercato/ProcessMercato.module.php,dc30c2bfc6927bfd521e4c1f88b08f2c
Create Manual Order,Създаване на ръчна поръчка,,site/modules/Mercato/ProcessMercato.module.php,a4ed4cf9d1051814738e7d3aacb432ae
Customer not found.,Клиентът не е намерен.,,site/modules/Mercato/ProcessMercato.module.php,7225f62716ea3488a1347e996614fe38
Mercato Customer,Клиент на Mercato,,site/modules/Mercato/ProcessMercato.module.php,ac969a0529b0bd4202e1c0d9b7f8711a
Mercato Customers,Клиенти на Mercato,,site/modules/Mercato/ProcessMercato.module.php,38c2e55b5d69c69467df99d090dc3c89
Mercato Dashboard,Табло на Mercato,,site/modules/Mercato/ProcessMercato.module.php,38eedbc862157fabe27e233524dabe37
Mercato Discounts,Отстъпки на Mercato,,site/modules/Mercato/ProcessMercato.module.php,d53b8583aa2ea73ac019ffa13ec9529c
Mercato Fulfilment,Изпълнение на Mercato,,site/modules/Mercato/ProcessMercato.module.php,7493c7177e2b08a8509ae2a78b53406e
Mercato Inventory,Инвентар на Mercato,,site/modules/Mercato/ProcessMercato.module.php,d0a17834ca62275c0f7a7d0bedc2644a
Mercato Launch Checklist,Списък за проверка при стартиране на Mercato,,site/modules/Mercato/ProcessMercato.module.php,5f4088f0886bd4954cee5e37455d0cc7
Mercato Orders,Поръчки на Mercato,,site/modules/Mercato/ProcessMercato.module.php,fcef20e9c973e30cb8a97d5366da02a3
Mercato Payment Attempts,Опити за плащане на Mercato,,site/modules/Mercato/ProcessMercato.module.php,fcd99ec9d9400b1d916bcccff9141cdf
Mercato Product Detail,Детайл за продукт на Mercato,,site/modules/Mercato/ProcessMercato.module.php,84e07d7e23da6ab675713109672dbc23
Mercato Products,Продукти на Mercato,,site/modules/Mercato/ProcessMercato.module.php,5d93c2db13eef106d57ffd48aa2939af
Mercato Recovery,Възстановяване на Mercato,,site/modules/Mercato/ProcessMercato.module.php,24096fda63e9a0ddf2ad223737601e80
Mercato Refunds,Възстановявания на Mercato,,site/modules/Mercato/ProcessMercato.module.php,d10e8f9edde5ba9dfe8b65cf4e8fca98
Mercato Reports,Отчети на Mercato,,site/modules/Mercato/ProcessMercato.module.php,21ebde301a7a211498fb4b3d01c16261
Mercato Search,Търсене в Mercato,,site/modules/Mercato/ProcessMercato.module.php,5fbd491d73a66e0fff4a1ee4f9624707
Mercato Webhooks,Webhooks на Mercato,,site/modules/Mercato/ProcessMercato.module.php,8d1028877c92eb817d8854781d47e2ee
Order Detail,Детайли на поръчката,,site/modules/Mercato/ProcessMercato.module.php,6749752799c78ed976b9f03cb6e50cce
Order not found.,Поръчката не е намерена.,,site/modules/Mercato/ProcessMercato.module.php,149ad34562bd32ca88aac01cd023fce5
Order Timeline,Хронология на поръчката,,site/modules/Mercato/ProcessMercato.module.php,eed5f1931d938be6182018978b9a4c8d
Product not found,Продуктът не е намерен,,site/modules/Mercato/ProcessMercato.module.php,dfbe69c6d9568ecb0e65e7b32ed92a3a
Address shown to customers choosing pickup.,"Адрес, показван на клиенти, избрали вземане от място.",,site/modules/Mercato/src/MercatoConfigInputfields.php,8ca4a8a6eb89945256b1d976130cbeb3
Advanced / Debug,Разширени / Debug,,site/modules/Mercato/src/MercatoConfigInputfields.php,953b9fe2b63464f0b0822feba15a48f0
After amount (12.99 €),След сума (12.99 €),,site/modules/Mercato/src/MercatoConfigInputfields.php,cce002739944e9374f973f33d26a63e2
"After saving the webhook, reveal and copy the Signing secret (whsec_...) into the field below.","След запазване на webhook-а, разкрийте и копирайте подписващия секрет (whsec_...) в полето по-долу.",,site/modules/Mercato/src/MercatoConfigInputfields.php,9f5474045234685da9520841374c2914
Allowed delivery countries,Разрешени държави за доставка,,site/modules/Mercato/src/MercatoConfigInputfields.php,48aed1551811e63953baaa9b20bb04c2
Automatic asset loading,Автоматично зареждане на ресурси,,site/modules/Mercato/src/MercatoConfigInputfields.php,3d0c79b3b3cada129942490665347acc
Automatic cleanup uses ProcessWire LazyCron. Manual cleanup remains available in the Launch tab.,Автоматичното изчистване използва ProcessWire LazyCron. Ръчното изчистване остава достъпно в раздела Стартиране.,,site/modules/Mercato/src/MercatoConfigInputfields.php,78995121d39498cb8f097d0e72cfc594
Available checkout methods,Налични методи за плащане,,site/modules/Mercato/src/MercatoConfigInputfields.php,293bd3c754e972e04500e3b6c1d8e45e
Bank transfer instructions,Инструкции за банков превод,,site/modules/Mercato/src/MercatoConfigInputfields.php,1b6c9ccaee81d31161eb397f3929ccd1
Before amount (€ 12.99),Преди сума (€ 12.99),,site/modules/Mercato/src/MercatoConfigInputfields.php,676f9273aa4eed98b0e4e25224722769
Bootstrap CSS CDN URL,URL адрес на Bootstrap CSS CDN,,site/modules/Mercato/src/MercatoConfigInputfields.php,8181092ed55b3dd5ea2520d5574962f8
Cancel / back page,Страница за отказ / връщане назад,,site/modules/Mercato/src/MercatoConfigInputfields.php,01754d77b494cd3004d52a5acf64f7ca
Carrier delivery label,Етикет за куриерска доставка,,site/modules/Mercato/src/MercatoConfigInputfields.php,ed4a094db0a6a395effe1be591c98f23
Cart retention,Задържане на количката,,site/modules/Mercato/src/MercatoConfigInputfields.php,65b8cddd975764cccd1e023abe750ff6
Checkout delivery windows,Времеви прозорци за доставка при плащане,,site/modules/Mercato/src/MercatoConfigInputfields.php,64c83f0285ca691bcbac3b9c47da85fb
Checkout policy pages,Страници с политики при плащане,,site/modules/Mercato/src/MercatoConfigInputfields.php,c66394c5a2251ef26258eaf8beb01aee
Comma-separated prefixes. Leave blank to allow all postcodes.,"Разделени със запетая префикси. Оставете празно, за да разрешите всички пощенски кодове.",,site/modules/Mercato/src/MercatoConfigInputfields.php,0ad5e6cde4e71507157f8f81c23c1382
Controls how displayed tax totals are rounded. Stored order totals remain frozen after checkout.,Управлява закръгляването на показваните данъчни суми. Съхранените общи суми на поръчката остават фиксирани след плащането.,,site/modules/Mercato/src/MercatoConfigInputfields.php,b69ebeb87b2727726ffb5ec31c4cf0df
Controls tax breakdown display. Included keeps the current gross-price model; No tax hides tax rows without changing payable totals.,"Управлява показването на данъчната разбивка. „Включен“ запазва текущия модел с брутни цени; „Без данък“ скрива редовете с данък, без да променя дължимите суми.",,site/modules/Mercato/src/MercatoConfigInputfields.php,2a878a6d141955c430c86ee98beafb96
"Controls the default Mercato frontend templates: product, checkout, and success.","Управлява подразбиращите се фронтенд шаблони на Mercato: продукт, плащане и успех.",,site/modules/Mercato/src/MercatoConfigInputfields.php,916c6438418d2a9da8016a86c7d8e4df
copied only when missing,копирано само когато липсва,,site/modules/Mercato/src/MercatoConfigInputfields.php,8424478681a758ba1a121a92e4fbd8f8
copied with overwrite enabled,копирано с включено презаписване,,site/modules/Mercato/src/MercatoConfigInputfields.php,cf938f6daed768503c22f5f057cb052f
Copy the Sandbox Client ID and Secret for testing. Copy Live credentials only when you are ready for production review.,Копирайте Sandbox Client ID и Secret за тестване. Копирайте реалните (Live) данни само когато сте готови за прегледа за продукция.,,site/modules/Mercato/src/MercatoConfigInputfields.php,61e2d6728675411f8f906966da473bf2
Create a webhook for this endpoint and copy its Webhook ID into the matching Sandbox or Live field:,Създайте webhook за тази крайна точка и копирайте неговия Webhook ID в съответното поле Sandbox или Live:,,site/modules/Mercato/src/MercatoConfigInputfields.php,1c5ec0b0e51b8a2298e5cb578644c75d
Currency code (ISO 4217),Код на валута (ISO 4217),,site/modules/Mercato/src/MercatoConfigInputfields.php,e55bade0ee4d4ea96b18ff8aade224c3
Currency symbol,Символ на валута,,site/modules/Mercato/src/MercatoConfigInputfields.php,62f9da2dd4df9ed3b5312a77186956c8
Customer data retention,Съхранение на данни за клиента,,site/modules/Mercato/src/MercatoConfigInputfields.php,dcfd4a0ecaa0aca9b123e487971468a6
Customer redirects return to the configured Mercato pages:,Пренасочванията на клиента водят обратно към конфигурираните страници на Mercato:,,site/modules/Mercato/src/MercatoConfigInputfields.php,6154052a44ff6831cf4e2a34f4e47b2a
Default checkout method,Метод за плащане по подразбиране,,site/modules/Mercato/src/MercatoConfigInputfields.php,d4b747f0b6f2a405735b37654d6db62d
Default low-stock threshold,Праг за ниска наличност по подразбиране,,site/modules/Mercato/src/MercatoConfigInputfields.php,2eb8c2ac0ea4aad04b7da2de3a2c6c10
Default product tax rate (%),Данъчна ставка на продукта по подразбиране (%),,site/modules/Mercato/src/MercatoConfigInputfields.php,a2d0dcd05d830e3170a66c6804d70792
Delivery regions by country,Региони за доставка по държава,,site/modules/Mercato/src/MercatoConfigInputfields.php,f157e0d40152b2f813078871d4f7e76d
"Disable this when your site theme already provides Tailwind, Bootstrap, or UIkit.","Деактивирайте това, ако темата на сайта ви вече предоставя Tailwind, Bootstrap или UIkit.",,site/modules/Mercato/src/MercatoConfigInputfields.php,17a018935bfb3575d1b919bc2dc29ee9
Draft order retention,Съхранение на чернови поръчки,,site/modules/Mercato/src/MercatoConfigInputfields.php,a5b2fe0e35c054cd3b7c3931c80fd382
Email Notifications,Известия по имейл,,site/modules/Mercato/src/MercatoConfigInputfields.php,3caac88fd2cfb66b30bf5c3bb963e2ae
Enable automated recovery emails,Активиране на автоматизирани имейли за възстановяване,,site/modules/Mercato/src/MercatoConfigInputfields.php,959eadf90d3e8c1e6467b3dcc46a18bd
"Enable customer-facing payment methods in the Mollie Dashboard. Mollie Checkout will show only methods available for the merchant profile, currency, amount, and shopper country.","Активирайте методите за плащане, видими за клиента, в таблото на Mollie. Mollie Checkout ще показва само методи, налични за профила на търговеца, валутата, сумата и държавата на купувача.",,site/modules/Mercato/src/MercatoConfigInputfields.php,e08693c164cfb8a0e8e940989b7b04fa
"Enable only if you want Mercato to replace mrc-order.php, mrc-orders.php, mrc-products.php, mrc-product.php, mrc-checkout.php, and mrc-success.php in /site/templates/. This can overwrite manual edits.","Активирайте само ако искате Mercato да замени mrc-order.php, mrc-orders.php, mrc-products.php, mrc-product.php, mrc-checkout.php и mrc-success.php в /site/templates/. Това може да презапише ръчни промени.",,site/modules/Mercato/src/MercatoConfigInputfields.php,3ca2aa2d8e6e2898c636c1fb1566c645
Enabled payment methods,Активирани методи за плащане,,site/modules/Mercato/src/MercatoConfigInputfields.php,5b640a119f4a8811e835e207d07beae3
"For Mollie, no signing secret is stored here. The webhook POST contains a payment id; Mercato verifies it by fetching the payment through the Mollie API.","За Mollie тук не се съхранява подписващ секрет. POST заявката на webhook-а съдържа ID на плащане; Mercato го проверява, като извлича плащането чрез Mollie API.",,site/modules/Mercato/src/MercatoConfigInputfields.php,fdb0af36bda5d509044f75c5cc569432
"For subscription self-service links, configure Stripe Billing → Customer portal in the Stripe Dashboard.",За връзки за самостоятелно управление на абонаменти конфигурирайте Stripe Billing → Customer portal в таблото на Stripe.,,site/modules/Mercato/src/MercatoConfigInputfields.php,da0e82ab088ffa58c4038c093cd5953e
Free shipping threshold,Праг за безплатна доставка,,site/modules/Mercato/src/MercatoConfigInputfields.php,5f2ab464876341df7ff085560b1dc9e2
Frontend framework,Фронтенд фреймуърк,,site/modules/Mercato/src/MercatoConfigInputfields.php,c887185c6013adddafbfdf72db7b6822
Fulfilment Methods,Методи за изпълнение,,site/modules/Mercato/src/MercatoConfigInputfields.php,adf17ec958948e1e7f038cdb844a4775
General Settings,Общи настройки,,site/modules/Mercato/src/MercatoConfigInputfields.php,52f4393e1b52ba63e27310ca92ba098c
GET opens a diagnostic response. Mollie will POST payment status updates to this URL.,GET отваря диагностичен отговор. Mollie ще изпраща POST актуализации на статуса на плащане към този URL адрес.,,site/modules/Mercato/src/MercatoConfigInputfields.php,ee862080965ba294771291064004ee86
GET opens a diagnostic response. PayPal will POST signed webhook events to this URL.,GET отваря диагностичен отговор. PayPal ще изпраща POST подписани webhook събития към този URL адрес.,,site/modules/Mercato/src/MercatoConfigInputfields.php,b2e3d0fee362d39db5946fac48749aa4
GET opens a diagnostic response. Stripe must POST signed webhook events to this URL.,GET отваря диагностичен отговор. Stripe трябва да изпраща POST подписани webhook събития към този URL адрес.,,site/modules/Mercato/src/MercatoConfigInputfields.php,aee1d8133cca197f685a9236872a51b5
How long pending checkout orders reserve stock before payment confirmation. Range: 1-1440 minutes.,Колко дълго чакащите поръчки при плащане резервират наличност преди потвърждение на плащането. Диапазон: 1-1440 минути.,,site/modules/Mercato/src/MercatoConfigInputfields.php,f530496520cccf86a91e136f8f755576
How many days abandoned cart/session policy should retain cart context. Range: 1-3650 days. This setting documents policy; it does not delete paid orders.,Колко дни политиката за изоставена количка/сесия трябва да съхранява контекста на количката. Диапазон: 1-3650 дни. Тази настройка документира политика; тя не изтрива платени поръчки.,,site/modules/Mercato/src/MercatoConfigInputfields.php,8cf6327356c3abeccf9dd017e9e6e5fa
How many days redacted webhook/event payload context should remain available for diagnostics. Range: 1-3650 days.,Колко дни редактираният контекст на webhook/събитие трябва да остане достъпен за диагностика. Диапазон: 1-3650 дни.,,site/modules/Mercato/src/MercatoConfigInputfields.php,253bfff80bdd009fa41ef992b5e521bb
How many days unpaid draft/pending order data may remain before manual or LazyCron cleanup. Range: 1-3650 days.,Колко дни данните за неплатени чернови/чакащи поръчки могат да останат преди ръчно или LazyCron изчистване. Диапазон: 1-3650 дни.,,site/modules/Mercato/src/MercatoConfigInputfields.php,90c8ce3f9bdec2fa8cdaa23584c24210
How often LazyCron should check abandoned checkout recovery candidates.,Колко често LazyCron трябва да проверява кандидати за възстановяване на изоставени поръчки.,,site/modules/Mercato/src/MercatoConfigInputfields.php,569df70cbeb1067ad6068970b8df3081
Include carrier/local delivery fees in the tax breakdown,Включване на таксите за куриерска/локална доставка в данъчната разбивка,,site/modules/Mercato/src/MercatoConfigInputfields.php,33a5082568840de0ef74e052d5e37b3e
Install / repair generated assets,Инсталиране / поправка на генерирани ресурси,,site/modules/Mercato/src/MercatoConfigInputfields.php,ec861d8401ffe9bf2c8e4a206cc7e1b8
Installer,Инсталатор,,site/modules/Mercato/src/MercatoConfigInputfields.php,d1be377656960ed04f1564da21d80c8d
Invoice prefix,Префикс на фактура,,site/modules/Mercato/src/MercatoConfigInputfields.php,82c9667c9ef1dc29e479d080eaa998db
Let Stripe show compatible Payment Element methods for Stripe Card checkout.,Оставете Stripe да показва съвместими методи Payment Element за плащане с карта чрез Stripe.,,site/modules/Mercato/src/MercatoConfigInputfields.php,4401a0673bbbc9898e6ae65d36164ca0
Live API Key (live_...),Реален API ключ (live_...),,site/modules/Mercato/src/MercatoConfigInputfields.php,a1d3f83d9be8208e944dfcd4dc685ec7
Live Client ID,Реален Client ID,,site/modules/Mercato/src/MercatoConfigInputfields.php,1087b413bc531d99ee4deb93e280bfed
Live Publishable Key (pk_live_...),Реален публичен ключ (pk_live_...),,site/modules/Mercato/src/MercatoConfigInputfields.php,de598d9a6a44b3c8fffe32bb14e97224
Live Secret,Реален секрет,,site/modules/Mercato/src/MercatoConfigInputfields.php,283b4262a252e932f41c6a7eeea8dc15
Live Secret Key (sk_live_...),Реален секретен ключ (sk_live_...),,site/modules/Mercato/src/MercatoConfigInputfields.php,aa26a33e114eb2adc910b678faf071c3
Live Webhook ID,Реален Webhook ID,,site/modules/Mercato/src/MercatoConfigInputfields.php,78531346fe27352f80f09f3fc2686d63
Load CDN assets for the selected frontend framework.,Зареждане на CDN ресурси за избрания фронтенд фреймуърк.,,site/modules/Mercato/src/MercatoConfigInputfields.php,8ac0d8d44a0e7c9f40efa3b09dd57a9c
Local delivery email body,Тяло на имейла за локална доставка,,site/modules/Mercato/src/MercatoConfigInputfields.php,42f875b83e3575888b372857cd5c077a
Local delivery email subject,Тема на имейла за локална доставка,,site/modules/Mercato/src/MercatoConfigInputfields.php,4c62f798d12edc5eba21903d00227e0c
Local delivery fee,Такса за локална доставка,,site/modules/Mercato/src/MercatoConfigInputfields.php,9cfed83392cff8ccad48215339b64855
Local delivery instructions,Инструкции за локална доставка,,site/modules/Mercato/src/MercatoConfigInputfields.php,410683d78bdbe21940c75cd0a1e17ba1
Local delivery label,Етикет за локална доставка,,site/modules/Mercato/src/MercatoConfigInputfields.php,7a1890112eec0e9f696530d8cefd9718
Local delivery minimum order,Минимална поръчка за локална доставка,,site/modules/Mercato/src/MercatoConfigInputfields.php,f0aa7dfe71962a76e411df87e5b4591e
Local postal-code prefixes,Префикси на локални пощенски кодове,,site/modules/Mercato/src/MercatoConfigInputfields.php,55934fe43d898f7ffc73d18b97169d03
Maximum payment-link emails per automation run. Range: 1-100.,Максимален брой имейли с връзка за плащане на изпълнение на автоматизацията. Диапазон: 1-100.,,site/modules/Mercato/src/MercatoConfigInputfields.php,ea8337b59371b9762a2eb74f25460e16
Mercato installer failed: ,Инсталаторът на Mercato е неуспешен:,,site/modules/Mercato/src/MercatoConfigInputfields.php,f762aee52bd3e253911b9e5569435358
Mercato installer finished. Template files were %s.,Инсталаторът на Mercato завърши. Файловете на шаблоните бяха %s.,,site/modules/Mercato/src/MercatoConfigInputfields.php,e416ece723ce302257c22c361daaec30
"Mercato keeps prices gross; this controls the displayed tax breakdown, not the payable total.","Mercato пази цените бруто; това управлява показваната данъчна разбивка, не дължимата сума.",,site/modules/Mercato/src/MercatoConfigInputfields.php,843528a5f9651c8ff1cf430e3e4988c0
Mercato sends the webhook URL automatically when it creates each Mollie payment:,"Mercato изпраща webhook URL адреса автоматично, когато създава всяко плащане в Mollie:",,site/modules/Mercato/src/MercatoConfigInputfields.php,e4e01b0e0a13c28d4fadf48a8dba3bd2
Mercato test email failed: ,Тестовият имейл на Mercato е неуспешен:,,site/modules/Mercato/src/MercatoConfigInputfields.php,69439db15742b08a190183c78a0c1ee0
Mercato test email sent to ,Тестовият имейл на Mercato е изпратен до,,site/modules/Mercato/src/MercatoConfigInputfields.php,b87e418b22f1d4d3020894d2ddcbc7a8
Mercato verifies real PayPal webhooks with the PayPal verify-webhook-signature API before processing production events.,Mercato проверява реалните webhooks на PayPal чрез PayPal verify-webhook-signature API преди да обработи продукционни събития.,,site/modules/Mercato/src/MercatoConfigInputfields.php,dfb7129fc2881cad174a089587859a24
Merchant Details,Данни за търговеца,,site/modules/Mercato/src/MercatoConfigInputfields.php,766c0fb714d9b7fd8a1c1c8ff799deb2
Minimum checkout age,Минимална възраст за плащане,,site/modules/Mercato/src/MercatoConfigInputfields.php,061fee424c31b438b6d123c0614e5eb8
Minimum minutes before another recovery payment-link email can be sent for the same unpaid order. Use 0 to disable the cooldown. Range: 0-10080 minutes.,"Минимален брой минути преди да може да бъде изпратен друг имейл с връзка за възстановяване за същата неплатена поръчка. Използвайте 0, за да деактивирате изчакването. Диапазон: 0-10080 минути.",,site/modules/Mercato/src/MercatoConfigInputfields.php,ec85d62e510078b975bc0d12af442749
"Mollie also calls this payment webhook when a refund reaches processing, failed, or refunded status. Queued or pending refunds can be checked from Order Detail.","Mollie също извиква този webhook за плащане, когато възстановяване достигне статус „в обработка“, „неуспешно“ или „възстановено“. Опашка от чакащи възстановявания може да се провери от Детайли на поръчката.",,site/modules/Mercato/src/MercatoConfigInputfields.php,616ad811063ed1a93271c6a1d0d52b89
Mollie Settings,Настройки на Mollie,,site/modules/Mercato/src/MercatoConfigInputfields.php,824f2c1d1c2ee9aecac9977d9347a2ea
Mollie Webhook Endpoint,Крайна точка на Mollie Webhook,,site/modules/Mercato/src/MercatoConfigInputfields.php,614dab96b81a1f54bfe4e691a7f133f9
One email per line. These addresses are excluded from manual and automated recovery payment-link emails.,По един имейл на ред. Тези адреси са изключени от ръчните и автоматизираните имейли с връзка за плащане за възстановяване.,,site/modules/Mercato/src/MercatoConfigInputfields.php,3c10f1526245ddbca84e189df3dc9922
Only selected methods are shown on checkout and accepted by the payment flow. Demo Payment is always unavailable in production mode.,На плащането се показват и се приемат от платежния процес само избраните методи. Демо плащането винаги е недостъпно в продукционен режим.,,site/modules/Mercato/src/MercatoConfigInputfields.php,a62b7bbc37b77ec3aeee31af1dd0f845
Open Developers → Webhooks → Add endpoint and use this endpoint URL:,Отворете Developers → Webhooks → Add endpoint и използвайте този URL адрес на крайна точка:,,site/modules/Mercato/src/MercatoConfigInputfields.php,918363d0b47bec7df7f46826a65225b6
Open Mollie Dashboard → Developers → API keys and copy the Test API key and Live API key.,Отворете таблото на Mollie → Developers → API keys и копирайте тестовия API ключ и реалния API ключ.,,site/modules/Mercato/src/MercatoConfigInputfields.php,fa58a8aa797f3a0512addd4d94341f41
Open PayPal Developer Dashboard → Apps & Credentials and create or select a REST app.,Отворете PayPal Developer Dashboard → Apps & Credentials и създайте или изберете REST приложение.,,site/modules/Mercato/src/MercatoConfigInputfields.php,afc305b47da5edb9a5a09cac7dcee44a
Open Stripe Dashboard → Developers → API keys and copy the Publishable key and Secret key for test/live mode.,Отворете таблото на Stripe → Developers → API keys и копирайте публичния ключ и секретния ключ за тестов/реален режим.,,site/modules/Mercato/src/MercatoConfigInputfields.php,2f98351adabe4800844064766bb5550c
"Optional checkout region/state list, one per line: US: CA California, US: NY New York, CA: QC Quebec. When a country has entries, checkout requires one of those region codes.","По избор списък с региони/щати за плащане, по един на ред: US: CA California, US: NY New York, CA: QC Quebec. Когато дадена държава има записи, плащането изисква един от тези кодове на регион.",,site/modules/Mercato/src/MercatoConfigInputfields.php,b8acaba53692dc47cebf484edbe3fbf4
"Optional coupon code promoted in recovery payment-link emails. Variables: {recovery_discount_code}, {recovery_discount_line}.","По избор код на купон, промотиран в имейлите с връзка за плащане за възстановяване. Променливи: {recovery_discount_code}, {recovery_discount_line}.",,site/modules/Mercato/src/MercatoConfigInputfields.php,be3fa7ecafeba78b4036b0ebf8eeedbb
"Optional external PDF renderer URL. Variables: {order_id}, {invoice}, {token}, {receipt_link}. Leave blank to use printable HTML only.","По избор външен URL адрес за рендиране на PDF. Променливи: {order_id}, {invoice}, {token}, {receipt_link}. Оставете празно, за да използвате само вградената разпечатка в HTML.",,site/modules/Mercato/src/MercatoConfigInputfields.php,9fc30357d6288a5d6ce56894eea5159b
"Optional ISO-2 country allowlist for carrier and local delivery, e.g. GB, FR, DE. Leave blank to allow all countries.","По избор списък с разрешени държави по ISO-2 за куриерска и локална доставка, напр. GB, FR, DE. Оставете празно, за да разрешите всички държави.",,site/modules/Mercato/src/MercatoConfigInputfields.php,5eb8bb12303cda35ecd6055520a78f34
"Optional managed checkout time windows, one per line. When configured, checkout shows a select field and rejects values outside this list.","По избор управлявани времеви прозорци за плащане, по един на ред. Когато е конфигурирано, плащането показва поле за избор и отхвърля стойности извън този списък.",,site/modules/Mercato/src/MercatoConfigInputfields.php,b85efbae0df4d2906a3a8f3661f9b949
"Optional multiple pickup locations, one per line: Name | Address | Instructions | Hours. When empty, the single pickup location and instructions above are used.","По избор няколко места за вземане, по едно на ред: Име | Адрес | Инструкции | Часове. Когато е празно, се използват единичното място за вземане и инструкциите по-горе.",,site/modules/Mercato/src/MercatoConfigInputfields.php,ac3bd9acaa0c38ed4d37f17c31dbded5
"Optional PHP template relative to /site/templates/, e.g. mercato-receipt.php. Leave blank to use the built-in printable receipt.","По избор PHP шаблон спрямо /site/templates/, напр. mercato-receipt.php. Оставете празно, за да използвате вградената разпечатка.",,site/modules/Mercato/src/MercatoConfigInputfields.php,a0b6a741d4c12d5051de4b5c977032f4
Optional policy horizon for customer data review. Use 0 to retain until an explicit admin policy/manual cleanup exists. Paid orders are never silently deleted.,"По избор хоризонт на политиката за преглед на данни за клиента. Използвайте 0, за да се съхраняват до наличие на изрична административна политика/ръчно изчистване. Платените поръчки никога не се изтриват тихомълком.",,site/modules/Mercato/src/MercatoConfigInputfields.php,77064f0d075e3d2395b6740f06529355
"Optional prefix for newly issued invoice numbers, e.g. INV-. Existing invoice numbers are preserved.","По избор префикс за новоиздадени номера на фактури, напр. INV-. Съществуващите номера на фактури се запазват.",,site/modules/Mercato/src/MercatoConfigInputfields.php,8d84d40e5549a012a7cbdd8feea0de0b
"Optional public pages linked below checkout. Use this for terms, privacy, refund, and shipping policies.","По избор публични страници, свързани под плащането. Използвайте това за условия, поверителност, връщания и политики за доставка.",,site/modules/Mercato/src/MercatoConfigInputfields.php,e1f61d5b576c0309a58b1e56479a9bf3
"Optional seller/legal details shown on printable receipts, e.g. company name, address, registration number, VAT number.","По избор данни за продавача/юридически данни, показвани на разпечатките, напр. име на фирма, адрес, регистрационен номер, ДДС номер.",,site/modules/Mercato/src/MercatoConfigInputfields.php,c4a52e135848f8ac5650a8e6723b6361
Order confirmation body,Тяло на потвърждението на поръчка,,site/modules/Mercato/src/MercatoConfigInputfields.php,6619e2036b80df5e29363b5e024935dd
Order confirmation subject,Тема на потвърждението на поръчка,,site/modules/Mercato/src/MercatoConfigInputfields.php,dab24509ddc067e6887c51343879377d
Orders parent page path,Път на родителската страница за поръчки,,site/modules/Mercato/src/MercatoConfigInputfields.php,731595ccdbd7364f0757385e50a50e1c
Overwrite existing template files in /site/templates/,Презаписване на съществуващи файлове на шаблони в /site/templates/,,site/modules/Mercato/src/MercatoConfigInputfields.php,82481857d82a9e7d198b2533b4b9e869
Page shown after successful payment.,"Страница, показвана след успешно плащане.",,site/modules/Mercato/src/MercatoConfigInputfields.php,b422d62bead6237fb8e6450948d043fa
Page used when payment is canceled or the customer goes back.,"Страница, използвана при отказ на плащане или връщане назад от клиента.",,site/modules/Mercato/src/MercatoConfigInputfields.php,67140e8976e6f60b8dcfb9dfcd5068ed
"Path relative to root, e.g. ""orders"". This page will hold all order child pages.","Път спрямо root, напр. „orders“. Тази страница ще съдържа всички дъщерни страници на поръчки.",,site/modules/Mercato/src/MercatoConfigInputfields.php,7a067e7c95fe6b8b721a6e0aba2fa381
Payment link email body,Тяло на имейла с връзка за плащане,,site/modules/Mercato/src/MercatoConfigInputfields.php,25c67bdfce052a2bbe1bb7178cfc07ac
Payment link email subject,Тема на имейла с връзка за плащане,,site/modules/Mercato/src/MercatoConfigInputfields.php,686fc4b74cf66683c9c2daa88b1f09c3
PayPal Settings,Настройки на PayPal,,site/modules/Mercato/src/MercatoConfigInputfields.php,802487810607dad9dc2c5880e2350da6
PayPal Webhook Endpoint,Крайна точка на PayPal Webhook,,site/modules/Mercato/src/MercatoConfigInputfields.php,0e75ac14d8281fa402d8bb1ae3880380
Pickup instructions,Инструкции за вземане от място,,site/modules/Mercato/src/MercatoConfigInputfields.php,7a99414b79b388d791307e4aea5fb8ab
Pickup label,Етикет за вземане от място,,site/modules/Mercato/src/MercatoConfigInputfields.php,87c2117da74d9f0eb822c0ce6cb016ab
Pickup location,Място за вземане,,site/modules/Mercato/src/MercatoConfigInputfields.php,c5b6f491220ee0279697c20f618d3a8b
Pickup locations,Места за вземане,,site/modules/Mercato/src/MercatoConfigInputfields.php,41a6ce51c43b6fa0554d6b9b7f2f0e9f
Pickup ready email body,Тяло на имейла за готовност за вземане,,site/modules/Mercato/src/MercatoConfigInputfields.php,11e9242945b6b0d428adbddf126dbb64
Pickup ready email subject,Тема на имейла за готовност за вземане,,site/modules/Mercato/src/MercatoConfigInputfields.php,9bc39e40250e386c6ff94516f6b178a8
"Plain-text message sent when an order is out for local delivery. Variables: {invoice}, {customer}, {fulfilment_details}, {order_status_link}, {policy_links}.","Обикновено текстово съобщение, изпратено при поръчка за локална доставка. Променливи: {invoice}, {customer}, {fulfilment_details}, {order_status_link}, {policy_links}.",,site/modules/Mercato/src/MercatoConfigInputfields.php,3a6bd7fdd11e49de795755bd62611553
"Plain-text message sent when an order is ready for collection. Variables: {invoice}, {customer}, {fulfilment_details}, {order_status_link}, {policy_links}.","Обикновено текстово съобщение, изпратено при готовност на поръчка за вземане. Променливи: {invoice}, {customer}, {fulfilment_details}, {order_status_link}, {policy_links}.",,site/modules/Mercato/src/MercatoConfigInputfields.php,c7c99c2c6d7d618e02a879487fdccbed
"Plain-text message. Variables: {invoice}, {customer}, {items}, {subtotal}, {shipping}, {fulfilment}, {fulfilment_details}, {discount}, {total}, {currency}, {receipt_link}, {order_status_link}, {policy_links}.","Обикновено текстово съобщение. Променливи: {invoice}, {customer}, {items}, {subtotal}, {shipping}, {fulfilment}, {fulfilment_details}, {discount}, {total}, {currency}, {receipt_link}, {order_status_link}, {policy_links}.",,site/modules/Mercato/src/MercatoConfigInputfields.php,c8d1afa177c2aaa50da9a292f2672690
"Plain-text message. Variables: {invoice}, {customer}, {total}, {payment_link}, {recovery_unsubscribe_link}. If the unsubscribe variable is missing, Mercato appends the unsubscribe link automatically.","Обикновено текстово съобщение. Променливи: {invoice}, {customer}, {total}, {payment_link}, {recovery_unsubscribe_link}. Ако променливата за отписване липсва, Mercato добавя връзката за отписване автоматично.",,site/modules/Mercato/src/MercatoConfigInputfields.php,c9fcf6458c29bca68d429eb791a4431b
"Plain-text message. Variables: {invoice}, {customer}, {tracking}, {tracking_url}, {order_status_link}, {policy_links}.","Обикновено текстово съобщение. Променливи: {invoice}, {customer}, {tracking}, {tracking_url}, {order_status_link}, {policy_links}.",,site/modules/Mercato/src/MercatoConfigInputfields.php,caeb3ecaac0a9528a87296480cdfe51d
Production mode,Продукционен режим,,site/modules/Mercato/src/MercatoConfigInputfields.php,30dbd3dffa9dbd08b062436ba8dcbad7
Production readiness,Готовност за продукция,,site/modules/Mercato/src/MercatoConfigInputfields.php,c39c2d30a0fca77868436f3672f39097
Products at or below this stock level are flagged in the dashboard. Per-product thresholds override this value.,Продукти на или под това ниво на наличност се маркират в таблото. Праговете на ниво продукт заменят тази стойност.,,site/modules/Mercato/src/MercatoConfigInputfields.php,8c5cf8f28493cf54654063f766ff39ee
Receipt merchant details,Данни за продавача на разписката,,site/modules/Mercato/src/MercatoConfigInputfields.php,63606a6b8f4e01a65cbb64a6827f1d60
Receipt PDF URL template,URL шаблон на PDF разписката,,site/modules/Mercato/src/MercatoConfigInputfields.php,9f13082d71312de10ee15b0e2fb5b224
Receipt template file,Файл с шаблон на разписката,,site/modules/Mercato/src/MercatoConfigInputfields.php,ca69906e5e719d4cd4a8dd300f5d0c89
Recovery automation schedule,График на автоматизацията за възстановяване,,site/modules/Mercato/src/MercatoConfigInputfields.php,3c87f13a1e0848d5491a3929c5028db2
Recovery batch limit,Лимит на партида за възстановяване,,site/modules/Mercato/src/MercatoConfigInputfields.php,11c191343caff134b94f137e191f2d2b
Recovery discount code,Код за отстъпка при възстановяване,,site/modules/Mercato/src/MercatoConfigInputfields.php,668bfc162d7a1960b98310c96470d847
Recovery email cooldown,Изчакване за имейл за възстановяване,,site/modules/Mercato/src/MercatoConfigInputfields.php,c4b211f256112b0bc23e0244644685d3
Recovery suppressed emails,Изключени имейли за възстановяване,,site/modules/Mercato/src/MercatoConfigInputfields.php,a201f3b4bb599d7efcc9fae51f2aa5d2
"Redirect-specific methods such as Klarna, iDEAL, and SEPA Debit continue to use their explicit configured flows.","Специфичните за пренасочване методи, като Klarna, iDEAL и SEPA Debit, продължават да използват своите изрично конфигурирани потоци.",,site/modules/Mercato/src/MercatoConfigInputfields.php,ddae891e0329c1ba4c06a65296511f72
Reply-to email,Имейл за отговор,,site/modules/Mercato/src/MercatoConfigInputfields.php,8373f5a1cbdf4ebaf0eccb33300cf128
Required before order confirmations or fulfilment emails can be sent.,Необходимо преди да могат да бъдат изпратени потвърждения на поръчки или имейли за изпълнение.,,site/modules/Mercato/src/MercatoConfigInputfields.php,b32d24358ed067234096653a2aa16aa2
"Required webhook events: CHECKOUT.ORDER.APPROVED, PAYMENT.CAPTURE.COMPLETED, PAYMENT.CAPTURE.DENIED, PAYMENT.CAPTURE.REFUNDED.","Необходими webhook събития: CHECKOUT.ORDER.APPROVED, PAYMENT.CAPTURE.COMPLETED, PAYMENT.CAPTURE.DENIED, PAYMENT.CAPTURE.REFUNDED.",,site/modules/Mercato/src/MercatoConfigInputfields.php,e15c2f118c12faf525a565d618dba9b3
Reservation cleanup,Изчистване на резервации,,site/modules/Mercato/src/MercatoConfigInputfields.php,25e850a065bdd5ee8c5f5429608edd51
Reservation TTL,TTL на резервация,,site/modules/Mercato/src/MercatoConfigInputfields.php,c2c00c2d3cfcadeeaebd9973c8ace2ad
Review this before enabling production mode. Launch checklist repeats these checks with live site context.,Прегледайте това преди да активирате продукционния режим. Списъкът за проверка при стартиране повтаря тези проверки с реален контекст на сайта.,,site/modules/Mercato/src/MercatoConfigInputfields.php,eca0195ea538944ddc924380c396227f
Run Mercato installer,Стартиране на инсталатора на Mercato,,site/modules/Mercato/src/MercatoConfigInputfields.php,077333930920158dd899cfdab5fc0501
"Run this after updating Mercato if you want the module to create missing fields, templates, pages, and template files.","Стартирайте това след актуализиране на Mercato, ако искате модулът да създаде липсващите полета, шаблони, страници и файлове с шаблони.",,site/modules/Mercato/src/MercatoConfigInputfields.php,f62b24b54f9caf99e54c2b026184b0e0
Sandbox checkout can create and capture PayPal Orders v2 payments after the customer approves the redirect.,"Sandbox плащането може да създава и прихваща плащания PayPal Orders v2, след като клиентът одобри пренасочването.",,site/modules/Mercato/src/MercatoConfigInputfields.php,aa62f434a2a08f8a977897dd1b472d26
Sandbox Client ID,Sandbox Client ID,,site/modules/Mercato/src/MercatoConfigInputfields.php,a0bd7d42b20f8ca0c6f28bdd30a1af1f
Sandbox Secret,Sandbox Secret,,site/modules/Mercato/src/MercatoConfigInputfields.php,5c4487ba622fa69e58329b99594cdee3
Sandbox Webhook ID,Sandbox Webhook ID,,site/modules/Mercato/src/MercatoConfigInputfields.php,4f426aa0464c01ede01398675b3d048a
"Select events: payment_intent.succeeded, payment_intent.payment_failed, payment_intent.processing, payment_intent.canceled, checkout.session.completed, checkout.session.expired, charge.refunded, customer.subscription.created, customer.subscription.updated, customer.subscription.deleted, invoice.paid, invoice.payment_failed, refund.created, refund.updated, refund.failed.","Изберете събития: payment_intent.succeeded, payment_intent.payment_failed, payment_intent.processing, payment_intent.canceled, checkout.session.completed, checkout.session.expired, charge.refunded, customer.subscription.created, customer.subscription.updated, customer.subscription.deleted, invoice.paid, invoice.payment_failed, refund.created, refund.updated, refund.failed.",,site/modules/Mercato/src/MercatoConfigInputfields.php,6d860127ddaf71eb9d95119cc2c13cc2
Select how customers can receive products. At least carrier delivery remains enabled as a fallback.,Изберете как клиентите да получават продукти. Поне куриерската доставка остава активирана като резервен вариант.,,site/modules/Mercato/src/MercatoConfigInputfields.php,efe1c51b3f3ccc44a4dc0aa6fb2d1d03
Send a plain-text test email using the configured sender and reply-to values. Test attempts are logged in Customer Emails.,"Изпратете обикновен текстов тестов имейл, използвайки конфигурираните стойности за подател и отговор. Тестовите опити се регистрират в Имейли до клиенти.",,site/modules/Mercato/src/MercatoConfigInputfields.php,9408a2db034891149ed6cc930e01b768
Send test email,Изпращане на тестов имейл,,site/modules/Mercato/src/MercatoConfigInputfields.php,ee1851440a6a7a4169d217a454c10895
Sender email,Имейл на подателя,,site/modules/Mercato/src/MercatoConfigInputfields.php,31df4171f2ebec0b6f84d0cc0b91722a
Sender name,Име на подателя,,site/modules/Mercato/src/MercatoConfigInputfields.php,90ed58883831551ef960da4f7cde1240
Set to 0 to disable. Applies to carrier delivery when the cart subtotal reaches this amount.,"Задайте 0, за да деактивирате. Прилага се към куриерската доставка, когато междинната сума на количката достигне тази сума.",,site/modules/Mercato/src/MercatoConfigInputfields.php,9097fca82300b63e6eae2ed1b3113b87
Set to 0 to disable. Local delivery is unavailable below this cart subtotal.,"Задайте 0, за да деактивирате. Локалната доставка е недостъпна под тази междинна сума на количката.",,site/modules/Mercato/src/MercatoConfigInputfields.php,315af4357425040928ce93051bff4d69
Setup guide,Ръководство за настройка,,site/modules/Mercato/src/MercatoConfigInputfields.php,8d302b60b60d649011915c62e62035bf
Shipping email body,Тяло на имейла за доставка,,site/modules/Mercato/src/MercatoConfigInputfields.php,6f6d69f55d321c5236b1a6fc58cc0ee2
Shipping email subject,Тема на имейла за доставка,,site/modules/Mercato/src/MercatoConfigInputfields.php,5d1e66372ce937f86d43e804cdd503e1
Shipping tax rate (%),Данъчна ставка за доставка (%),,site/modules/Mercato/src/MercatoConfigInputfields.php,6b3628128582f7635e3bbfd12a1cdca5
"Shown after checkout when Bank transfer / invoice is selected. Include bank details, reference rules, and expected processing time.","Показва се след плащане, когато е избран банков превод / фактура. Включете банкови данни, правила за референция и очаквано време за обработка.",,site/modules/Mercato/src/MercatoConfigInputfields.php,f1ae85ab1125e01f8f4af978939dc231
Shown first and preselected when the customer has not chosen a fulfilment method.,"Показва се първи и е предварително избран, когато клиентът не е избрал метод за изпълнение.",,site/modules/Mercato/src/MercatoConfigInputfields.php,1fe68b64cf324e28f273250aef80672f
"Shown in checkout, success, receipts, and receipt snapshots. Examples: VAT, GST, Sales tax.","Показва се при плащане, успех, разписки и снимки на разписки. Примери: ДДС, GST, данък върху продажбите.",,site/modules/Mercato/src/MercatoConfigInputfields.php,86732c5022b9509e0d12b0ed6ac3f88b
Stripe automatic payment methods,Автоматични методи за плащане на Stripe,,site/modules/Mercato/src/MercatoConfigInputfields.php,a768898d022e1ae3770c34abeba6481b
Stripe Settings,Настройки на Stripe,,site/modules/Mercato/src/MercatoConfigInputfields.php,386b7f1ab788a1828cd927d1e21233c4
Stripe Webhook Endpoint,Крайна точка на Stripe Webhook,,site/modules/Mercato/src/MercatoConfigInputfields.php,ce533856dcae72c9732b98db73451c47
Success page,Страница за успех,,site/modules/Mercato/src/MercatoConfigInputfields.php,ae8e3b252d0cf7be9f6c1439f4604bbd
Symbol position,Позиция на символа,,site/modules/Mercato/src/MercatoConfigInputfields.php,6a6e16bd55f03e8805f8d7e62b7d60ea
Tailwind CDN URL,URL адрес на Tailwind CDN,,site/modules/Mercato/src/MercatoConfigInputfields.php,f263ac0a325da004766ad6cc32caa8ad
Tax display mode,Режим на показване на данъка,,site/modules/Mercato/src/MercatoConfigInputfields.php,f5728333534b1458fb628ccd7d217405
Tax label,Етикет на данъка,,site/modules/Mercato/src/MercatoConfigInputfields.php,d06708b56bdc0e9103287a7f0cd4faa6
Tax rounding mode,Режим на закръгляване на данъка,,site/modules/Mercato/src/MercatoConfigInputfields.php,23549a122331c6bbcf306235bd343bfb
Tax shipping,Данък върху доставката,,site/modules/Mercato/src/MercatoConfigInputfields.php,542a9635af196fc167992ddf9f2c0772
Template files are used from /site/templates/. Files in the module templates folder are only source copies.,Файловете на шаблоните се използват от /site/templates/. Файловете в папката с шаблони на модула са само изходни копия.,,site/modules/Mercato/src/MercatoConfigInputfields.php,adb025f1005d583ff707ff53bc5079fc
Test API Key (test_...),Тестов API ключ (test_...),,site/modules/Mercato/src/MercatoConfigInputfields.php,d77bba29594df68dad61bdcf0921b120
Test email recipient,Получател на тестовия имейл,,site/modules/Mercato/src/MercatoConfigInputfields.php,c727820cbca5b30a21bc261780a1b8a3
Test Publishable Key (pk_test_...),Тестов публичен ключ (pk_test_...),,site/modules/Mercato/src/MercatoConfigInputfields.php,2c8829b0220962428c3dc664debc35df
Test Secret Key (sk_test_...),Тестов секретен ключ (sk_test_...),,site/modules/Mercato/src/MercatoConfigInputfields.php,31ce62c23ca14e22128ed9b423106ee6
UIkit CSS CDN URL,URL адрес на UIkit CSS CDN,,site/modules/Mercato/src/MercatoConfigInputfields.php,6f2bf1a485ad454f52d71b8db05ed912
Unpaid orders must be at least this many minutes old before automated recovery can email them. Range: 15-43200 minutes.,"Неплатените поръчки трябва да са поне на тази възраст в минути, преди автоматизираното възстановяване да може да им изпрати имейл. Диапазон: 15-43200 минути.",,site/modules/Mercato/src/MercatoConfigInputfields.php,93f7884d2e2beef699e0c80ae923cd4b
"Use Stripe test keys with Stripe test cards, for example 4242 4242 4242 4242 with any future expiry and CVC, before switching to live mode.","Използвайте тестови ключове на Stripe с тестови карти на Stripe, например 4242 4242 4242 4242 с произволна бъдеща валидност и CVC, преди да превключите на реален режим.",,site/modules/Mercato/src/MercatoConfigInputfields.php,8d08675ddd747b26c2a792048fcf0740
Used for manual custom lines and imported products when no tax_rate is provided. Existing product rates and explicit CSV values are preserved.,"Използва се за ръчни персонализирани редове и импортирани продукти, когато не е предоставена tax_rate. Съществуващите ставки на продукта и изричните CSV стойности се запазват.",,site/modules/Mercato/src/MercatoConfigInputfields.php,7261f627b3c525b2143b89fc235ec7c5
Used when automatic asset loading is enabled for the matching framework. Leave blank to use the Mercato default CDN URL.,"Използва се, когато автоматичното зареждане на ресурси е активирано за съответния фреймуърк. Оставете празно, за да използвате CDN URL адреса по подразбиране на Mercato.",,site/modules/Mercato/src/MercatoConfigInputfields.php,1c1a5105d8d7289c8183b4b3dcba1d64
Uses ProcessWire LazyCron to send payment-link emails to eligible abandoned checkouts.,Използва ProcessWire LazyCron за изпращане на имейли с връзка за плащане до допустими изоставени поръчки.,,site/modules/Mercato/src/MercatoConfigInputfields.php,5d5d90fbc68cb07cd988f0fb98dec292
"Uses the shipping price configured on products, unless the free-shipping threshold is met.","Използва цената за доставка, конфигурирана на продуктите, освен ако не е достигнат прагът за безплатна доставка.",,site/modules/Mercato/src/MercatoConfigInputfields.php,48f428077d6881fb1045994f78477e5e
"Variables: {invoice}, {customer}, {fulfilment_details}, {order_status_link}, {policy_links}.","Променливи: {invoice}, {customer}, {fulfilment_details}, {order_status_link}, {policy_links}.",,site/modules/Mercato/src/MercatoConfigInputfields.php,baf9c1fc72ac545de73515b9b72152f8
"Variables: {invoice}, {customer}, {total}, {currency}.","Променливи: {invoice}, {customer}, {total}, {currency}.",,site/modules/Mercato/src/MercatoConfigInputfields.php,084ddf71a8cc84804508c3e87207941c
"Variables: {invoice}, {customer}, {total}, {payment_link}.","Променливи: {invoice}, {customer}, {total}, {payment_link}.",,site/modules/Mercato/src/MercatoConfigInputfields.php,0917262c14f1309f2471f4cc742a9ff0
"Variables: {invoice}, {customer}, {tracking}, {tracking_url}.","Променливи: {invoice}, {customer}, {tracking}, {tracking_url}.",,site/modules/Mercato/src/MercatoConfigInputfields.php,f7b0bd86d17427c3974821b03b475870
Webhook payload retention,Съхранение на webhook съдържание,,site/modules/Mercato/src/MercatoConfigInputfields.php,2242c010648a6672b3b05ba410ffc7da
Webhook Signing Secret (whsec_...),Подписващ секрет на Webhook (whsec_...),,site/modules/Mercato/src/MercatoConfigInputfields.php,f6e198d83a2f9570e678a328de0c4e6c
"When enabled, live gateway keys are used instead of test keys.","Когато е активирано, се използват реални ключове на доставчика вместо тестови.",,site/modules/Mercato/src/MercatoConfigInputfields.php,4269282a1058f9df88139b3305598709
"While Mercato production mode is off, use the Mollie Test API key, complete a test checkout, and verify the Webhooks tab before switching to live mode.","Докато продукционният режим на Mercato е изключен, използвайте тестовия API ключ на Mollie, завършете тестово плащане и проверете раздела Webhooks преди да превключите на реален режим.",,site/modules/Mercato/src/MercatoConfigInputfields.php,953d9ca3a222b262ab35294768cd3c90
%d critical live payment setting(s) are missing.,Липсват %d критична(и) настройка(и) за реални плащания.,,site/modules/Mercato/src/MercatoConfigReadiness.php,47d9fc89128f13ea784d97a73d56f661
Checkout policy pages,Страници с политики при плащане,,site/modules/Mercato/src/MercatoConfigReadiness.php,c66394c5a2251ef26258eaf8beb01aee
Critical live payment settings are present.,Критичните настройки за реални плащания са налични.,,site/modules/Mercato/src/MercatoConfigReadiness.php,ac5feec9a0772389af6c9cdfe4ef454e
Customer email sender,Изпращач на имейл до клиента,,site/modules/Mercato/src/MercatoConfigReadiness.php,d757b534a37bc2f17d103919b4e35438
Mollie live API key,Реален API ключ на Mollie,,site/modules/Mercato/src/MercatoConfigReadiness.php,426d5d96277aca35d00bffa441f51465
PayPal live client ID,Реален client ID на PayPal,,site/modules/Mercato/src/MercatoConfigReadiness.php,170deeabcd72805904011362a5f0f477
PayPal live secret,Реален секрет на PayPal,,site/modules/Mercato/src/MercatoConfigReadiness.php,c0f5081c136fb28a72ff1b85cdaef40a
PayPal live webhook ID,Реален webhook ID на PayPal,,site/modules/Mercato/src/MercatoConfigReadiness.php,e16f2424387799631112baabd5a58e6b
Production mode is disabled.,Продукционният режим е деактивиран.,,site/modules/Mercato/src/MercatoConfigReadiness.php,5908e6f6288b8f390e44a08bd4822012
Production mode is enabled.,Продукционният режим е активиран.,,site/modules/Mercato/src/MercatoConfigReadiness.php,b2897636619942c0047aeec70f5a6fd3
recommended before launch,препоръчано преди стартиране,,site/modules/Mercato/src/MercatoConfigReadiness.php,0b90909005432dcd7150754a8f2159c1
required before taking live payments,необходимо преди приемане на реални плащания,,site/modules/Mercato/src/MercatoConfigReadiness.php,92e0047c5e0b7c718db3e5eaf3be0981
Seller/legal receipt details,Данни за продавача/юридически данни за разписката,,site/modules/Mercato/src/MercatoConfigReadiness.php,3e648a6f2739df37601fa50aac3814c7
Stripe live publishable key,Реален публичен ключ на Stripe,,site/modules/Mercato/src/MercatoConfigReadiness.php,956a014db0a26a969e85f5ce4a67bfbe
Stripe live secret key,Реален секретен ключ на Stripe,,site/modules/Mercato/src/MercatoConfigReadiness.php,2e76bc20058c1f22857dbe5137b6f014
Stripe webhook signing secret,Подписващ секрет на Stripe webhook,,site/modules/Mercato/src/MercatoConfigReadiness.php,31dd8044d7132b53d0f088f332c2ac4c
%d day(s),%d ден(дни),,site/modules/Mercato/src/Admin/ProcessMercatoAdminHelpers.php,e4eee1833a36fe43796d6f922e45c827
%d expired reservation(s).,%d изтекла(и) резервация(и),,site/modules/Mercato/src/Admin/ProcessMercatoAdminHelpers.php,0741a052215e3f1424c7996c5776345c
%d hour(s),%d час(а),,site/modules/Mercato/src/Admin/ProcessMercatoAdminHelpers.php,f6639bee09d7c4d268b9aca123a55b8e
%d item(s) are preorder items.,%d артикул(а) са с предварителна поръчка.,,site/modules/Mercato/src/Admin/ProcessMercatoAdminHelpers.php,d3e0d312d12bb60d5e3ed1596d94dfa1
%d item(s) need backorder handling.,%d артикул(а) се нуждаят от обработка на задължение при изчерпване.,,site/modules/Mercato/src/Admin/ProcessMercatoAdminHelpers.php,2e8ebe806b8ad6825326c2196c04ec18
"%d low-stock product(s), %d expired reservation(s).","%d продукт(и) с ниска наличност, %d изтекла(и) резервация(и).",,site/modules/Mercato/src/Admin/ProcessMercatoAdminHelpers.php,b906940f0a6d56a03a75af113cc62640
%d minute(s),%d минута(и),,site/modules/Mercato/src/Admin/ProcessMercatoAdminHelpers.php,0b1f768d1905be10af546ee0ce7cb56c
"A compact queue of payment, refund, fulfilment, and stock work that may need action.","Компактна опашка от задачи по плащания, възстановявания, изпълнение и наличности, които може да изискват действие.",,site/modules/Mercato/src/Admin/ProcessMercatoAdminHelpers.php,f762743fbcc2af4bdcfdd87a1ee5ae6b
Accepted,Приета,,site/modules/Mercato/src/Admin/ProcessMercatoAdminHelpers.php,382ab522931673c11e398ead1b7b1678
Access denied,Достъпът е отказан,,site/modules/Mercato/src/Admin/ProcessMercatoAdminHelpers.php,08de2fdaabcd120b8ca1388d21179921
Add Product,Добавяне на продукт,,site/modules/Mercato/src/Admin/ProcessMercatoAdminHelpers.php,f06cdf0d376cf800a466db88d8886a79
Adjusted,Коригирано,,site/modules/Mercato/src/Admin/ProcessMercatoAdminHelpers.php,d369707e750af93e50dedd9f536fcabc
"All orders, including pending.","Всички поръчки, включително чакащите.",,site/modules/Mercato/src/Admin/ProcessMercatoAdminHelpers.php,28c6ced3f40e0e95369785f2465ba784
Attention,Внимание,,site/modules/Mercato/src/Admin/ProcessMercatoAdminHelpers.php,2aa97e44cace7cb882c9dcba32940f8f
Awaiting gateway.,Изчаква платежния доставчик.,,site/modules/Mercato/src/Admin/ProcessMercatoAdminHelpers.php,d8d0ba486fe6df84ca62b45f0b2bbe77
Awaiting manual fulfilment.,Изчаква ръчно изпълнение.,,site/modules/Mercato/src/Admin/ProcessMercatoAdminHelpers.php,4d7ed619d3e8fcf7e3151369a3ec7a63
Awaiting payment.,Изчаква плащане.,,site/modules/Mercato/src/Admin/ProcessMercatoAdminHelpers.php,b5e6754af9fb6eb789f5fca5d2d970ed
Backorder,Задължение при изчерпване,,site/modules/Mercato/src/Admin/ProcessMercatoAdminHelpers.php,ac52934d2cc3e2258351c4aed9e46e4f
Canceled,Отказана,,site/modules/Mercato/src/Admin/ProcessMercatoAdminHelpers.php,0e22fe7d45f8e5632a4abf369b24e29c
Canceled before payment.,Отказана преди плащане.,,site/modules/Mercato/src/Admin/ProcessMercatoAdminHelpers.php,1da4a335bce70069b54b87788476cbb1
Captured,Прихваната,,site/modules/Mercato/src/Admin/ProcessMercatoAdminHelpers.php,b8786828a1c422c20e2ce788075a732a
Carrier reference,Референция на куриера,,site/modules/Mercato/src/Admin/ProcessMercatoAdminHelpers.php,148e73e5d98196c3f5ef609399ba54fe
Collected,Събрано,,site/modules/Mercato/src/Admin/ProcessMercatoAdminHelpers.php,81e91be8db96be69e372f0c715ec7444
Commerce,Търговия,,site/modules/Mercato/src/Admin/ProcessMercatoAdminHelpers.php,b9738d67b89dfc782746d4a9cf4a1093
Courier / delivery notes,Бележки за куриер / доставка,,site/modules/Mercato/src/Admin/ProcessMercatoAdminHelpers.php,bfaf50b758513444e935b28c20d47c52
Courier / driver,Куриер / шофьор,,site/modules/Mercato/src/Admin/ProcessMercatoAdminHelpers.php,92f85a2157d6a44e44a4a7559e14ca5c
Currency,Валута,,site/modules/Mercato/src/Admin/ProcessMercatoAdminHelpers.php,386c339d37e737a436499d423a77df0c
Customers,Клиенти,,site/modules/Mercato/src/Admin/ProcessMercatoAdminHelpers.php,e6d0e1c8fc6a4fcf47869df87e04cd88
Dashboard,Табло,,site/modules/Mercato/src/Admin/ProcessMercatoAdminHelpers.php,2938c7f7e560ed972f8a4f68e80ff834
Delivered,Доставена,,site/modules/Mercato/src/Admin/ProcessMercatoAdminHelpers.php,67edd3b99247c9eb5884a02802a20fa7
Delivery,Доставка,,site/modules/Mercato/src/Admin/ProcessMercatoAdminHelpers.php,065ab3a28ca4f16f55f103adc7d0226f
Delivery %d / pickup %d / local %d.,Доставка %d / вземане от място %d / локална %d.,,site/modules/Mercato/src/Admin/ProcessMercatoAdminHelpers.php,3ad086a369fd2937f52d80eeea3ca49f
Detail,Детайл,,site/modules/Mercato/src/Admin/ProcessMercatoAdminHelpers.php,a254c25adc7d10d7e9c4889484f875a5
Discounts,Отстъпки,,site/modules/Mercato/src/Admin/ProcessMercatoAdminHelpers.php,9d5bf15117441a1b52eb1f0808e4aad3
Edit,Редактиране,,site/modules/Mercato/src/Admin/ProcessMercatoAdminHelpers.php,7dce122004969d56ae2e0245cb754d35
Expired,Изтекла,,site/modules/Mercato/src/Admin/ProcessMercatoAdminHelpers.php,24fe48030f7d3097d5882535b04c3fa8
Failed,Неуспешна,,site/modules/Mercato/src/Admin/ProcessMercatoAdminHelpers.php,d7c8c85bf79bbe1b7188497c32c3b0ca
Failed or expired.,Неуспешна или изтекла.,,site/modules/Mercato/src/Admin/ProcessMercatoAdminHelpers.php,d593b7c268e7e54f324cbd0d986ca5b3
Failed payments,Неуспешни плащания,,site/modules/Mercato/src/Admin/ProcessMercatoAdminHelpers.php,9f87a7486369e6256a6c2b3d89b14112
Fulfilled,Изпълнена,,site/modules/Mercato/src/Admin/ProcessMercatoAdminHelpers.php,2a6de846fd07e369786e3f5b41e20455
Fulfilment,Изпълнение,,site/modules/Mercato/src/Admin/ProcessMercatoAdminHelpers.php,e6780ac40081103092aa3edcd68ab644
Fulfilment status,Статус на изпълнение,,site/modules/Mercato/src/Admin/ProcessMercatoAdminHelpers.php,31594ce98cd955412ce2285e404517cd
Fulfilment work,Работа по изпълнение,,site/modules/Mercato/src/Admin/ProcessMercatoAdminHelpers.php,8ee81dafa6b6befd6ff3fb3d81111547
Inventory,Инвентар,,site/modules/Mercato/src/Admin/ProcessMercatoAdminHelpers.php,4d604dd8f008145471dc845683399189
Inventory adjusted.,Наличността е коригирана.,,site/modules/Mercato/src/Admin/ProcessMercatoAdminHelpers.php,4b2b9e0e5c97e5a442a7d3c56bf11f45
Label URL,URL адрес на етикет,,site/modules/Mercato/src/Admin/ProcessMercatoAdminHelpers.php,0dbe844fb964d5eca2f51be724e43294
Launch,Стартиране,,site/modules/Mercato/src/Admin/ProcessMercatoAdminHelpers.php,9506f0fd0f7f1b07960b15b4c9e68d1a
Low stock,Ниска наличност,,site/modules/Mercato/src/Admin/ProcessMercatoAdminHelpers.php,7e2525a11bd12b7925456dae1e15ccc3
Low-stock products need review.,Продуктите с ниска наличност се нуждаят от преглед.,,site/modules/Mercato/src/Admin/ProcessMercatoAdminHelpers.php,a1b591c32596207eb3d9d4b2875a4e00
Manual fulfilment status.,Ръчен статус на изпълнение.,,site/modules/Mercato/src/Admin/ProcessMercatoAdminHelpers.php,620b6ad05fd8ac979aae6959b09491e7
Manual Order,Ръчна поръчка,,site/modules/Mercato/src/Admin/ProcessMercatoAdminHelpers.php,ef6e3146ad2c182a5959d36d844f9e86
Missing permission: %s,Липсващо право: %s,,site/modules/Mercato/src/Admin/ProcessMercatoAdminHelpers.php,525251bed7edd180f8ef54f6a78a98ac
No active fulfilment work.,Няма активна работа по изпълнение.,,site/modules/Mercato/src/Admin/ProcessMercatoAdminHelpers.php,f73aa2801a458c9c5af0c7d2961ef51d
No failed payments.,Няма неуспешни плащания.,,site/modules/Mercato/src/Admin/ProcessMercatoAdminHelpers.php,cfe3b924dd597cdcb270d4fc09f99227
No pending refunds.,Няма чакащи възстановявания.,,site/modules/Mercato/src/Admin/ProcessMercatoAdminHelpers.php,2a176b2be4a5db6b8ff355dd38fe73a0
Not recorded,Не е регистрирано,,site/modules/Mercato/src/Admin/ProcessMercatoAdminHelpers.php,683ff6e96017de22dea0cd695afa4566
Notes,Бележки,,site/modules/Mercato/src/Admin/ProcessMercatoAdminHelpers.php,f4c6f851b00d5518bf888815de279aba
Open value,Отворена стойност,,site/modules/Mercato/src/Admin/ProcessMercatoAdminHelpers.php,d81b135a9ba813779e8a735d4a05ad10
Operations Attention,Внимание към операциите,,site/modules/Mercato/src/Admin/ProcessMercatoAdminHelpers.php,3ce60899e06364b158382961e2500348
Orders,Поръчки,,site/modules/Mercato/src/Admin/ProcessMercatoAdminHelpers.php,7442e29d7d53e549b78d93c46b8cdcfc
Orders marked payment complete.,"Поръчки, отбелязани като платени.",,site/modules/Mercato/src/Admin/ProcessMercatoAdminHelpers.php,0d6d47f84a5435fa35ff15aa312136b2
"Orders, payment status, and recent commerce activity.","Поръчки, статус на плащане и скорошна търговска активност.",,site/modules/Mercato/src/Admin/ProcessMercatoAdminHelpers.php,49bc09a778fca3a8340b2ea8274d0d4e
Out for delivery,Изпратена за доставка,,site/modules/Mercato/src/Admin/ProcessMercatoAdminHelpers.php,300fef4bf740692f50ea2f93a35e7082
Paid,Платена,,site/modules/Mercato/src/Admin/ProcessMercatoAdminHelpers.php,e0010a0a1a3259ab5c06a19bad532851
Paid order total.,Обща сума на платена поръчка.,,site/modules/Mercato/src/Admin/ProcessMercatoAdminHelpers.php,a06a352f8074b647bdd91bc6fad4e9cf
Partially fulfilled,Частично изпълнена,,site/modules/Mercato/src/Admin/ProcessMercatoAdminHelpers.php,d0eca7fdbd996e90a30d6f0f54a5f4c6
Payment Attempts,Опити за плащане,,site/modules/Mercato/src/Admin/ProcessMercatoAdminHelpers.php,e4ba582ac4d08b27e376d082c73e3259
Payment is not complete.,Плащането не е завършено.,,site/modules/Mercato/src/Admin/ProcessMercatoAdminHelpers.php,cef944f6ce8df3bd1813a84c07dd704d
Pending,Чакаща,,site/modules/Mercato/src/Admin/ProcessMercatoAdminHelpers.php,2d13df6f8b5e4c5af9f87e0dc39df69d
Pending + processing.,Чакащи + в обработка.,,site/modules/Mercato/src/Admin/ProcessMercatoAdminHelpers.php,2089352179c5ab139f13a8b0cda3be12
Pending refunds,Чакащи възстановявания,,site/modules/Mercato/src/Admin/ProcessMercatoAdminHelpers.php,7b832502e4b04c44f6e673198a559069
Pickup notes,Бележки за вземане от място,,site/modules/Mercato/src/Admin/ProcessMercatoAdminHelpers.php,27b1542f734d2d7d5cce020f9f712b47
Preorder,Предварителна поръчка,,site/modules/Mercato/src/Admin/ProcessMercatoAdminHelpers.php,5be8b098f9b79cf3b18767ffc5ecd169
Processing,В обработка,,site/modules/Mercato/src/Admin/ProcessMercatoAdminHelpers.php,643562a9ae7099c8aabfdc93478db117
Products,Продукти,,site/modules/Mercato/src/Admin/ProcessMercatoAdminHelpers.php,068f80c7519d0528fb08e82137a72131
Products at or below threshold.,Продукти на или под прага.,,site/modules/Mercato/src/Admin/ProcessMercatoAdminHelpers.php,566b65abe7bb6cc34feead8f578e3266
Proof of delivery,Доказателство за доставка,,site/modules/Mercato/src/Admin/ProcessMercatoAdminHelpers.php,369f9765f71bb0bf67b24bcb68f7e716
Provider confirmation needed.,Необходимо е потвърждение от доставчика.,,site/modules/Mercato/src/Admin/ProcessMercatoAdminHelpers.php,b589378480c4ac913d81a840e74f47da
Published and unpublished products.,Публикувани и непубликувани продукти.,,site/modules/Mercato/src/Admin/ProcessMercatoAdminHelpers.php,0ce83740b92f83571c068492c3457b43
Ready,Готово,,site/modules/Mercato/src/Admin/ProcessMercatoAdminHelpers.php,e7d31fc0602fb2ede144d18cdffd816b
Ready for pickup,Готово за вземане,,site/modules/Mercato/src/Admin/ProcessMercatoAdminHelpers.php,5336bebf821f868944fe21a3c9df9d5c
Recovery,Възстановяване,,site/modules/Mercato/src/Admin/ProcessMercatoAdminHelpers.php,d8afbc541b39d23648c823057cffe3a5
Refunds,Възстановявания,,site/modules/Mercato/src/Admin/ProcessMercatoAdminHelpers.php,53beb26d8bca00f56fbd295fdee83459
Reports,Отчети,,site/modules/Mercato/src/Admin/ProcessMercatoAdminHelpers.php,c91c7b93c28cd18741b71f727ee81ee3
Reserved,Резервирано,,site/modules/Mercato/src/Admin/ProcessMercatoAdminHelpers.php,942d4e37dd5607ab68e54755540d4a47
Returned,Върната,,site/modules/Mercato/src/Admin/ProcessMercatoAdminHelpers.php,fdfac28b5ad628f25649d9c2eb4fc62e
Revenue,Приход,,site/modules/Mercato/src/Admin/ProcessMercatoAdminHelpers.php,54358a914f51e1af19df8520159fe607
Review failed orders or recovery.,Прегледайте неуспешните поръчки или възстановяването.,,site/modules/Mercato/src/Admin/ProcessMercatoAdminHelpers.php,ef43e19cfda5c2d33b579630d0d95867
Save,Запази,,site/modules/Mercato/src/Admin/ProcessMercatoAdminHelpers.php,c9cc8cce247e49bae79f15173ce97354
Search,Търсене,,site/modules/Mercato/src/Admin/ProcessMercatoAdminHelpers.php,13348442cc6a27032d2b4aa28b75a5d3
Send delivery email,Изпращане на имейл за доставка,,site/modules/Mercato/src/Admin/ProcessMercatoAdminHelpers.php,d2b7f980332cd2d5077fc262c115a448
Send pickup email,Изпращане на имейл за вземане,,site/modules/Mercato/src/Admin/ProcessMercatoAdminHelpers.php,2207920bdf793b33b1904c635eb905a1
Send shipping email,Изпращане на имейл за доставка,,site/modules/Mercato/src/Admin/ProcessMercatoAdminHelpers.php,64cc7ac09233bf45a2d6e4a126df57d6
Settings,Настройки,,site/modules/Mercato/src/Admin/ProcessMercatoAdminHelpers.php,f4f70727dc34561dfde1a3c529b6205c
Shipped,Изпратена,,site/modules/Mercato/src/Admin/ProcessMercatoAdminHelpers.php,747cf5c8587184b9e489ff897d97c20d
Stock attention,Внимание към наличността,,site/modules/Mercato/src/Admin/ProcessMercatoAdminHelpers.php,57a3859f33b76fffbd48ce9c184aa0f5
Stock looks clear.,Наличност: ниска-висока,,site/modules/Mercato/src/Admin/ProcessMercatoAdminHelpers.php,21dc748969cd56fbcf08e7716906f852
Store pickup,Вземане от магазина,,site/modules/Mercato/src/Admin/ProcessMercatoAdminHelpers.php,7acd148468a59641357e7ea01a28deec
"This Mercato action requires the ""%s"" permission.",Това действие в Mercato изисква право „%s“.,,site/modules/Mercato/src/Admin/ProcessMercatoAdminHelpers.php,cea52c4391e04f49c02611e826a9766c
Timeline,Хронология,,site/modules/Mercato/src/Admin/ProcessMercatoAdminHelpers.php,3d1f92a565d3b1a61880236e33c49bf3
Tracking,Проследяване,,site/modules/Mercato/src/Admin/ProcessMercatoAdminHelpers.php,2205dc082ba550b67ad71e3e2241d9a6
Tracking URL,URL адрес за проследяване,,site/modules/Mercato/src/Admin/ProcessMercatoAdminHelpers.php,0979779c4569141b98591d326d343ec2
Tracking: %s,Проследяване: %s,,site/modules/Mercato/src/Admin/ProcessMercatoAdminHelpers.php,ae43f43c40307720beffd481e49886be
Unfulfilled,Неизпълнена,,site/modules/Mercato/src/Admin/ProcessMercatoAdminHelpers.php,41cdc540f6e9f854bdc9e7b741a9ebfe
Waiting,Изчакване,,site/modules/Mercato/src/Admin/ProcessMercatoAdminHelpers.php,5706de961fb376d701be6e7762d8b09c
Webhooks,Webhooks,,site/modules/Mercato/src/Admin/ProcessMercatoAdminHelpers.php,221d2a347ebfc15d48665188f639d1cb
"CSV import %s: price %s -> %s, stock %s -> %s, %d image(s).","Импорт от CSV %s: цена %s -> %s, наличност %s -> %s, %d изображение(я).",,site/modules/Mercato/src/Admin/ProcessMercatoEventReaders.php,a1eab8bd42197c2f44cb61f45f714bf7
Duplicated from #%d %s with %d image(s).,Дублиран от #%d %s с %d изображение(я).,,site/modules/Mercato/src/Admin/ProcessMercatoEventReaders.php,1f6a90480ad1b24fbb82504eea2b0f66
Manual page edit changed: %s.,Ръчна редакция на страница промени: %s.,,site/modules/Mercato/src/Admin/ProcessMercatoEventReaders.php,d685c56cbc012ca9e9646665a7826fc9
Manual page edit.,Ръчна редакция на страница.,,site/modules/Mercato/src/Admin/ProcessMercatoEventReaders.php,84e79851909f7cf0e690a8d30e3472df
Policy %s: %s -> %s.,Политика %s: %s -> %s.,,site/modules/Mercato/src/Admin/ProcessMercatoEventReaders.php,2f867d923de3ca150621bb710d24be41
Price %s: %s -> %s.,Цена %s: %s -> %s.,,site/modules/Mercato/src/Admin/ProcessMercatoEventReaders.php,e5189b8ff49ba5682a581f3aed6b7360
Product detail quick update changed: %s.,Бързата актуализация на детайлите на продукта промени: %s.,,site/modules/Mercato/src/Admin/ProcessMercatoEventReaders.php,d8955d9bd4f868ccab312c432472192a
Product detail quick update saved without field changes.,Бързата актуализация на детайлите на продукта е запазена без промени в полетата.,,site/modules/Mercato/src/Admin/ProcessMercatoEventReaders.php,0aab58b927a93672f1c36ca6f1e4d348
Product status %s: %s -> %s.,Статус на продукт %s: %s -> %s.,,site/modules/Mercato/src/Admin/ProcessMercatoEventReaders.php,b352c0442447e11c73547754598d6041
Status %s: %s -> %s.,Статус %s: %s -> %s.,,site/modules/Mercato/src/Admin/ProcessMercatoEventReaders.php,272d6657cbbed068f54508de4726736d
Stock changed by %+d%s.,Наличността се промени с %+d%s.,,site/modules/Mercato/src/Admin/ProcessMercatoEventReaders.php,82104044315dc9fab641a9fdc2b492c8
CSV header row is missing.,Липсва заглавен ред в CSV файла.,,site/modules/Mercato/src/Admin/ProcessMercatoImportCustomerReportData.php,e54de64fcecb138cdeb3036b94cbc3bc
Image source is unreadable: %s,Източникът на изображение не може да бъде прочетен: %s,,site/modules/Mercato/src/Admin/ProcessMercatoImportCustomerReportData.php,00f2e414c603e436eb4cc70552d4aa5b
Line %d: price must be numeric.,Ред %d: цената трябва да е числова.,,site/modules/Mercato/src/Admin/ProcessMercatoImportCustomerReportData.php,498e5b0122f55c8c5df547393f71cace
Line %d: title is required.,Ред %d: заглавието е задължително.,,site/modules/Mercato/src/Admin/ProcessMercatoImportCustomerReportData.php,9e1748a898b7ce11e91a630acd23ac74
Needs attention,Нуждае се от внимание,,site/modules/Mercato/src/Admin/ProcessMercatoImportCustomerReportData.php,d6f5722e464f95d8d6411841b90ee6d2
New,Нов,,site/modules/Mercato/src/Admin/ProcessMercatoImportCustomerReportData.php,03c2e7e41ffc181a4e84080b4710e81e
Paste CSV content before importing.,Поставете съдържанието на CSV преди импортиране.,,site/modules/Mercato/src/Admin/ProcessMercatoImportCustomerReportData.php,8d24321488da33192095fd76a70b988c
Products parent or mrc-product template is missing. Run the Mercato installer.,Родителската страница за продукти или шаблонът mrc-product липсва. Стартирайте инсталатора на Mercato.,,site/modules/Mercato/src/Admin/ProcessMercatoImportCustomerReportData.php,b172fad6a4045d820fbe7624557dc5ce
Repeat,Повторение,,site/modules/Mercato/src/Admin/ProcessMercatoImportCustomerReportData.php,7020426cfb0a204051be4b3053d2acc8
VIP,VIP,,site/modules/Mercato/src/Admin/ProcessMercatoImportCustomerReportData.php,5a11e0bd65af42743f1db2f10bcbba8e
Change framework,Промяна на фреймуърка,,site/modules/Mercato/src/Admin/ProcessMercatoLaunchExports.php,913e747ed6c7863bc3e75404e1a5003b
Configure fulfilment,Конфигуриране на изпълнението,,site/modules/Mercato/src/Admin/ProcessMercatoLaunchExports.php,4e81808597d37ecf4311c8145abfbd1c
Configure methods,Конфигуриране на методи,,site/modules/Mercato/src/Admin/ProcessMercatoLaunchExports.php,9f098ea532c0482cc2e85049025e3cfc
Edit currency,Редактиране на валута,,site/modules/Mercato/src/Admin/ProcessMercatoLaunchExports.php,bb665b0f701ba91a85e5240a5809508d
Email settings,Настройки на имейл,,site/modules/Mercato/src/Admin/ProcessMercatoLaunchExports.php,5386484801d01d2ece73fbc5f605f739
Gateway settings,Настройки на платежния доставчик,,site/modules/Mercato/src/Admin/ProcessMercatoLaunchExports.php,790a83218a99ea718dbd72417d0d8baa
Open,Отвори,,site/modules/Mercato/src/Admin/ProcessMercatoLaunchExports.php,c3bf447eabe632720a3aa1a7ce401274
Open discounts,Отвори отстъпките,,site/modules/Mercato/src/Admin/ProcessMercatoLaunchExports.php,eb1c6103e1cf366b3fe7e4ce1017d97f
Open products,Отвори продуктите,,site/modules/Mercato/src/Admin/ProcessMercatoLaunchExports.php,33f73604f72436a3c49a2cb3b870c073
Receipt settings,Настройки на разписката,,site/modules/Mercato/src/Admin/ProcessMercatoLaunchExports.php,cd76da8973722589768db78a92cae723
Review oversell products,Преглед на продукти със свръхпродажба,,site/modules/Mercato/src/Admin/ProcessMercatoLaunchExports.php,891b428da1bc9c5e130a60cff41cd734
Review products,Преглед на продукти,,site/modules/Mercato/src/Admin/ProcessMercatoLaunchExports.php,063fe591cea34098d3e30dbe74d3c814
Review roles,Преглед на роли,,site/modules/Mercato/src/Admin/ProcessMercatoLaunchExports.php,4b1070748337e0b1dc6cbf83ab8f7db6
Review settings,Преглед на настройки,,site/modules/Mercato/src/Admin/ProcessMercatoLaunchExports.php,0dd9a339c52287eaa3280fb956a07324
Select policies,Избор на политики,,site/modules/Mercato/src/Admin/ProcessMercatoLaunchExports.php,681ae83a5d728c5719a400e87a4f24ff
%d active coupon(s): %s,%d активен(активни) купон(и): %s,,site/modules/Mercato/src/Admin/ProcessMercatoLaunchPanels.php,f46fdc66de9b6ad85ffbb62740e3f652
%d commerce permission(s) and %d role preset(s) are ready.,%d права за търговия и %d готов(и) ролеви шаблон(и).,,site/modules/Mercato/src/Admin/ProcessMercatoLaunchPanels.php,dfd81e68676215df860e6295ebac1512
%d launch blocker(s),%d пречка(и) пред стартирането,,site/modules/Mercato/src/Admin/ProcessMercatoLaunchPanels.php,d6fbd5dfc0c43ee216c0a74d6fa6bd92
%d more item(s) in the full checklist below.,Още %d артикул(а) в пълния списък по-долу.,,site/modules/Mercato/src/Admin/ProcessMercatoLaunchPanels.php,a0db96ec5cad4201bb19afba79f93319
"%d ready, %d recommended, %d blocking","%d готови, %d препоръчани, %d блокиращи",,site/modules/Mercato/src/Admin/ProcessMercatoLaunchPanels.php,b801ccbaaf6bd09cf54d3af7439fe82e
%s lacks: %s,На %s липсва: %s,,site/modules/Mercato/src/Admin/ProcessMercatoLaunchPanels.php,dee5a778a7515149ae5d3ef47d421adc
15-minute shop setup,15-минутна настройка на магазина,,site/modules/Mercato/src/Admin/ProcessMercatoLaunchPanels.php,120d85adee628a3216f125b29b352bbc
Add products,Добавяне на продукти,,site/modules/Mercato/src/Admin/ProcessMercatoLaunchPanels.php,ea6fc12147e71d57bdd78ca17ca734ce
At least one sellable product with price and stock.,Поне един продукт за продажба с цена и наличност.,,site/modules/Mercato/src/Admin/ProcessMercatoLaunchPanels.php,89b00ba71f5d67007151a5c03c444ed0
Blocking,Блокиращо,,site/modules/Mercato/src/Admin/ProcessMercatoLaunchPanels.php,bd0ca6be53b0f3d2886fd53fcb52574e
Blocking remaining,Оставащи блокиращи,,site/modules/Mercato/src/Admin/ProcessMercatoLaunchPanels.php,b4dcdc7ecc3de92bf150d4815c71cd91
Checkout,Плащане,,site/modules/Mercato/src/Admin/ProcessMercatoLaunchPanels.php,6ff063fbc860a79759a7369ac32cee22
"Checkout, products, success, cancel, and orders pages.","Страници за плащане, продукти, успех, отказ и поръчки.",,site/modules/Mercato/src/Admin/ProcessMercatoLaunchPanels.php,e20f084e38cbc489f719c05e8389c234
Choose fulfilment,Избор на изпълнение,,site/modules/Mercato/src/Admin/ProcessMercatoLaunchPanels.php,9c8ca246d14a03fdb9f8e01a49838d62
Clear gateway setup,Изчистване на настройката на платежния доставчик,,site/modules/Mercato/src/Admin/ProcessMercatoLaunchPanels.php,c1f4259fbbd1149fc131b254449ff32e
Clear these before accepting real payments.,Изчистете тези преди да приемате реални плащания.,,site/modules/Mercato/src/Admin/ProcessMercatoLaunchPanels.php,4b930c885cb9ca1b963228b39a9b9121
Configure emails,Конфигуриране на имейли,,site/modules/Mercato/src/Admin/ProcessMercatoLaunchPanels.php,25896d3ca04b61783a425f1fd5dbe10f
Create a demo coupon such as WELCOME10 to validate checkout discounts.,"Създайте демо купон, например WELCOME10, за да проверите отстъпките при плащане.",,site/modules/Mercato/src/Admin/ProcessMercatoLaunchPanels.php,103249e85a90ab4d8e8482656f3916a2
Create demo order,Създаване на демо поръчка,,site/modules/Mercato/src/Admin/ProcessMercatoLaunchPanels.php,ca3ee81f645a6a542e93a07cd5d5552a
Create storefront pages,Създаване на страници на магазина,,site/modules/Mercato/src/Admin/ProcessMercatoLaunchPanels.php,faec7069126afa154d04b6e7e195a32a
Create WELCOME10,Създаване на WELCOME10,,site/modules/Mercato/src/Admin/ProcessMercatoLaunchPanels.php,40b8fdd7fc1d85efbb76e9fccd6ff5d4
Critical setup is ready. Review recommended tasks before going live.,Критичната настройка е готова. Прегледайте препоръчаните задачи преди пускане в реална експлоатация.,,site/modules/Mercato/src/Admin/ProcessMercatoLaunchPanels.php,34256144d36a60a858052bb46a722da2
Customer comms,Комуникация с клиента,,site/modules/Mercato/src/Admin/ProcessMercatoLaunchPanels.php,41a8d65646acd4b4bd744f833951412c
"Delivery, pickup, or local delivery available at checkout.","Доставка, вземане от място или локална доставка, налични при плащане.",,site/modules/Mercato/src/Admin/ProcessMercatoLaunchPanels.php,2bc140b3e8e12820f440b62ab51cb9f8
Demo fulfilment method,Демо метод за изпълнение,,site/modules/Mercato/src/Admin/ProcessMercatoLaunchPanels.php,2e7436d25671323201a91d10cef0cf4f
Demo order creation is disabled while production mode is active.,"Създаването на демо поръчка е деактивирано, докато продукционният режим е активен.",,site/modules/Mercato/src/Admin/ProcessMercatoLaunchPanels.php,6dd71f698dc13475660112eaf648bf7a
"Demo, Stripe, Mollie, or PayPal method selected for checkout.","Избран метод Demo, Stripe, Mollie или PayPal за плащане.",,site/modules/Mercato/src/Admin/ProcessMercatoLaunchPanels.php,09abc6157dd8deb5bef3769df6a5c401
Discount template is missing. Run installer/repair first.,Липсва шаблон за отстъпка. Първо стартирайте инсталатора/поправката.,,site/modules/Mercato/src/Admin/ProcessMercatoLaunchPanels.php,580c57cd4ec5f875b26999973c97b22f
"Enable a full test checkout with Demo Payment, or create paid workflow fixtures without contacting a gateway or changing stock. Demo checkout payments follow normal stock updates.",Активирайте пълно тестово плащане с демо плащане или създайте фиксации на платен работен процес без да се свързвате с платежен доставчик или да променяте наличността. Демо плащанията следват нормалните актуализации на наличността.,,site/modules/Mercato/src/Admin/ProcessMercatoLaunchPanels.php,e9a493b0c29658815fabcf16e379590f
Enable demo checkout flow,Активиране на демо процес на плащане,,site/modules/Mercato/src/Admin/ProcessMercatoLaunchPanels.php,22bdb897ef67a3ab5526700d27860faa
Enable payments,Активиране на плащания,,site/modules/Mercato/src/Admin/ProcessMercatoLaunchPanels.php,bf3f3521263aac001fe6707102df89d6
Enabled gateways have required setup data.,Активираните платежни доставчици разполагат с необходимите данни за настройка.,,site/modules/Mercato/src/Admin/ProcessMercatoLaunchPanels.php,104e3f1330945164cc545d7bd88edc3f
Export checklist,Експортиране на списъка за проверка,,site/modules/Mercato/src/Admin/ProcessMercatoLaunchPanels.php,af80e73de20e318c3a21bd977b937dd2
Export summary,Експортиране на обобщение,,site/modules/Mercato/src/Admin/ProcessMercatoLaunchPanels.php,33a878654c1bae312396821ff6131cdb
Follow these steps to move from install to a safe first test payment.,"Следвайте тези стъпки, за да преминете от инсталиране към безопасно първо тестово плащане.",,site/modules/Mercato/src/Admin/ProcessMercatoLaunchPanels.php,2c59ecb5e9648045129e9adac4597ea3
Gateway issues,Проблеми с платежния доставчик,,site/modules/Mercato/src/Admin/ProcessMercatoLaunchPanels.php,2349ca33f3ac7427c7117bceff43ec06
Gateway settings,Настройки на платежния доставчик,,site/modules/Mercato/src/Admin/ProcessMercatoLaunchPanels.php,790a83218a99ea718dbd72417d0d8baa
Gateways,Платежни доставчици,,site/modules/Mercato/src/Admin/ProcessMercatoLaunchPanels.php,f4bb39e6340915be908d4b0121d6a05a
Guided launch phases,Ръководени фази на стартиране,,site/modules/Mercato/src/Admin/ProcessMercatoLaunchPanels.php,6b3df1d86055b16605b6a3ea202c872d
Launch Checklist,Списък за проверка при стартиране,,site/modules/Mercato/src/Admin/ProcessMercatoLaunchPanels.php,d45778641d894e24faaad58821dedcb2
Launch score,Резултат за стартиране,,site/modules/Mercato/src/Admin/ProcessMercatoLaunchPanels.php,1513a109106891142bcdb6abf26fa6ed
"Live keys, webhook secrets, and provider setup for enabled gateways.","Реални ключове, webhook секрети и настройка на доставчика за активираните платежни доставчици.",,site/modules/Mercato/src/Admin/ProcessMercatoLaunchPanels.php,177615efd0bf07189888fdb15141fd48
Missing permissions: %s,Липсващи права: %s,,site/modules/Mercato/src/Admin/ProcessMercatoLaunchPanels.php,73b8adcad71e638c49bca9d1399acc41
Missing roles: %s,Липсващи роли: %s,,site/modules/Mercato/src/Admin/ProcessMercatoLaunchPanels.php,a9a05971d514fc240ff2bc25c180694d
Needed,Необходимо,,site/modules/Mercato/src/Admin/ProcessMercatoLaunchPanels.php,b288888cef12f86d1cf54c61df6c59af
Next actions,Следващи действия,,site/modules/Mercato/src/Admin/ProcessMercatoLaunchPanels.php,3911c09388680565603bf3f4d39389fa
No blocking tasks remain.,Не остават блокиращи задачи.,,site/modules/Mercato/src/Admin/ProcessMercatoLaunchPanels.php,1b44d0a8f339fe7fd4b6ec917d8956ca
No launch blockers,Няма пречки пред стартирането,,site/modules/Mercato/src/Admin/ProcessMercatoLaunchPanels.php,06b0dc8bd55dba01c863276929fd5f1a
No recommended gaps remain.,Не остават препоръчани пропуски.,,site/modules/Mercato/src/Admin/ProcessMercatoLaunchPanels.php,496a7347b7f77938fbd9ea8ec97e72c0
of %d ready,от %d готови,,site/modules/Mercato/src/Admin/ProcessMercatoLaunchPanels.php,f8b154d3f45d62e46f768b28f2d144ef
Open,Отвори,,site/modules/Mercato/src/Admin/ProcessMercatoLaunchPanels.php,c3bf447eabe632720a3aa1a7ce401274
Open checkout,Отвори плащането,,site/modules/Mercato/src/Admin/ProcessMercatoLaunchPanels.php,6b2258cd947ad1762248bab124cb598c
Open discounts,Отвори отстъпките,,site/modules/Mercato/src/Admin/ProcessMercatoLaunchPanels.php,eb1c6103e1cf366b3fe7e4ce1017d97f
Open fulfilment queue,Отвори опашката за изпълнение,,site/modules/Mercato/src/Admin/ProcessMercatoLaunchPanels.php,7856b265249a4de90f047d80d6fa4d97
Open timeline,Отвори хронологията,,site/modules/Mercato/src/Admin/ProcessMercatoLaunchPanels.php,8d1ccb4da0cf164ff61758a9bee6caa7
Operational checks for going from install to first payment.,Оперативни проверки за преминаване от инсталиране към първо плащане.,,site/modules/Mercato/src/Admin/ProcessMercatoLaunchPanels.php,b7bf1ca05f634cb2c15df351abf045c3
Operations,Операции,,site/modules/Mercato/src/Admin/ProcessMercatoLaunchPanels.php,456d0deba6a86c9585590550c797502d
Payments,Плащания,,site/modules/Mercato/src/Admin/ProcessMercatoLaunchPanels.php,daef64964ee3b9b904f5d467586e217f
Products,Продукти,,site/modules/Mercato/src/Admin/ProcessMercatoLaunchPanels.php,068f80c7519d0528fb08e82137a72131
Quick start,Бърз старт,,site/modules/Mercato/src/Admin/ProcessMercatoLaunchPanels.php,06ad314b340900d226b1196e1fe289e9
Ready,Готово,,site/modules/Mercato/src/Admin/ProcessMercatoLaunchPanels.php,e7d31fc0602fb2ede144d18cdffd816b
Recommended,Препоръчано,,site/modules/Mercato/src/Admin/ProcessMercatoLaunchPanels.php,654866693fd91ce8e9764a218f569918
Recommended remaining,Оставащи препоръчани,,site/modules/Mercato/src/Admin/ProcessMercatoLaunchPanels.php,f5a622a0e33b0f26faca692f87410a8f
Release expired,Освобождаване на изтеклите,,site/modules/Mercato/src/Admin/ProcessMercatoLaunchPanels.php,059dca8c16b19b90b124b6abbf9060f3
Review mode settings,Преглед на настройките за режим,,site/modules/Mercato/src/Admin/ProcessMercatoLaunchPanels.php,5e22f5341aca80f6b4cf02a6dbc59e60
Sender address for confirmations and fulfilment updates.,Адрес на подателя за потвърждения и актуализации на изпълнението.,,site/modules/Mercato/src/Admin/ProcessMercatoLaunchPanels.php,0d73ff63a902155e365cd37bebee1c15
Setup path,Път за настройка,,site/modules/Mercato/src/Admin/ProcessMercatoLaunchPanels.php,6d036e0d7d51aa0974ab48df8b5f2138
Storefront,Витрина,,site/modules/Mercato/src/Admin/ProcessMercatoLaunchPanels.php,f0dca7e4eaedf573d4664be249845942
Test Workflow,Тестов работен процес,,site/modules/Mercato/src/Admin/ProcessMercatoLaunchPanels.php,e20804a197e99f4b9d1c0f64101df160
Warning,Предупреждение,,site/modules/Mercato/src/Admin/ProcessMercatoLaunchPanels.php,0eaadb4fcb48a0a0ed7bc9868be9fbaa
"Work left to right: storefront, payments, operations, then customer communication.","Работа отляво надясно: витрина, плащания, операции, след това комуникация с клиента.",,site/modules/Mercato/src/Admin/ProcessMercatoLaunchPanels.php,a22f16a45739e996f308c8041f337e94
%d in stock,%d в наличност,,site/modules/Mercato/src/Admin/ProcessMercatoOrderDetailPanels.php,2217968c20c9c0b1a43a75e09a3cb77d
A refund of %s is awaiting gateway confirmation. Do not issue another refund until it is reconciled.,"Възстановяване на сума от %s очаква потвърждение от платежния доставчик. Не издавайте друго възстановяване, докато то не бъде съгласувано.",,site/modules/Mercato/src/Admin/ProcessMercatoOrderDetailPanels.php,f283fb6585e3ddaea245cb1f9d52593d
Add an internal note...,Добавете вътрешна бележка...,,site/modules/Mercato/src/Admin/ProcessMercatoOrderDetailPanels.php,9091c8c5d0e0045758d162ef83e90fb8
Add note,Добавяне на бележка,,site/modules/Mercato/src/Admin/ProcessMercatoOrderDetailPanels.php,50cd1871f950375eef4e2efce35366c6
Add product,Добавяне на продукт,,site/modules/Mercato/src/Admin/ProcessMercatoOrderDetailPanels.php,11a738dd0c48f1401a059bca54bc119c
Add quantity,Добавяне на количество,,site/modules/Mercato/src/Admin/ProcessMercatoOrderDetailPanels.php,c17f584a1e2c7876e2d5e5efc4f47af4
Already refunded,Вече възстановено,,site/modules/Mercato/src/Admin/ProcessMercatoOrderDetailPanels.php,870f622f6c6e122fe3991dcfdafaf7be
Area,Област,,site/modules/Mercato/src/Admin/ProcessMercatoOrderDetailPanels.php,deec4ff19974f12ed781cb9a59064214
Audit reason,Причина за одит,,site/modules/Mercato/src/Admin/ProcessMercatoOrderDetailPanels.php,45b967ed59205fb1e7dfacfd21c44227
Billing address,Адрес за фактуриране,,site/modules/Mercato/src/Admin/ProcessMercatoOrderDetailPanels.php,1fbc7e5f1b92c7ec072397b59a0bb5da
Cancel unpaid order,Отказ на неплатена поръчка,,site/modules/Mercato/src/Admin/ProcessMercatoOrderDetailPanels.php,b8e6badfb14b54ae6808582ecce795bb
Canceled,Отказана,,site/modules/Mercato/src/Admin/ProcessMercatoOrderDetailPanels.php,0e22fe7d45f8e5632a4abf369b24e29c
Check refund status,Проверка на статуса на възстановяването,,site/modules/Mercato/src/Admin/ProcessMercatoOrderDetailPanels.php,dd570d0eff16d6f7d51f179609ba1f4c
Confirmation email is available after payment is marked paid.,"Потвърдителният имейл е достъпен, след като плащането бъде отбелязано като платено.",,site/modules/Mercato/src/Admin/ProcessMercatoOrderDetailPanels.php,1e793e4bd62fdc48e952ff016c5cc314
Context,Контекст,,site/modules/Mercato/src/Admin/ProcessMercatoOrderDetailPanels.php,ad4e206408c1c59bfb8a057ba7857446
Copy link,Копиране на връзка,,site/modules/Mercato/src/Admin/ProcessMercatoOrderDetailPanels.php,b75833669968adbef634495636e3fe50
Created,Създадено,,site/modules/Mercato/src/Admin/ProcessMercatoOrderDetailPanels.php,0eceeb45861f9585dd7a97a3e36f85c6
Current,Текущ,,site/modules/Mercato/src/Admin/ProcessMercatoOrderDetailPanels.php,222a267cc5778206b253be35ee3ddab5
Customer,Клиент,,site/modules/Mercato/src/Admin/ProcessMercatoOrderDetailPanels.php,ce26601dac0dea138b7295f02b7620a7
Customer Communication,Комуникация с клиента,,site/modules/Mercato/src/Admin/ProcessMercatoOrderDetailPanels.php,d55b9fdc8580fa306874c89485c41a07
Detail,Детайл,,site/modules/Mercato/src/Admin/ProcessMercatoOrderDetailPanels.php,a254c25adc7d10d7e9c4889484f875a5
Details,Детайли,,site/modules/Mercato/src/Admin/ProcessMercatoOrderDetailPanels.php,3ec365dd533ddb7ef3d1c111186ce872
Discount,Отстъпка,,site/modules/Mercato/src/Admin/ProcessMercatoOrderDetailPanels.php,104d9898c04874d0fbac36e125fa1369
Discount code,Код за отстъпка,,site/modules/Mercato/src/Admin/ProcessMercatoOrderDetailPanels.php,aa74397584da0fd719c7f349ba31e399
Edit,Редактиране,,site/modules/Mercato/src/Admin/ProcessMercatoOrderDetailPanels.php,7dce122004969d56ae2e0245cb754d35
Edit fields,Редактиране на полета,,site/modules/Mercato/src/Admin/ProcessMercatoOrderDetailPanels.php,4992df5851ac2d79e68d1cc380c15e00
Edit order,Редактиране на поръчка,,site/modules/Mercato/src/Admin/ProcessMercatoOrderDetailPanels.php,9cf04e2f8530c22778606cc3582999fa
Edit Unpaid Order,Редактиране на неплатена поръчка,,site/modules/Mercato/src/Admin/ProcessMercatoOrderDetailPanels.php,ca7bae82a323d8ddc173f58ea4ad2530
Email,Имейл,,site/modules/Mercato/src/Admin/ProcessMercatoOrderDetailPanels.php,ce8ae9da5b7cd6c3df2929543a9af92d
Email payment link,Изпращане на връзка за плащане по имейл,,site/modules/Mercato/src/Admin/ProcessMercatoOrderDetailPanels.php,b47fc5ae3626a3dc91f7f1ee2fd7e714
Error,Грешка,,site/modules/Mercato/src/Admin/ProcessMercatoOrderDetailPanels.php,902b0d55fddef6f8d651fe1035b7d4bd
Event,Събитие,,site/modules/Mercato/src/Admin/ProcessMercatoOrderDetailPanels.php,a4ecfc70574394990cf17bd83df499f7
Example: Confirmed in Mollie dashboard after delayed webhook.,Пример: Потвърдено в таблото на Mollie след забавен webhook.,,site/modules/Mercato/src/Admin/ProcessMercatoOrderDetailPanels.php,f6a8923265d5c48e3a9f99c9eb69c88e
Example: Customer requested return.,Пример: Клиентът поиска връщане.,,site/modules/Mercato/src/Admin/ProcessMercatoOrderDetailPanels.php,0d49aefdcce9f7a26ea7aef566544da0
Export order edits,Експортиране на редакции на поръчки,,site/modules/Mercato/src/Admin/ProcessMercatoOrderDetailPanels.php,0b628f52471f3656e6f65732f1340c67
Export order notes,Експортиране на бележки за поръчки,,site/modules/Mercato/src/Admin/ProcessMercatoOrderDetailPanels.php,7cf05315481fc50ad8f55a4049b398e8
Export payment audit,Експортиране на одит на плащания,,site/modules/Mercato/src/Admin/ProcessMercatoOrderDetailPanels.php,18f63d25e08022f593887033f7b513c0
Export refunds,Експортиране на възстановявания,,site/modules/Mercato/src/Admin/ProcessMercatoOrderDetailPanels.php,963b194ca8d3fafcd7c6330a47fd16cb
Failed,Неуспешна,,site/modules/Mercato/src/Admin/ProcessMercatoOrderDetailPanels.php,d7c8c85bf79bbe1b7188497c32c3b0ca
Failed at,Неуспешна на,,site/modules/Mercato/src/Admin/ProcessMercatoOrderDetailPanels.php,6ed9b7cf7ba3f2ac72482d9f19cf82b7
Failure reason,Причина за неуспех,,site/modules/Mercato/src/Admin/ProcessMercatoOrderDetailPanels.php,6b89eaa186376780dbd9b96ea3ab9cba
Fulfilment,Изпълнение,,site/modules/Mercato/src/Admin/ProcessMercatoOrderDetailPanels.php,e6780ac40081103092aa3edcd68ab644
Gateway,Платежен доставчик,,site/modules/Mercato/src/Admin/ProcessMercatoOrderDetailPanels.php,926dec9494209cb088b4962509df1a91
Gateway ID,ID на платежния доставчик,,site/modules/Mercato/src/Admin/ProcessMercatoOrderDetailPanels.php,a8bca2aa4841000dc3ccd3aaffb7a154
Gateway metadata / debug,Метаданни / debug на платежния доставчик,,site/modules/Mercato/src/Admin/ProcessMercatoOrderDetailPanels.php,5b28a905654e99d8e25267675360ebd0
Internal Notes,Вътрешни бележки,,site/modules/Mercato/src/Admin/ProcessMercatoOrderDetailPanels.php,8073feb31373eed50f74e18534a0e530
Inventory,Инвентар,,site/modules/Mercato/src/Admin/ProcessMercatoOrderDetailPanels.php,4d604dd8f008145471dc845683399189
Invoice,Фактура,,site/modules/Mercato/src/Admin/ProcessMercatoOrderDetailPanels.php,466eadd40b3c10580e3ab4e8061161ce
Issue refund,Издаване на възстановяване,,site/modules/Mercato/src/Admin/ProcessMercatoOrderDetailPanels.php,2dad3f1d9c61966cd982a8ce88095d87
Items,Артикули,,site/modules/Mercato/src/Admin/ProcessMercatoOrderDetailPanels.php,9dea4016dbcc290b773ab2fae678aaa8
Items and Totals,Артикули и суми,,site/modules/Mercato/src/Admin/ProcessMercatoOrderDetailPanels.php,f941e552a0b4a591ed2d1800a194ea48
Last refund request,Последна заявка за възстановяване,,site/modules/Mercato/src/Admin/ProcessMercatoOrderDetailPanels.php,680d9ece017590840faffd3069d82230
Last sent,Последно изпратено,,site/modules/Mercato/src/Admin/ProcessMercatoOrderDetailPanels.php,821de64e95c9882d2eb79b16d0800420
Latest Activity,Последна активност,,site/modules/Mercato/src/Admin/ProcessMercatoOrderDetailPanels.php,9977ab924c89e6c98b1cf1595354ada3
Legacy address,Стар адрес,,site/modules/Mercato/src/Admin/ProcessMercatoOrderDetailPanels.php,3711ffddfc2485e665ab96413efe0669
Line item,Ред от поръчка,,site/modules/Mercato/src/Admin/ProcessMercatoOrderDetailPanels.php,8d6c7b44d1823733fa9ce8fb28d9585d
Method,Метод,,site/modules/Mercato/src/Admin/ProcessMercatoOrderDetailPanels.php,4c3880bb027f159e801041b1021e88e8
Method details,Детайли на метода,,site/modules/Mercato/src/Admin/ProcessMercatoOrderDetailPanels.php,a4d79a6027489d167e6ac7d8f23ae165
Name,Име,,site/modules/Mercato/src/Admin/ProcessMercatoOrderDetailPanels.php,49ee3087348e8d44e1feda1917443987
New quantity,Ново количество,,site/modules/Mercato/src/Admin/ProcessMercatoOrderDetailPanels.php,37e539a0c7e659e38c6cdafea7003666
No activity is logged for this order.,За тази поръчка не е регистрирана активност.,,site/modules/Mercato/src/Admin/ProcessMercatoOrderDetailPanels.php,914933b1301a8eeb733cbaaf53175071
No item snapshot is stored for this order.,За тази поръчка не е съхранена снимка на артикулите.,,site/modules/Mercato/src/Admin/ProcessMercatoOrderDetailPanels.php,d2d315aecda5f67d5dd4f2065a27cec9
No orders yet.,Все още няма поръчки.,,site/modules/Mercato/src/Admin/ProcessMercatoOrderDetailPanels.php,5f46ae5457e3605c89a1fb994b79a2af
Not sent,Неизпратено,,site/modules/Mercato/src/Admin/ProcessMercatoOrderDetailPanels.php,3c8d5a29d8493af7344222d7767eb978
Notes,Бележки,,site/modules/Mercato/src/Admin/ProcessMercatoOrderDetailPanels.php,f4c6f851b00d5518bf888815de279aba
Open,Отвори,,site/modules/Mercato/src/Admin/ProcessMercatoOrderDetailPanels.php,c3bf447eabe632720a3aa1a7ce401274
Open customer profile,Отвори профила на клиента,,site/modules/Mercato/src/Admin/ProcessMercatoOrderDetailPanels.php,f1f343a916af8e936df249a261596276
Open payment link,Отвори връзката за плащане,,site/modules/Mercato/src/Admin/ProcessMercatoOrderDetailPanels.php,d0b2c3bdf72e9ff236216ab6d6d5ed25
Open PDF,Отвори PDF,,site/modules/Mercato/src/Admin/ProcessMercatoOrderDetailPanels.php,00df394e4d3282566c9ce2598c5d7867
Optional,По избор,,site/modules/Mercato/src/Admin/ProcessMercatoOrderDetailPanels.php,ebb061953c0454b2c8ee7b0ac615ebcd
Optional audit note. Example: Customer abandoned checkout.,По избор бележка за одит. Пример: Клиентът изостави поръчката.,,site/modules/Mercato/src/Admin/ProcessMercatoOrderDetailPanels.php,98525a168b53363004ce3a3ded589485
Optional product,По избор продукт,,site/modules/Mercato/src/Admin/ProcessMercatoOrderDetailPanels.php,7570eadbba79d6219415f7663646ec93
Order,Поръчка,,site/modules/Mercato/src/Admin/ProcessMercatoOrderDetailPanels.php,a240fa27925a635b08dc28c9e4f9216d
Order confirmation,Потвърждение на поръчка,,site/modules/Mercato/src/Admin/ProcessMercatoOrderDetailPanels.php,fb077ecba55e5552916bde26d8b9e794
Order detail,Детайли на поръчката,,site/modules/Mercato/src/Admin/ProcessMercatoOrderDetailPanels.php,1ed94d36d645c22f77807b47707e309b
Order status,Статус на поръчка,,site/modules/Mercato/src/Admin/ProcessMercatoOrderDetailPanels.php,57297718fdb439175177cf6b196172d1
Packing slip,Опаковъчен лист,,site/modules/Mercato/src/Admin/ProcessMercatoOrderDetailPanels.php,3c43d2c05c45b4109447e21047136ae3
Packing slip PDF,PDF на опаковъчен лист,,site/modules/Mercato/src/Admin/ProcessMercatoOrderDetailPanels.php,8140e74139627b25c2426538c6d3fe5e
Paid,Платена,,site/modules/Mercato/src/Admin/ProcessMercatoOrderDetailPanels.php,e0010a0a1a3259ab5c06a19bad532851
Paid date,Дата на плащане,,site/modules/Mercato/src/Admin/ProcessMercatoOrderDetailPanels.php,1b63769847b851d763c8a4c7fd465669
Payment,Плащане,,site/modules/Mercato/src/Admin/ProcessMercatoOrderDetailPanels.php,c453a4b8e8d98e82f35b67f433e3b4da
Payment confirmation receipts are sent automatically after a paid transition and can be resent here.,Разписките за потвърждение на плащане се изпращат автоматично след преход към платена и могат да бъдат изпратени повторно тук.,,site/modules/Mercato/src/Admin/ProcessMercatoOrderDetailPanels.php,178198a814043420ffe403b5922766cb
Payment Link,Връзка за плащане,,site/modules/Mercato/src/Admin/ProcessMercatoOrderDetailPanels.php,d3fe7592bd4047879bd61346839c9ff1
Payment Operations,Операции по плащания,,site/modules/Mercato/src/Admin/ProcessMercatoOrderDetailPanels.php,f41bdd756ff413b439c24b4911fb4aca
Pending refund,Чакащо възстановяване,,site/modules/Mercato/src/Admin/ProcessMercatoOrderDetailPanels.php,a0a430fedd795ab084576856f11b7553
Phone,Телефон,,site/modules/Mercato/src/Admin/ProcessMercatoOrderDetailPanels.php,bcc254b55c4a1babdf1dcb82c207506b
Policy acceptance,Приемане на политика,,site/modules/Mercato/src/Admin/ProcessMercatoOrderDetailPanels.php,be06d9b0815ff4e15414fa784d7342c0
Price,Цена,,site/modules/Mercato/src/Admin/ProcessMercatoOrderDetailPanels.php,3601146c4e948c32b6424d2c0a7f0118
Private operational notes for this order. Notes are appended to the order timeline.,Частни оперативни бележки за тази поръчка. Бележките се добавят към хронологията на поръчката.,,site/modules/Mercato/src/Admin/ProcessMercatoOrderDetailPanels.php,ebea1ea290f08c62e1bd703f005340ee
Product,Продукт,,site/modules/Mercato/src/Admin/ProcessMercatoOrderDetailPanels.php,deb10517653c255364175796ace3553f
Profile,Профил,,site/modules/Mercato/src/Admin/ProcessMercatoOrderDetailPanels.php,cce99c598cfdb9773ab041d54c3d973a
Public status link,Публична връзка за статус,,site/modules/Mercato/src/Admin/ProcessMercatoOrderDetailPanels.php,0fb2e5eb73fcdf82d4d4491dac306006
Quantity,Количество,,site/modules/Mercato/src/Admin/ProcessMercatoOrderDetailPanels.php,694e8d1f2ee056f98ee488bdc4982d73
"Recalculate fulfilment, discount, and payable total before the customer pays.","Преизчислете изпълнението, отстъпката и дължимата сума преди клиентът да плати.",,site/modules/Mercato/src/Admin/ProcessMercatoOrderDetailPanels.php,8a97c7bddb4d86c17b013d62d3325f61
Receipt,Разписка,,site/modules/Mercato/src/Admin/ProcessMercatoOrderDetailPanels.php,d6d7c5a3f130174a472f0768c912a796
Receipt details,Детайли на разписката,,site/modules/Mercato/src/Admin/ProcessMercatoOrderDetailPanels.php,c61426c62f9677957cb395e61f825418
Receipt PDF,PDF на разписката,,site/modules/Mercato/src/Admin/ProcessMercatoOrderDetailPanels.php,62ed5e30dd71a2176a176361576310d3
Record reconciliation,Записване на съгласуване,,site/modules/Mercato/src/Admin/ProcessMercatoOrderDetailPanels.php,85ac2a281471d4091c93e2e88b3e5f71
Refund amount,Сума на възстановяване,,site/modules/Mercato/src/Admin/ProcessMercatoOrderDetailPanels.php,dd8366c780bd2ce22a842d6384fec8b2
Refund reason,Причина за възстановяване,,site/modules/Mercato/src/Admin/ProcessMercatoOrderDetailPanels.php,034566afbe5a9afed682feea0ebc8bc3
Refundable balance,Подлежащ на възстановяване баланс,,site/modules/Mercato/src/Admin/ProcessMercatoOrderDetailPanels.php,3bf06693dd81b0c052271434fc2e4b80
Refunded,Възстановено,,site/modules/Mercato/src/Admin/ProcessMercatoOrderDetailPanels.php,cc61945cbbf46721a053467c395c666f
Regenerate status link,Регенериране на връзка за статус,,site/modules/Mercato/src/Admin/ProcessMercatoOrderDetailPanels.php,452630491b26c7f3f931ccaf4eeb66df
Regenerate the link if a customer-facing status URL was shared with the wrong recipient. Old status links stop working after regeneration.,"Регенерирайте връзката, ако публичен URL адрес за статус на клиента е споделен с грешен получател. Старите връзки за статус спират да работят след регенерирането.",,site/modules/Mercato/src/Admin/ProcessMercatoOrderDetailPanels.php,c192daf2f77bb48a07f02ae738777aa5
Release reservations and mark this unpaid order canceled,Освобождаване на резервациите и маркиране на тази неплатена поръчка като отказана,,site/modules/Mercato/src/Admin/ProcessMercatoOrderDetailPanels.php,579e196ae5a86ecc576b03d26ddcc08e
Repeat,Повторение,,site/modules/Mercato/src/Admin/ProcessMercatoOrderDetailPanels.php,7020426cfb0a204051be4b3053d2acc8
Resend confirmation,Повторно изпращане на потвърждение,,site/modules/Mercato/src/Admin/ProcessMercatoOrderDetailPanels.php,8687928b6d9c0d32277c1a3f8670823e
Run Mercato installer/repair before issuing refunds.,Стартирайте инсталатора/поправката на Mercato преди издаване на възстановявания.,,site/modules/Mercato/src/Admin/ProcessMercatoOrderDetailPanels.php,eaa517b0a37c78d209ee04be75418b63
Run Mercato installer/repair before sending confirmation emails.,Стартирайте инсталатора/поправката на Mercato преди изпращане на потвърдителни имейли.,,site/modules/Mercato/src/Admin/ProcessMercatoOrderDetailPanels.php,3b16e0e9667653572d94e554d9eabea4
Send confirmation,Изпращане на потвърждение,,site/modules/Mercato/src/Admin/ProcessMercatoOrderDetailPanels.php,50f425afc60602c71de7b016b7e026fb
Send count,Брой изпратени,,site/modules/Mercato/src/Admin/ProcessMercatoOrderDetailPanels.php,5c777819f7836c306b5603132a86294e
Send this link to let the customer pay this unpaid order through the checkout flow.,"Изпратете тази връзка, за да позволите на клиента да плати тази неплатена поръчка чрез процеса на плащане.",,site/modules/Mercato/src/Admin/ProcessMercatoOrderDetailPanels.php,408c35899b64480e182bf96fea42feb0
Sent,Изпратено,,site/modules/Mercato/src/Admin/ProcessMercatoOrderDetailPanels.php,7f8c0283f16925caed8e632086b81b9c
Set a quantity to 0 to remove that line from this unpaid order. Stock availability is checked before saving.,"Задайте количество 0, за да премахнете този ред от неплатената поръчка. Наличността се проверява преди запазване.",,site/modules/Mercato/src/Admin/ProcessMercatoOrderDetailPanels.php,b20013b4806d63111c1773e9351b6ee9
Shipping,Доставка,,site/modules/Mercato/src/Admin/ProcessMercatoOrderDetailPanels.php,ea9cf7e47ff33b2be14e6dd07cbcefc6
Shipping address,Адрес за доставка,,site/modules/Mercato/src/Admin/ProcessMercatoOrderDetailPanels.php,0c458988127eb2150776881e2ef3f0c4
State,Област/щат,,site/modules/Mercato/src/Admin/ProcessMercatoOrderDetailPanels.php,46a2a41cc6e552044816a2d04634545d
Status,Статус,,site/modules/Mercato/src/Admin/ProcessMercatoOrderDetailPanels.php,ec53a8c4f07baed5d8825072c89799be
Submit provider refund,Подаване на възстановяване към доставчика,,site/modules/Mercato/src/Admin/ProcessMercatoOrderDetailPanels.php,120a62a546397b1522806daca8900f3e
Subtotal,Междинна сума,,site/modules/Mercato/src/Admin/ProcessMercatoOrderDetailPanels.php,2194aaec8cc7086ab0e93f74547e5f53
Tax,Данък,,site/modules/Mercato/src/Admin/ProcessMercatoOrderDetailPanels.php,4b78ac8eb158840e9638a3aeb26c4a9d
This order has been fully refunded.,Тази поръчка е напълно възстановена.,,site/modules/Mercato/src/Admin/ProcessMercatoOrderDetailPanels.php,2612efb73ba032ff2fae74f114f5519c
Time,Час,,site/modules/Mercato/src/Admin/ProcessMercatoOrderDetailPanels.php,a76d4ef5f3f6a672bbfab2865563e530
Timeline,Хронология,,site/modules/Mercato/src/Admin/ProcessMercatoOrderDetailPanels.php,3d1f92a565d3b1a61880236e33c49bf3
Total,Общо,,site/modules/Mercato/src/Admin/ProcessMercatoOrderDetailPanels.php,96b0141273eabab320119c467cdcaf17
Tracking,Проследяване,,site/modules/Mercato/src/Admin/ProcessMercatoOrderDetailPanels.php,2205dc082ba550b67ad71e3e2241d9a6
Tracking URL,URL адрес за проследяване,,site/modules/Mercato/src/Admin/ProcessMercatoOrderDetailPanels.php,0979779c4569141b98591d326d343ec2
Update total,Актуализиране на общата сума,,site/modules/Mercato/src/Admin/ProcessMercatoOrderDetailPanels.php,96a9686c309624ecc53c6e61822a7e4a
Use manual reconciliation only after verifying the payment in the provider dashboard or bank records.,Използвайте ръчно съгласуване само след проверка на плащането в таблото на доставчика или банковите записи.,,site/modules/Mercato/src/Admin/ProcessMercatoOrderDetailPanels.php,1e465dec3d4ba34dbcd73e431fb4dd71
Verified status,Потвърден статус,,site/modules/Mercato/src/Admin/ProcessMercatoOrderDetailPanels.php,21153b24d03a6bb2120502b766868dbe
Add at least one product line.,Добавете поне един ред с продукт.,,site/modules/Mercato/src/Admin/ProcessMercatoOrderFulfilmentActions.php,c1e6c1987732326c9f2b0f29e4d94d54
"Adjusted stock for ""%s"" by %+d.","Наличността за ""%s"" е коригирана с %+d.",,site/modules/Mercato/src/Admin/ProcessMercatoOrderFulfilmentActions.php,c6db9a323c59c0e3ffd2fd9111d44d38
Carrier reference,Референция на куриера,,site/modules/Mercato/src/Admin/ProcessMercatoOrderFulfilmentActions.php,148e73e5d98196c3f5ef609399ba54fe
Ceramics Gift Card product is missing. Run Mercato installer/repair first.,Продуктът „Ceramics Gift Card“ липсва. Стартирайте първо инсталатора/поправката на Mercato.,,site/modules/Mercato/src/Admin/ProcessMercatoOrderFulfilmentActions.php,9562815c9252df64e2f2802df65f029e
Courier / driver,Куриер / шофьор,,site/modules/Mercato/src/Admin/ProcessMercatoOrderFulfilmentActions.php,92f85a2157d6a44e44a4a7559e14ca5c
Created demo coupon %s for checkout testing.,Създаден демо купон %s за тестване на плащането.,,site/modules/Mercato/src/Admin/ProcessMercatoOrderFulfilmentActions.php,7a3060ec2825b18c7d43ca9ed965631b
Created demo paid order %s for %s testing.,Създадена демо платена поръчка %s за тестване на %s.,,site/modules/Mercato/src/Admin/ProcessMercatoOrderFulfilmentActions.php,e229fe33bca69b26608868568e1d0d0e
Created manual order %s and sent the payment link.,Създадена ръчна поръчка %s и изпратена връзка за плащане.,,site/modules/Mercato/src/Admin/ProcessMercatoOrderFulfilmentActions.php,2a8e3670a41d061916024a888f83f524
Created manual order %s. Send the payment link to the customer.,Създадена ръчна поръчка %s. Изпратете връзката за плащане на клиента.,,site/modules/Mercato/src/Admin/ProcessMercatoOrderFulfilmentActions.php,4e7aaee98748ef2a63a6791ce4e6e385
CSRF token validation failed.,Валидирането на CSRF токен е неуспешно.,,site/modules/Mercato/src/Admin/ProcessMercatoOrderFulfilmentActions.php,e1b850614e8638b71a2de10cbfd31e49
Custom line price cannot be negative.,Цената на персонализирания ред не може да бъде отрицателна.,,site/modules/Mercato/src/Admin/ProcessMercatoOrderFulfilmentActions.php,97531b076301eed98d004199550ea4fc
Custom line quantity must be at least 1.,Количеството на персонализирания ред трябва да е поне 1.,,site/modules/Mercato/src/Admin/ProcessMercatoOrderFulfilmentActions.php,b1cf451392a04e4e81cf0eecd41cb39d
Customer details loaded from previous orders.,"Данни за клиента, заредени от предишни поръчки.",,site/modules/Mercato/src/Admin/ProcessMercatoOrderFulfilmentActions.php,3780c2f330f10bc5e25bc25c72804a78
Delivery,Доставка,,site/modules/Mercato/src/Admin/ProcessMercatoOrderFulfilmentActions.php,065ab3a28ca4f16f55f103adc7d0226f
Demo carrier delivery fixture.,Демо фиксация за куриерска доставка.,,site/modules/Mercato/src/Admin/ProcessMercatoOrderFulfilmentActions.php,e632fab2a7b9d019b1c38ed728e87635
Demo checkout configuration could not be saved.,Демо конфигурацията за плащане не можа да бъде запазена.,,site/modules/Mercato/src/Admin/ProcessMercatoOrderFulfilmentActions.php,9ba0018a2b2a779200e68d4a9de160b0
Demo checkout configuration is disabled in production mode.,Демо конфигурацията за плащане е деактивирана в продукционен режим.,,site/modules/Mercato/src/Admin/ProcessMercatoOrderFulfilmentActions.php,ab386a1187594b6e4e78b77d7f53c38c
Demo checkout configuration was blocked.,Демо конфигурацията за плащане беше блокирана.,,site/modules/Mercato/src/Admin/ProcessMercatoOrderFulfilmentActions.php,b5bf2444a594eaacacb9bb3b9ccefa32
Demo checkout configuration was blocked. Refresh the page and try again.,Демо конфигурацията за плащане беше блокирана. Презаредете страницата и опитайте отново.,,site/modules/Mercato/src/Admin/ProcessMercatoOrderFulfilmentActions.php,f8cfdff9913653325d69bad82e1e01a9
Demo coupon %s is already available for checkout testing.,Демо купон %s вече е наличен за тестване на плащането.,,site/modules/Mercato/src/Admin/ProcessMercatoOrderFulfilmentActions.php,58da65028946c2efea18047ce8e87c1a
Demo discount setup failed.,Настройката на демо отстъпката е неуспешна.,,site/modules/Mercato/src/Admin/ProcessMercatoOrderFulfilmentActions.php,c1c92cae438152ffd6192ca65d7b0065
Demo discount setup was blocked.,Настройката на демо отстъпката беше блокирана.,,site/modules/Mercato/src/Admin/ProcessMercatoOrderFulfilmentActions.php,f3b0946e6b1cb938eaf828686b4d479b
Demo discount setup was blocked. Refresh the page and try again.,Настройката на демо отстъпката беше блокирана. Презаредете страницата и опитайте отново.,,site/modules/Mercato/src/Admin/ProcessMercatoOrderFulfilmentActions.php,6a73c7456a0f347b2c071e074cf937b5
Demo local delivery route.,Демо маршрут за локална доставка.,,site/modules/Mercato/src/Admin/ProcessMercatoOrderFulfilmentActions.php,514467841a7ee91457c9cc69afe6260d
Demo order creation failed.,Създаването на демо поръчка е неуспешно.,,site/modules/Mercato/src/Admin/ProcessMercatoOrderFulfilmentActions.php,f341a6dfba3905cc58f8c22995a32b03
Demo order creation is disabled in production mode.,Създаването на демо поръчка е деактивирано в продукционен режим.,,site/modules/Mercato/src/Admin/ProcessMercatoOrderFulfilmentActions.php,01e66e505047537e16fe49368e833275
Demo order creation was blocked.,Създаването на демо поръчка беше блокирано.,,site/modules/Mercato/src/Admin/ProcessMercatoOrderFulfilmentActions.php,25acba14949533f9817345b70c015f67
Demo order creation was blocked. Refresh the page and try again.,Създаването на демо поръчка беше блокирано. Презаредете страницата и опитайте отново.,,site/modules/Mercato/src/Admin/ProcessMercatoOrderFulfilmentActions.php,f288515b967b7690291c7f83a6bf3e9d
Demo pickup location: store collection desk.,Демо място за вземане: гише за получаване в магазина.,,site/modules/Mercato/src/Admin/ProcessMercatoOrderFulfilmentActions.php,261d11a750cdbf882c73aafbb898fc01
Discount code could not be applied.,Кодът за отстъпка не можа да бъде приложен.,,site/modules/Mercato/src/Admin/ProcessMercatoOrderFulfilmentActions.php,48dd2591bb5c221d947282601b024218
Discount template is missing. Run Mercato installer/repair first.,Липсва шаблон за отстъпка. Първо стартирайте инсталатора/поправката на Mercato.,,site/modules/Mercato/src/Admin/ProcessMercatoOrderFulfilmentActions.php,689bfbe677cdaede65917486ea9309f5
"Enabled demo checkout with Delivery, Pickup, Local delivery, Demo Payment, and Tailwind storefront rendering.","Активирано демо плащане с Доставка, Вземане от място, Локална доставка, Демо плащане и рендиране на витрината с Tailwind.",,site/modules/Mercato/src/Admin/ProcessMercatoOrderFulfilmentActions.php,141bf28e44ded8fcdb97b05ae4436675
Enter a valid customer email.,Въведете валиден имейл на клиента.,,site/modules/Mercato/src/Admin/ProcessMercatoOrderFulfilmentActions.php,b76aad482021715151ee26d25e974c4a
Enter the customer first and last name.,Въведете собствено и фамилно име на клиента.,,site/modules/Mercato/src/Admin/ProcessMercatoOrderFulfilmentActions.php,2e679ef6d2c0cfed51502eb01d03eedf
Fulfilment fields are missing. Run Mercato installer/repair from module settings.,Липсват полета за изпълнение. Стартирайте инсталатора/поправката на Mercato от настройките на модула.,,site/modules/Mercato/src/Admin/ProcessMercatoOrderFulfilmentActions.php,90b801b36b2e8143eb0324aa9b165990
Fulfilment update failed.,Актуализацията на изпълнението е неуспешна.,,site/modules/Mercato/src/Admin/ProcessMercatoOrderFulfilmentActions.php,57811b135d74d5a838f8ea17c5c2a01d
Fulfilment update was blocked.,Актуализацията на изпълнението беше блокирана.,,site/modules/Mercato/src/Admin/ProcessMercatoOrderFulfilmentActions.php,04775cd7af28c26896d4b72ecab2b74e
Fulfilment update was blocked. Refresh the page and try again.,Актуализацията на изпълнението беше блокирана. Презаредете страницата и опитайте отново.,,site/modules/Mercato/src/Admin/ProcessMercatoOrderFulfilmentActions.php,b83e330b66b133798d6f8816e7c58d72
Invalid fulfilment status.,Невалиден статус на изпълнение.,,site/modules/Mercato/src/Admin/ProcessMercatoOrderFulfilmentActions.php,e8dbbda4ab1c9c411df7db6ca9caee00
Label URL,URL адрес на етикет,,site/modules/Mercato/src/Admin/ProcessMercatoOrderFulfilmentActions.php,0dbe844fb964d5eca2f51be724e43294
Label URL must be a valid absolute URL.,URL адресът на етикета трябва да е валиден абсолютен URL адрес.,,site/modules/Mercato/src/Admin/ProcessMercatoOrderFulfilmentActions.php,8f7773b74f33eeda441d6397989a0495
Line %d: quantity must be at least 1.,Ред %d: количеството трябва да е поне 1.,,site/modules/Mercato/src/Admin/ProcessMercatoOrderFulfilmentActions.php,c20b250b28ab628e6e8af288bbcce0a4
Line %d: select a valid product.,Ред %d: изберете валиден продукт.,,site/modules/Mercato/src/Admin/ProcessMercatoOrderFulfilmentActions.php,26f9d031fd7063370643d29c2dea5dfd
Local delivery,Локална доставка,,site/modules/Mercato/src/Admin/ProcessMercatoOrderFulfilmentActions.php,e0fad42b51b29f19b2acfd276e205615
Manual order could not be created.,Ръчната поръчка не можа да бъде създадена.,,site/modules/Mercato/src/Admin/ProcessMercatoOrderFulfilmentActions.php,7d8cec2bc56e1a40bda873354fd44ed1
Manual order creation was blocked.,Създаването на ръчна поръчка беше блокирано.,,site/modules/Mercato/src/Admin/ProcessMercatoOrderFulfilmentActions.php,9207c94cea43bfba7a8ad7d14fe0ac86
Manual order creation was blocked. Refresh the page and try again.,Създаването на ръчна поръчка беше блокирано. Презаредете страницата и опитайте отново.,,site/modules/Mercato/src/Admin/ProcessMercatoOrderFulfilmentActions.php,549e2e2369994b27a26e8940ccf90cb1
Manual order preview calculated. Review the total before creating the unpaid order.,Предварителният преглед на ръчната поръчка е изчислен. Прегледайте общата сума преди да създадете неплатената поръчка.,,site/modules/Mercato/src/Admin/ProcessMercatoOrderFulfilmentActions.php,5570e3feac33a983fc8a8b95347775a9
Manual order preview could not be calculated.,Предварителният преглед на ръчната поръчка не можа да бъде изчислен.,,site/modules/Mercato/src/Admin/ProcessMercatoOrderFulfilmentActions.php,432a644a0082dc0c0e52f634df98fa2d
Order not found.,Поръчката не е намерена.,,site/modules/Mercato/src/Admin/ProcessMercatoOrderFulfilmentActions.php,149ad34562bd32ca88aac01cd023fce5
ProcessWire rejected the module configuration update.,ProcessWire отхвърли актуализацията на конфигурацията на модула.,,site/modules/Mercato/src/Admin/ProcessMercatoOrderFulfilmentActions.php,a2f13098bef4f90e835e1cdd87c49197
Product not found.,Продуктът не е намерен.,,site/modules/Mercato/src/Admin/ProcessMercatoOrderFulfilmentActions.php,e4000a1cbe889f868f82b1b177936841
Proof of delivery,Доказателство за доставка,,site/modules/Mercato/src/Admin/ProcessMercatoOrderFulfilmentActions.php,369f9765f71bb0bf67b24bcb68f7e716
Released %d expired reservation(s).,Освободени %d изтекла(и) резервация(и).,,site/modules/Mercato/src/Admin/ProcessMercatoOrderFulfilmentActions.php,f1bf91ad5b93086448bfd87656ee224f
Reservation cleanup was blocked.,Изчистването на резервации беше блокирано.,,site/modules/Mercato/src/Admin/ProcessMercatoOrderFulfilmentActions.php,067b231bfb0d82d98442666180ce455f
Reservation cleanup was blocked. Refresh the page and try again.,Изчистването на резервации беше блокирано. Презаредете страницата и опитайте отново.,,site/modules/Mercato/src/Admin/ProcessMercatoOrderFulfilmentActions.php,a4e0af5b9ed873b6df6baa31b8262cd3
Select an enabled fulfilment method.,Изберете активиран метод за изпълнение.,,site/modules/Mercato/src/Admin/ProcessMercatoOrderFulfilmentActions.php,f888730548feaf7611ccea346c593810
Select an enabled payment method.,Изберете активиран метод за плащане.,,site/modules/Mercato/src/Admin/ProcessMercatoOrderFulfilmentActions.php,406ea0c6b7390cc5a4a56e12fb9b203c
Stock adjustment failed.,Корекцията на наличност е неуспешна.,,site/modules/Mercato/src/Admin/ProcessMercatoOrderFulfilmentActions.php,284d186fc5a67dba6d5a442cb7bdb52d
Stock adjustment was blocked.,Корекцията на наличност беше блокирана.,,site/modules/Mercato/src/Admin/ProcessMercatoOrderFulfilmentActions.php,52cb8a6c1d036b9027062de8924cb032
Stock adjustment was blocked. Refresh the page and try again.,Корекцията на наличност беше блокирана. Презаредете страницата и опитайте отново.,,site/modules/Mercato/src/Admin/ProcessMercatoOrderFulfilmentActions.php,e7c54f4ee5a4eca670800aae67aff7d3
Store pickup,Вземане от магазина,,site/modules/Mercato/src/Admin/ProcessMercatoOrderFulfilmentActions.php,7acd148468a59641357e7ea01a28deec
Switch to test mode before creating workflow fixtures.,Превключете на тестов режим преди да създавате фиксации на работен процес.,,site/modules/Mercato/src/Admin/ProcessMercatoOrderFulfilmentActions.php,b26a82a2a05ab4fff260fb4766101743
Switch to test mode before enabling demo receiving methods.,Превключете на тестов режим преди да активирате демо методи за получаване.,,site/modules/Mercato/src/Admin/ProcessMercatoOrderFulfilmentActions.php,76d24d3999f16129acb1e9cb948267aa
This status is not available for the selected fulfilment method.,Този статус не е наличен за избрания метод за изпълнение.,,site/modules/Mercato/src/Admin/ProcessMercatoOrderFulfilmentActions.php,05955fd627ded10652230b5236b2a3f2
Tracking URL must be a valid absolute URL.,URL адресът за проследяване трябва да е валиден абсолютен URL адрес.,,site/modules/Mercato/src/Admin/ProcessMercatoOrderFulfilmentActions.php,ad2ae650213b07f229fb02033da5834b
Updated fulfilment for %s.,Актуализирано изпълнение за %s.,,site/modules/Mercato/src/Admin/ProcessMercatoOrderFulfilmentActions.php,841e4557a7d3fbbba3a8558c38a99589
%d in stock,%d в наличност,,site/modules/Mercato/src/Admin/ProcessMercatoOrderPanels.php,2217968c20c9c0b1a43a75e09a3cb77d
%d orders,%d поръчки,,site/modules/Mercato/src/Admin/ProcessMercatoOrderPanels.php,c0115153d45d00a4510d71e2605196a3
Accepted orders waiting for stock.,"Приети поръчки, изчакващи наличност.",,site/modules/Mercato/src/Admin/ProcessMercatoOrderPanels.php,e70980bebb606de45436ef753ffa949e
Active,Активен,,site/modules/Mercato/src/Admin/ProcessMercatoOrderPanels.php,4d3d769b812b6faa6b76e1a8abaece2d
Address,Адрес,,site/modules/Mercato/src/Admin/ProcessMercatoOrderPanels.php,dd7bf230fde8d4836917806aff6a6b27
All,Всички,,site/modules/Mercato/src/Admin/ProcessMercatoOrderPanels.php,b1c94ca2fbc3e78fc30069c8d0f01680
All email types,Всички типове имейли,,site/modules/Mercato/src/Admin/ProcessMercatoOrderPanels.php,146037d35571ee14fe2a393da8226752
All fulfilment work,Цялата работа по изпълнение,,site/modules/Mercato/src/Admin/ProcessMercatoOrderPanels.php,928941e9a41537a0105410b8f0bbc8d8
All methods,Всички методи,,site/modules/Mercato/src/Admin/ProcessMercatoOrderPanels.php,0b58e10c120a4337c4c0148749fbb358
All orders,Всички поръчки,,site/modules/Mercato/src/Admin/ProcessMercatoOrderPanels.php,a081c9610c122ca2d1fe29935930f908
All statuses,Всички статуси,,site/modules/Mercato/src/Admin/ProcessMercatoOrderPanels.php,96e3d398260724e0a83da53a2e9f20e7
All work,Цялата работа,,site/modules/Mercato/src/Admin/ProcessMercatoOrderPanels.php,4fdb6f9592a057aef74a13f5d87275c4
Apply filters,Прилагане на филтри,,site/modules/Mercato/src/Admin/ProcessMercatoOrderPanels.php,79ee641715155ec7d121815215f2b70c
Attention,Внимание,,site/modules/Mercato/src/Admin/ProcessMercatoOrderPanels.php,2aa97e44cace7cb882c9dcba32940f8f
Awaiting gateway,Изчаква платежния доставчик,,site/modules/Mercato/src/Admin/ProcessMercatoOrderPanels.php,b07fe8e613a0ee73cc0ff7d55e6890b7
Awaiting payment,Изчаква плащане,,site/modules/Mercato/src/Admin/ProcessMercatoOrderPanels.php,ebb8d514f56157d7bd513eefdd9adb63
Backorder,Задължение при изчерпване,,site/modules/Mercato/src/Admin/ProcessMercatoOrderPanels.php,ac52934d2cc3e2258351c4aed9e46e4f
Canceled,Отказана,,site/modules/Mercato/src/Admin/ProcessMercatoOrderPanels.php,0e22fe7d45f8e5632a4abf369b24e29c
Change,Промяна,,site/modules/Mercato/src/Admin/ProcessMercatoOrderPanels.php,f4ec5f57bd4d31b803312d873be40da9
City,Град,,site/modules/Mercato/src/Admin/ProcessMercatoOrderPanels.php,57d056ed0984166336b7879c2af3657f
Clear,Изчистване,,site/modules/Mercato/src/Admin/ProcessMercatoOrderPanels.php,dc30bc0c7914db5918da4263fce93ad2
Copy link,Копиране на връзка,,site/modules/Mercato/src/Admin/ProcessMercatoOrderPanels.php,b75833669968adbef634495636e3fe50
Country,Държава,,site/modules/Mercato/src/Admin/ProcessMercatoOrderPanels.php,59716c97497eb9694541f7c3d37b1a4d
"Create an unpaid order, reserve stock, and send a secure checkout link for payment.","Създайте неплатена поръчка, резервирайте наличност и изпратете защитена връзка за плащане.",,site/modules/Mercato/src/Admin/ProcessMercatoOrderPanels.php,3247c0e4ba52a51fffe9d90f4562032e
Create Manual Order,Създаване на ръчна поръчка,,site/modules/Mercato/src/Admin/ProcessMercatoOrderPanels.php,a4ed4cf9d1051814738e7d3aacb432ae
Create unpaid order,Създаване на неплатена поръчка,,site/modules/Mercato/src/Admin/ProcessMercatoOrderPanels.php,f17cd48c1aec26d89443b667d7df704a
Created,Създадено,,site/modules/Mercato/src/Admin/ProcessMercatoOrderPanels.php,0eceeb45861f9585dd7a97a3e36f85c6
Current query,Текуща заявка,,site/modules/Mercato/src/Admin/ProcessMercatoOrderPanels.php,7339082929e13b9d9c3b9bf8ae8fbb23
Custom line item,Персонализиран ред,,site/modules/Mercato/src/Admin/ProcessMercatoOrderPanels.php,a6e26084769ad095fcde3159c16d5db2
Custom line quantity,Количество на персонализирания ред,,site/modules/Mercato/src/Admin/ProcessMercatoOrderPanels.php,872317c9288b3cfb3b82746ce27e0f30
Custom line tax rate,Данъчна ставка на персонализирания ред,,site/modules/Mercato/src/Admin/ProcessMercatoOrderPanels.php,30c07aed3af903e789b409fd0673129f
Custom line title,Заглавие на персонализирания ред,,site/modules/Mercato/src/Admin/ProcessMercatoOrderPanels.php,fb1a11f8fc1d48b2f11816b395c2cba6
Custom line unit price,Единична цена на персонализирания ред,,site/modules/Mercato/src/Admin/ProcessMercatoOrderPanels.php,b69835a5e6f5e78d1017425a7b3a6b82
Customer,Клиент,,site/modules/Mercato/src/Admin/ProcessMercatoOrderPanels.php,ce26601dac0dea138b7295f02b7620a7
Customer Emails,Имейли до клиенти,,site/modules/Mercato/src/Admin/ProcessMercatoOrderPanels.php,a6fbe21b54ac55f7e1331c743da24463
Customer lookup,Търсене на клиент,,site/modules/Mercato/src/Admin/ProcessMercatoOrderPanels.php,c4257aad23267a9dd5d50f4c699d86b1
Customer search,Търсене на клиенти,,site/modules/Mercato/src/Admin/ProcessMercatoOrderPanels.php,5fb9f4ff81ee04efa9f4039099a588dc
Delivery,Доставка,,site/modules/Mercato/src/Admin/ProcessMercatoOrderPanels.php,065ab3a28ca4f16f55f103adc7d0226f
Discount,Отстъпка,,site/modules/Mercato/src/Admin/ProcessMercatoOrderPanels.php,104d9898c04874d0fbac36e125fa1369
Discount code,Код за отстъпка,,site/modules/Mercato/src/Admin/ProcessMercatoOrderPanels.php,aa74397584da0fd719c7f349ba31e399
Email,Имейл,,site/modules/Mercato/src/Admin/ProcessMercatoOrderPanels.php,ce8ae9da5b7cd6c3df2929543a9af92d
Email payment link after creation,Изпращане на връзка за плащане по имейл след създаване,,site/modules/Mercato/src/Admin/ProcessMercatoOrderPanels.php,042b6755c11658e9224354ee04173d45
Export activity,Експортиране на активност,,site/modules/Mercato/src/Admin/ProcessMercatoOrderPanels.php,073b61754041ad1aed382b19c1555256
Export CSV,Експортиране на CSV,,site/modules/Mercato/src/Admin/ProcessMercatoOrderPanels.php,c04f1e4841a6af78088d6ccf6f3a8a76
Export line items,Експортиране на редове от поръчки,,site/modules/Mercato/src/Admin/ProcessMercatoOrderPanels.php,85e74693ddf6769975f3991ab0ddbaa2
Export queue,Опашка за експортиране,,site/modules/Mercato/src/Admin/ProcessMercatoOrderPanels.php,c6b031323de6cecfe0e5fc961b2b4631
Failed,Неуспешна,,site/modules/Mercato/src/Admin/ProcessMercatoOrderPanels.php,d7c8c85bf79bbe1b7188497c32c3b0ca
Failed or expired,Неуспешна или изтекла,,site/modules/Mercato/src/Admin/ProcessMercatoOrderPanels.php,b9e1b447931b3c7a0fa173f7a6b02b40
Filter fulfilment by method,Филтриране на изпълнението по метод,,site/modules/Mercato/src/Admin/ProcessMercatoOrderPanels.php,7781da48cb7ae27c5dbf3387ccf1df63
Filter fulfilment by work type,Филтриране на изпълнението по тип работа,,site/modules/Mercato/src/Admin/ProcessMercatoOrderPanels.php,1b8850e9db48141aefb940a2f8af3eec
Find products by title or SKU,Намерете продукти по заглавие или SKU,,site/modules/Mercato/src/Admin/ProcessMercatoOrderPanels.php,469c0d150899950927978f0b03ac35ff
First name,Собствено име,,site/modules/Mercato/src/Admin/ProcessMercatoOrderPanels.php,20db0bfeecd8fe60533206a2b5e9891a
Fulfilment,Изпълнение,,site/modules/Mercato/src/Admin/ProcessMercatoOrderPanels.php,e6780ac40081103092aa3edcd68ab644
Fulfilment Activity,Активност по изпълнение,,site/modules/Mercato/src/Admin/ProcessMercatoOrderPanels.php,f603ed0e9c8368c3a1312265f5d3e0c8
Fulfilment Queue,Опашка за изпълнение,,site/modules/Mercato/src/Admin/ProcessMercatoOrderPanels.php,e0be8c32dce69d10f2a50f59b0ff8e5f
Fulfilment: %s,Изпълнение: %s,,site/modules/Mercato/src/Admin/ProcessMercatoOrderPanels.php,9e8a582918dd88aa6127305d3de3905a
Internal note,Вътрешна бележка,,site/modules/Mercato/src/Admin/ProcessMercatoOrderPanels.php,08643daceac5930a01274e8e41de11b3
Inventory or operational exception.,Изключение в инвентара или в операциите.,,site/modules/Mercato/src/Admin/ProcessMercatoOrderPanels.php,61e0e9a96bbaa2e028effd4ffe3cee98
Invoice,Фактура,,site/modules/Mercato/src/Admin/ProcessMercatoOrderPanels.php,466eadd40b3c10580e3ab4e8061161ce
Items,Артикули,,site/modules/Mercato/src/Admin/ProcessMercatoOrderPanels.php,9dea4016dbcc290b773ab2fae678aaa8
Last name,Фамилно име,,site/modules/Mercato/src/Admin/ProcessMercatoOrderPanels.php,8d3f5eff9c40ee315d452392bed5309b
Loads customer contact and address fields from the most recent order for that email.,Зарежда полетата за контакт и адрес на клиента от последната поръчка за този имейл.,,site/modules/Mercato/src/Admin/ProcessMercatoOrderPanels.php,7d0770a2e1a5ece5f917abd40c0b89e2
Local delivery,Локална доставка,,site/modules/Mercato/src/Admin/ProcessMercatoOrderPanels.php,e0fad42b51b29f19b2acfd276e205615
Manual Order,Ръчна поръчка,,site/modules/Mercato/src/Admin/ProcessMercatoOrderPanels.php,ef6e3146ad2c182a5959d36d844f9e86
Merchant/customer canceled,Отказано от търговец/клиент,,site/modules/Mercato/src/Admin/ProcessMercatoOrderPanels.php,7ea0cffdb5e03c843347eeb581108032
Message,Съобщение,,site/modules/Mercato/src/Admin/ProcessMercatoOrderPanels.php,4c2a8fe7eaf24721cc7a9f0175115bd4
"Mug, SKU, plate...","Чаша, SKU, чиния...",,site/modules/Mercato/src/Admin/ProcessMercatoOrderPanels.php,b518be76916411c019579565839c93d0
"Name, email, phone, city...","Име, имейл, телефон, град...",,site/modules/Mercato/src/Admin/ProcessMercatoOrderPanels.php,c0827d5661249e051b675e0492c5313c
Needs attention,Нуждае се от внимание,,site/modules/Mercato/src/Admin/ProcessMercatoOrderPanels.php,d6f5722e464f95d8d6411841b90ee6d2
New,Нов,,site/modules/Mercato/src/Admin/ProcessMercatoOrderPanels.php,03c2e7e41ffc181a4e84080b4710e81e
No customer notifications logged yet.,Все още не са регистрирани известия до клиента.,,site/modules/Mercato/src/Admin/ProcessMercatoOrderPanels.php,48218fcfd788b4b5f56dd426db85bcfa
No fulfilment activity logged yet.,Все още не е регистрирана активност по изпълнение.,,site/modules/Mercato/src/Admin/ProcessMercatoOrderPanels.php,499b71b49b1de36650f9c940f4371b20
No fulfilment exceptions yet.,Все още няма изключения при изпълнение.,,site/modules/Mercato/src/Admin/ProcessMercatoOrderPanels.php,995703b6516744f56e2b2f8b4a361b1f
No previous customers,Няма предишни клиенти,,site/modules/Mercato/src/Admin/ProcessMercatoOrderPanels.php,7b3beac475fb0a8dab424ade95961c6f
No products exist yet. Create or import products before creating manual orders.,Все още няма продукти. Създайте или импортирайте продукти преди да създавате ръчни поръчки.,,site/modules/Mercato/src/Admin/ProcessMercatoOrderPanels.php,1fbd0aedd55864b8240e534e9fb9f9cb
Note,Бележка,,site/modules/Mercato/src/Admin/ProcessMercatoOrderPanels.php,3b0649c72650c313a357338dcdfb64ec
Open payment link,Отвори връзката за плащане,,site/modules/Mercato/src/Admin/ProcessMercatoOrderPanels.php,d0b2c3bdf72e9ff236216ab6d6d5ed25
Open value,Отворена стойност,,site/modules/Mercato/src/Admin/ProcessMercatoOrderPanels.php,d81b135a9ba813779e8a735d4a05ad10
Optional,По избор,,site/modules/Mercato/src/Admin/ProcessMercatoOrderPanels.php,ebb061953c0454b2c8ee7b0ac615ebcd
Optional product,По избор продукт,,site/modules/Mercato/src/Admin/ProcessMercatoOrderPanels.php,7570eadbba79d6219415f7663646ec93
Order,Поръчка,,site/modules/Mercato/src/Admin/ProcessMercatoOrderPanels.php,a240fa27925a635b08dc28c9e4f9216d
Order confirmation,Потвърждение на поръчка,,site/modules/Mercato/src/Admin/ProcessMercatoOrderPanels.php,fb077ecba55e5552916bde26d8b9e794
Order detail,Детайли на поръчката,,site/modules/Mercato/src/Admin/ProcessMercatoOrderPanels.php,1ed94d36d645c22f77807b47707e309b
Order items,Артикули на поръчката,,site/modules/Mercato/src/Admin/ProcessMercatoOrderPanels.php,2cee9edacddde0856a46d7db6aff9110
orders,поръчки,,site/modules/Mercato/src/Admin/ProcessMercatoOrderPanels.php,12c500ed0b7879105fb46af0f246be87
Orders,Поръчки,,site/modules/Mercato/src/Admin/ProcessMercatoOrderPanels.php,7442e29d7d53e549b78d93c46b8cdcfc
Orders accepted before stock arrives.,"Поръчки, приети преди пристигане на наличността.",,site/modules/Mercato/src/Admin/ProcessMercatoOrderPanels.php,3a184f7642ee65781b1a4a0242856d31
"Orders created by checkout, including pending and failed payment attempts.","Поръчки, създадени при плащане, включително чакащи и неуспешни опити за плащане.",,site/modules/Mercato/src/Admin/ProcessMercatoOrderPanels.php,4c0d3299201143545dfac8a2ab2a5091
Paid,Платена,,site/modules/Mercato/src/Admin/ProcessMercatoOrderPanels.php,e0010a0a1a3259ab5c06a19bad532851
Paid orders requiring fulfilment work until delivered or returned.,"Платени поръчки, изискващи работа по изпълнение до доставяне или връщане.",,site/modules/Mercato/src/Admin/ProcessMercatoOrderPanels.php,d4c9cb8702b6baa94221ab2670de0f54
Paid orders still visible in fulfilment.,"Платени поръчки, все още видими в изпълнението.",,site/modules/Mercato/src/Admin/ProcessMercatoOrderPanels.php,76d71099a0c7c0ed07541d45da3d1828
Paid revenue and order activity for the last 7 days.,Платен приход и активност на поръчките за последните 7 дни.,,site/modules/Mercato/src/Admin/ProcessMercatoOrderPanels.php,2fcc9018856382daccb5ac748a762f09
Payment complete,Плащането е завършено,,site/modules/Mercato/src/Admin/ProcessMercatoOrderPanels.php,ee1b6abe834d652a74fedd2f61a499e1
Payment link,Връзка за плащане,,site/modules/Mercato/src/Admin/ProcessMercatoOrderPanels.php,f9c43173e5db74a01dd11ce73fbbb237
Payment link email,Имейл с връзка за плащане,,site/modules/Mercato/src/Admin/ProcessMercatoOrderPanels.php,2d339f6d6a7836bc7e63a6110e7f428b
Payment method,Метод на плащане,,site/modules/Mercato/src/Admin/ProcessMercatoOrderPanels.php,f0aaaae189e9c7711931a65ffcd22543
Pending,Чакаща,,site/modules/Mercato/src/Admin/ProcessMercatoOrderPanels.php,2d13df6f8b5e4c5af9f87e0dc39df69d
Pending + processing,Чакащи + в обработка,,site/modules/Mercato/src/Admin/ProcessMercatoOrderPanels.php,5ee9e530fbbd898c2afbf8d6443ada5c
Phone,Телефон,,site/modules/Mercato/src/Admin/ProcessMercatoOrderPanels.php,bcc254b55c4a1babdf1dcb82c207506b
Pickup,Вземане от място,,site/modules/Mercato/src/Admin/ProcessMercatoOrderPanels.php,96fd07f8244c1d8b9a38930ea4bdec97
Pickup ready,Готово за вземане,,site/modules/Mercato/src/Admin/ProcessMercatoOrderPanels.php,0dffa27c3c6d1a40e4a140c9c98b5241
Postal code,Пощенски код,,site/modules/Mercato/src/Admin/ProcessMercatoOrderPanels.php,572ed696f21038e6cc6c86bb272a3222
"Prefilled from order %s. Review stock, fulfilment, discounts, and customer details before creating the new order.","Предварително попълнено от поръчка %s. Прегледайте наличността, изпълнението, отстъпките и данните за клиента преди да създадете новата поръчка.",,site/modules/Mercato/src/Admin/ProcessMercatoOrderPanels.php,f97bd71687a31b6a28ff10573d21858c
Preorder,Предварителна поръчка,,site/modules/Mercato/src/Admin/ProcessMercatoOrderPanels.php,5be8b098f9b79cf3b18767ffc5ecd169
Preview total,Преглед на общата сума,,site/modules/Mercato/src/Admin/ProcessMercatoOrderPanels.php,16bb0e271c9076fd73feb844171ae3f5
Processing,В обработка,,site/modules/Mercato/src/Admin/ProcessMercatoOrderPanels.php,643562a9ae7099c8aabfdc93478db117
Product line %d,Ред на продукт %d,,site/modules/Mercato/src/Admin/ProcessMercatoOrderPanels.php,2d34d61c1f9aaf73dee83368df35551d
Qty,К-во,,site/modules/Mercato/src/Admin/ProcessMercatoOrderPanels.php,03ab340b3f99e03cff9e84314ead38c0
Quantity line %d,Ред за количество %d,,site/modules/Mercato/src/Admin/ProcessMercatoOrderPanels.php,eb2f177e03189752cf20025cacbe6d04
Recent confirmations and fulfilment milestone emails.,Скорошни потвърждения и имейли за етапи на изпълнение.,,site/modules/Mercato/src/Admin/ProcessMercatoOrderPanels.php,b8106d23e5dc2a6029fd502651738471
"Recent manual shipment, delivery, return, and tracking updates.","Скорошни ръчни актуализации на пратка, доставка, връщане и проследяване.",,site/modules/Mercato/src/Admin/ProcessMercatoOrderPanels.php,8c9715eff36da82e578585fa60dbc23e
Recent Orders,Скорошни поръчки,,site/modules/Mercato/src/Admin/ProcessMercatoOrderPanels.php,fd3458547ef9c3a8bd0e1e1b4ef2b4dd
Repeat,Повторение,,site/modules/Mercato/src/Admin/ProcessMercatoOrderPanels.php,7020426cfb0a204051be4b3053d2acc8
Reset,Нулиране,,site/modules/Mercato/src/Admin/ProcessMercatoOrderPanels.php,526d688f37a86d3c3f27d0c5016eb71d
Revenue chart,Графика на прихода,,site/modules/Mercato/src/Admin/ProcessMercatoOrderPanels.php,9ab66dbcdad20bc40ec2168b24cc1bcd
Revenue Overview,Общ преглед на прихода,,site/modules/Mercato/src/Admin/ProcessMercatoOrderPanels.php,0b2ebf93afe5d231202b9adea9260dba
Search,Търсене,,site/modules/Mercato/src/Admin/ProcessMercatoOrderPanels.php,13348442cc6a27032d2b4aa28b75a5d3
Search customers,Търсене на клиенти,,site/modules/Mercato/src/Admin/ProcessMercatoOrderPanels.php,8c21c47c1d902c8a2a72183ab53387d3
Select previous customer,Избор на предишен клиент,,site/modules/Mercato/src/Admin/ProcessMercatoOrderPanels.php,f609d32846b09ecad6d8df2b355d92b1
Select product,Избор на продукт,,site/modules/Mercato/src/Admin/ProcessMercatoOrderPanels.php,94f4a55d52037aee6f01a214739d0fec
Sent,Изпратено,,site/modules/Mercato/src/Admin/ProcessMercatoOrderPanels.php,7f8c0283f16925caed8e632086b81b9c
"Service, setup fee, adjustment","Услуга, такса за настройка, корекция",,site/modules/Mercato/src/Admin/ProcessMercatoOrderPanels.php,58ee08755c69f6a7a26bd748529e9503
Shipping,Доставка,,site/modules/Mercato/src/Admin/ProcessMercatoOrderPanels.php,ea9cf7e47ff33b2be14e6dd07cbcefc6
Status,Статус,,site/modules/Mercato/src/Admin/ProcessMercatoOrderPanels.php,ec53a8c4f07baed5d8825072c89799be
Subtotal,Междинна сума,,site/modules/Mercato/src/Admin/ProcessMercatoOrderPanels.php,2194aaec8cc7086ab0e93f74547e5f53
Tax %,Данък %,,site/modules/Mercato/src/Admin/ProcessMercatoOrderPanels.php,a7fa76ae71664800f8994ad52581e3c2
Test email,Тестов имейл,,site/modules/Mercato/src/Admin/ProcessMercatoOrderPanels.php,d0bcd38c77602b5db10697502d93c9ec
The product dropdowns below are filtered by this term. Selected products stay available after filtering.,Падащите менюта с продукти по-долу са филтрирани по този термин. Избраните продукти остават налични след филтрирането.,,site/modules/Mercato/src/Admin/ProcessMercatoOrderPanels.php,6560ac976a05111969d55d3570faf3ee
Time,Час,,site/modules/Mercato/src/Admin/ProcessMercatoOrderPanels.php,a76d4ef5f3f6a672bbfab2865563e530
Total,Общо,,site/modules/Mercato/src/Admin/ProcessMercatoOrderPanels.php,96b0141273eabab320119c467cdcaf17
Tracking,Проследяване,,site/modules/Mercato/src/Admin/ProcessMercatoOrderPanels.php,2205dc082ba550b67ad71e3e2241d9a6
Type,Тип,,site/modules/Mercato/src/Admin/ProcessMercatoOrderPanels.php,a1fa27779242b4902f7ae3bdd5c6d508
Unfulfilled or in-progress fulfilment.,Неизпълнено или в процес на изпълнение.,,site/modules/Mercato/src/Admin/ProcessMercatoOrderPanels.php,117a87ee4aadc13069fb7cf71f173f71
Unit price,Единична цена,,site/modules/Mercato/src/Admin/ProcessMercatoOrderPanels.php,6c957f72dc8cdacc75762f2cbdcdfaf2
Update,Актуализиране,,site/modules/Mercato/src/Admin/ProcessMercatoOrderPanels.php,06933067aafd48425d67bcb01bba5cb6
Use customer,Използване на клиент,,site/modules/Mercato/src/Admin/ProcessMercatoOrderPanels.php,54d0e80416c749abff9ed1e338d51c65
User,Потребител,,site/modules/Mercato/src/Admin/ProcessMercatoOrderPanels.php,8f9bfe9d1345237cb3b2b205864da075
View all orders,Преглед на всички поръчки,,site/modules/Mercato/src/Admin/ProcessMercatoOrderPanels.php,2309d9606fa9660d65acfbb60d055284
VIP,VIP,,site/modules/Mercato/src/Admin/ProcessMercatoOrderPanels.php,5a11e0bd65af42743f1db2f10bcbba8e
Actions,Действия,,site/modules/Mercato/src/Admin/ProcessMercatoPaymentPanels.php,06df33001c1d7187fdd81ea1f5b277aa
All attempts,Всички опити,,site/modules/Mercato/src/Admin/ProcessMercatoPaymentPanels.php,2042605b7727ccdef05ecd5e33649575
All events,Всички събития,,site/modules/Mercato/src/Admin/ProcessMercatoPaymentPanels.php,1aafb073a1a78e52e044177f67da6615
All refunds,Всички възстановявания,,site/modules/Mercato/src/Admin/ProcessMercatoPaymentPanels.php,f1d04a8e88ccdad54438bd32bd462be7
All states,Всички щати/области,,site/modules/Mercato/src/Admin/ProcessMercatoPaymentPanels.php,6d28b9c928bcbe9303fbb74f8e7d2630
All statuses,Всички статуси,,site/modules/Mercato/src/Admin/ProcessMercatoPaymentPanels.php,96e3d398260724e0a83da53a2e9f20e7
Amount,Сума,,site/modules/Mercato/src/Admin/ProcessMercatoPaymentPanels.php,b2f40690858b404ed10e62bdf422c704
Any,Всякакъв,,site/modules/Mercato/src/Admin/ProcessMercatoPaymentPanels.php,ed36a1ef76a59ee3f15180e0441188ad
Apply filters,Прилагане на филтри,,site/modules/Mercato/src/Admin/ProcessMercatoPaymentPanels.php,79ee641715155ec7d121815215f2b70c
Attempt flow looks healthy for this filter.,Потокът на опитите изглежда наред за този филтър.,,site/modules/Mercato/src/Admin/ProcessMercatoPaymentPanels.php,cf8bb834c2fae76443da35e2653f31c2
Attempt ID,ID на опита,,site/modules/Mercato/src/Admin/ProcessMercatoPaymentPanels.php,65e7b417776a888ef4a04dea6915c317
Attempt visibility,Видимост на опитите,,site/modules/Mercato/src/Admin/ProcessMercatoPaymentPanels.php,f497fa68d9b65adac9313da52d73f0c6
Attempts,Опити,,site/modules/Mercato/src/Admin/ProcessMercatoPaymentPanels.php,7ba3b8236d48d4f4c5ec03c3fe6b75a9
Awaiting final state,Изчаква окончателен статус,,site/modules/Mercato/src/Admin/ProcessMercatoPaymentPanels.php,22579c32b4632dcf789d5287be8495ca
Awaiting gateway confirmation,Изчаква потвърждение от платежния доставчик,,site/modules/Mercato/src/Admin/ProcessMercatoPaymentPanels.php,7b6fb78903ce0cb27b26810d19c588f6
Awaiting provider confirmation,Изчаква потвърждение от доставчика,,site/modules/Mercato/src/Admin/ProcessMercatoPaymentPanels.php,9b08c129051be5b9bb4173eeb66c6493
Bank Transfer,Банков превод,,site/modules/Mercato/src/Admin/ProcessMercatoPaymentPanels.php,3726d2bc671a53445f9f57095bf9d76b
Canceled,Отказана,,site/modules/Mercato/src/Admin/ProcessMercatoPaymentPanels.php,0e22fe7d45f8e5632a4abf369b24e29c
Check refund status from the order detail page until the provider confirms.,"Проверявайте статуса на възстановяването от страницата с детайли на поръчката, докато доставчикът потвърди.",,site/modules/Mercato/src/Admin/ProcessMercatoPaymentPanels.php,630b880d591ddf4367bdef27f0aaefed
Check status,Проверка на статус,,site/modules/Mercato/src/Admin/ProcessMercatoPaymentPanels.php,eb198fdad4db7833129225464420e067
Completed,Завършена,,site/modules/Mercato/src/Admin/ProcessMercatoPaymentPanels.php,07ca5050e697392c9ed47e6453f1453f
Context,Контекст,,site/modules/Mercato/src/Admin/ProcessMercatoPaymentPanels.php,ad4e206408c1c59bfb8a057ba7857446
Created,Създадено,,site/modules/Mercato/src/Admin/ProcessMercatoPaymentPanels.php,0eceeb45861f9585dd7a97a3e36f85c6
Current audit window,Текущ прозорец за одит,,site/modules/Mercato/src/Admin/ProcessMercatoPaymentPanels.php,61f7ec20d6888e4283642e24c210ff5c
Current filtered set,Текущ филтриран набор,,site/modules/Mercato/src/Admin/ProcessMercatoPaymentPanels.php,261e95a8ce812a99ee8c6a68163c85a5
Demo,Демо,,site/modules/Mercato/src/Admin/ProcessMercatoPaymentPanels.php,f0258b6685684c113bad94d91b8fa02a
Detail,Детайл,,site/modules/Mercato/src/Admin/ProcessMercatoPaymentPanels.php,a254c25adc7d10d7e9c4889484f875a5
Event,Събитие,,site/modules/Mercato/src/Admin/ProcessMercatoPaymentPanels.php,a4ecfc70574394990cf17bd83df499f7
Export attempts,Експортиране на опити,,site/modules/Mercato/src/Admin/ProcessMercatoPaymentPanels.php,84e74ec146a641d80fd8ab3e9c8b4c9b
Export CSV,Експортиране на CSV,,site/modules/Mercato/src/Admin/ProcessMercatoPaymentPanels.php,c04f1e4841a6af78088d6ccf6f3a8a76
External ID,Външен ID,,site/modules/Mercato/src/Admin/ProcessMercatoPaymentPanels.php,01ddb49044c161b11fdb0c41adbeb3b3
Failed,Неуспешна,,site/modules/Mercato/src/Admin/ProcessMercatoPaymentPanels.php,d7c8c85bf79bbe1b7188497c32c3b0ca
Failed attempts,Неуспешни опити,,site/modules/Mercato/src/Admin/ProcessMercatoPaymentPanels.php,8de5dec02727520d8b1215f06862a620
Failed only,Само неуспешни,,site/modules/Mercato/src/Admin/ProcessMercatoPaymentPanels.php,975742c2b1056a87830e5c7695aa220f
Gateway,Платежен доставчик,,site/modules/Mercato/src/Admin/ProcessMercatoPaymentPanels.php,926dec9494209cb088b4962509df1a91
"Gateway attempt lifecycle across checkout, payment links, retries, and client-side confirmations.","Жизнен цикъл на опитите на платежния доставчик през плащане, връзки за плащане, повторни опити и клиентски потвърждения.",,site/modules/Mercato/src/Admin/ProcessMercatoPaymentPanels.php,d488e699bf3ae312e040fbf3b0055986
"Gateway attempt lifecycle for this order, including retries and client-side confirmations.","Жизнен цикъл на опитите на платежния доставчик за тази поръчка, включително повторни опити и клиентски потвърждения.",,site/modules/Mercato/src/Admin/ProcessMercatoPaymentPanels.php,edf558c23686f3dc62e8507dd4eae6b1
Gateway Status,Статус на платежния доставчик,,site/modules/Mercato/src/Admin/ProcessMercatoPaymentPanels.php,6f76790c71270306830a0507202f3d14
Gateways,Платежни доставчици,,site/modules/Mercato/src/Admin/ProcessMercatoPaymentPanels.php,f4bb39e6340915be908d4b0121d6a05a
Initialized,Инициализиран,,site/modules/Mercato/src/Admin/ProcessMercatoPaymentPanels.php,59d87a4758a9d35fbaf6b204341bb399
Issued,Издадено,,site/modules/Mercato/src/Admin/ProcessMercatoPaymentPanels.php,76bfc7f2b681dbab03ac439f9a605a3d
Latest attempt,Последен опит,,site/modules/Mercato/src/Admin/ProcessMercatoPaymentPanels.php,0570c59bc863d54b01a2050d91af87ec
Latest refund event,Последно събитие за възстановяване,,site/modules/Mercato/src/Admin/ProcessMercatoPaymentPanels.php,5dd0c3e0dc427ab0f3620bf9c6769bec
Logged refund amount,Регистрирана сума на възстановяване,,site/modules/Mercato/src/Admin/ProcessMercatoPaymentPanels.php,998b84eb94ae88db70626c1919c19cd4
Method,Метод,,site/modules/Mercato/src/Admin/ProcessMercatoPaymentPanels.php,4c3880bb027f159e801041b1021e88e8
Mollie,Mollie,,site/modules/Mercato/src/Admin/ProcessMercatoPaymentPanels.php,7c478959c218087ffc4ad5d96e7f66a6
Needs retry or review,Нуждае се от повторен опит или преглед,,site/modules/Mercato/src/Admin/ProcessMercatoPaymentPanels.php,3c27ed6d3d85c6ccc11f273db0f98059
No,Не,,site/modules/Mercato/src/Admin/ProcessMercatoPaymentPanels.php,bafd7322c6e97d25b6299b5d6fe8920b
No events,Няма събития,,site/modules/Mercato/src/Admin/ProcessMercatoPaymentPanels.php,ee210f096a32271ef43ccd1035af27d4
No failed attempts in this set,Няма неуспешни опити в този набор,,site/modules/Mercato/src/Admin/ProcessMercatoPaymentPanels.php,2f45cf071e31f3d875a4a31d4a19975d
No gateway attempts have been logged for this order yet.,Все още не са регистрирани опити на платежния доставчик за тази поръчка.,,site/modules/Mercato/src/Admin/ProcessMercatoPaymentPanels.php,32bcc67754d513b51b2a244752684596
No payment attempts match the current filters yet.,"Все още няма опити за плащане, отговарящи на текущите филтри.",,site/modules/Mercato/src/Admin/ProcessMercatoPaymentPanels.php,d1c7bfe6146966d0c69cef9828bc1feb
No payment attempts yet,Все още няма опити за плащане,,site/modules/Mercato/src/Admin/ProcessMercatoPaymentPanels.php,3267bdafd104b49ca018388082743999
No pending refunds in the audit window,Няма чакащи възстановявания в прозореца за одит,,site/modules/Mercato/src/Admin/ProcessMercatoPaymentPanels.php,530dc7b068c04c78eb271ae3757c64da
No refund events logged yet.,Все още не са регистрирани събития за възстановяване.,,site/modules/Mercato/src/Admin/ProcessMercatoPaymentPanels.php,68915e768f77a6753b8419fb09a5d6ab
No refund events yet,Все още няма събития за възстановяване,,site/modules/Mercato/src/Admin/ProcessMercatoPaymentPanels.php,40a10c864ca2732403c13a43c223ffb4
No rejected refunds in the audit window,Няма отхвърлени възстановявания в прозореца за одит,,site/modules/Mercato/src/Admin/ProcessMercatoPaymentPanels.php,1ec1f5086a115e314e5d569d9de984f4
None,Няма,,site/modules/Mercato/src/Admin/ProcessMercatoPaymentPanels.php,6adf97f83acf6453d4a6a4b1070f3754
"Open the order, review provider status, and avoid duplicate refunds.","Отворете поръчката, прегледайте статуса при доставчика и избягвайте дублирани възстановявания.",,site/modules/Mercato/src/Admin/ProcessMercatoPaymentPanels.php,aba5cf9c9bc9a1a92b83b982c41b268d
Open the related order and retry payment or send a recovery link.,Отворете свързаната поръчка и повторете плащането или изпратете връзка за възстановяване.,,site/modules/Mercato/src/Admin/ProcessMercatoPaymentPanels.php,ed557d8abe8d57f6326f7b83f162a5f9
Operational health,Оперативно здраве,,site/modules/Mercato/src/Admin/ProcessMercatoPaymentPanels.php,b9deea4f8cf717d181c4e1d10097da29
Operator action,Действие на оператора,,site/modules/Mercato/src/Admin/ProcessMercatoPaymentPanels.php,380b00015957362ffb808b69346edf38
Order,Поръчка,,site/modules/Mercato/src/Admin/ProcessMercatoPaymentPanels.php,a240fa27925a635b08dc28c9e4f9216d
Order #%d filter active,Активен филтър за поръчка #%d,,site/modules/Mercato/src/Admin/ProcessMercatoPaymentPanels.php,55b9a3eff19c874c020bc943c5d0fb79
Order ID,ID на поръчка,,site/modules/Mercato/src/Admin/ProcessMercatoPaymentPanels.php,d79cf3f429596f77db95c65074663a54
Paid,Платена,,site/modules/Mercato/src/Admin/ProcessMercatoPaymentPanels.php,e0010a0a1a3259ab5c06a19bad532851
Paid attempts,Платени опити,,site/modules/Mercato/src/Admin/ProcessMercatoPaymentPanels.php,96cded5efbb3874929ba1cc2c4471ac1
Payment,Плащане,,site/modules/Mercato/src/Admin/ProcessMercatoPaymentPanels.php,c453a4b8e8d98e82f35b67f433e3b4da
Payment Attempts,Опити за плащане,,site/modules/Mercato/src/Admin/ProcessMercatoPaymentPanels.php,e4ba582ac4d08b27e376d082c73e3259
PayPal,PayPal,,site/modules/Mercato/src/Admin/ProcessMercatoPaymentPanels.php,ad69e733ebae8d264bccaa38d68830e8
Pending,Чакаща,,site/modules/Mercato/src/Admin/ProcessMercatoPaymentPanels.php,2d13df6f8b5e4c5af9f87e0dc39df69d
Pending provider result,Чакащ резултат от доставчика,,site/modules/Mercato/src/Admin/ProcessMercatoPaymentPanels.php,63df2c6900548a6db835c29265cf740b
Processing,В обработка,,site/modules/Mercato/src/Admin/ProcessMercatoPaymentPanels.php,643562a9ae7099c8aabfdc93478db117
Processing attempts,Опити за обработка,,site/modules/Mercato/src/Admin/ProcessMercatoPaymentPanels.php,570d80a25e16bfd2403145e8c168a695
Provider refund requested,Заявено възстановяване към доставчика,,site/modules/Mercato/src/Admin/ProcessMercatoPaymentPanels.php,eb21dd9892b57e6c8f4ac8d38f2561bc
Provider rejection,Отхвърляне от доставчика,,site/modules/Mercato/src/Admin/ProcessMercatoPaymentPanels.php,ebf96aee8f000007ded980c2d2119e2a
Provider result applied,Приложен резултат от доставчика,,site/modules/Mercato/src/Admin/ProcessMercatoPaymentPanels.php,f2c54b1473c88c23cde383ce5d3f847c
Quick filters,Бързи филтри,,site/modules/Mercato/src/Admin/ProcessMercatoPaymentPanels.php,89d24daf0bdce656690f084b5f0af54e
Reason,Причина,,site/modules/Mercato/src/Admin/ProcessMercatoPaymentPanels.php,fffcb4d1e12c96b2f571f77ad25878b8
Recent provider-backed refund requests and reconciliation events.,Скорошни заявки за възстановяване от доставчика и събития по съгласуване.,,site/modules/Mercato/src/Admin/ProcessMercatoPaymentPanels.php,ea611553cf949c2998ab21075f45781b
Reconciled,Съгласувано,,site/modules/Mercato/src/Admin/ProcessMercatoPaymentPanels.php,279dc75d9cdde59345864c6bf38fd4b3
Refund audit looks healthy.,Одитът на възстановяванията изглежда наред.,,site/modules/Mercato/src/Admin/ProcessMercatoPaymentPanels.php,4fd43922e2afc6e7f975e3e4f8a18312
Refund events,Събития за възстановяване,,site/modules/Mercato/src/Admin/ProcessMercatoPaymentPanels.php,6ce212ea9fc67126f7bf9ca3c9dd5f63
Refund ID,ID на възстановяване,,site/modules/Mercato/src/Admin/ProcessMercatoPaymentPanels.php,ea4ef81603749d8f4b0573ca2f926eb9
Refund visibility,Видимост на възстановяванията,,site/modules/Mercato/src/Admin/ProcessMercatoPaymentPanels.php,ee7bd515262dc9460e07930ce5af3d04
Refunds,Възстановявания,,site/modules/Mercato/src/Admin/ProcessMercatoPaymentPanels.php,53beb26d8bca00f56fbd295fdee83459
Reset,Нулиране,,site/modules/Mercato/src/Admin/ProcessMercatoPaymentPanels.php,526d688f37a86d3c3f27d0c5016eb71d
Review,Преглед,,site/modules/Mercato/src/Admin/ProcessMercatoPaymentPanels.php,457dd55184faedb7885afd4009d70163
State,Област/щат,,site/modules/Mercato/src/Admin/ProcessMercatoPaymentPanels.php,46a2a41cc6e552044816a2d04634545d
Status,Статус,,site/modules/Mercato/src/Admin/ProcessMercatoPaymentPanels.php,ec53a8c4f07baed5d8825072c89799be
Stripe,Stripe,,site/modules/Mercato/src/Admin/ProcessMercatoPaymentPanels.php,ce7566d1d08cc094b74cf283cf9c56a5
Time,Час,,site/modules/Mercato/src/Admin/ProcessMercatoPaymentPanels.php,a76d4ef5f3f6a672bbfab2865563e530
Timeline,Хронология,,site/modules/Mercato/src/Admin/ProcessMercatoPaymentPanels.php,3d1f92a565d3b1a61880236e33c49bf3
Updated,Актуализирано,,site/modules/Mercato/src/Admin/ProcessMercatoPaymentPanels.php,ff0a3b7f3daef040faf89a88fdac01b7
Wait for provider confirmation or webhook reconciliation.,Изчакайте потвърждение от доставчика или съгласуване чрез webhook.,,site/modules/Mercato/src/Admin/ProcessMercatoPaymentPanels.php,a36f0e09241ce10792b1c6eed76ee60a
Watch,Наблюдение,,site/modules/Mercato/src/Admin/ProcessMercatoPaymentPanels.php,f20658650d987d31063b593c05980397
Yes,Да,,site/modules/Mercato/src/Admin/ProcessMercatoPaymentPanels.php,93cba07454f06a4a960172bbd6e2a435
%s is already suppressed for recovery.,%s вече е изключен(а) от възстановяването.,,site/modules/Mercato/src/Admin/ProcessMercatoPaymentRecoveryActions.php,51b007fbdf760be9b43fc673c0d7cbfc
%s is not suppressed for recovery.,%s не е изключен(а) от възстановяването.,,site/modules/Mercato/src/Admin/ProcessMercatoPaymentRecoveryActions.php,f372a6ca0245ca5a50579100ec07e96a
Bulk recovery cancellation failed.,Груповото отказване за възстановяване е неуспешно.,,site/modules/Mercato/src/Admin/ProcessMercatoPaymentRecoveryActions.php,fd1e985ab57353dbf36dfb0ee993d6c3
Bulk recovery cancellation was blocked.,Груповото отказване за възстановяване беше блокирано.,,site/modules/Mercato/src/Admin/ProcessMercatoPaymentRecoveryActions.php,33c9c0145f830842fc7e59fda54d1151
Bulk recovery cancellation was blocked. Refresh the page and try again.,Груповото отказване за възстановяване беше блокирано. Презаредете страницата и опитайте отново.,,site/modules/Mercato/src/Admin/ProcessMercatoPaymentRecoveryActions.php,356731e28b6d4e7cff2c7d4aaae98eb0
Canceled %d abandoned order(s).,Отказани %d изоставени поръчки.,,site/modules/Mercato/src/Admin/ProcessMercatoPaymentRecoveryActions.php,ca1f31bf2fcf11efde7b38b0426cfc05
Canceled unpaid order %s and released any active reservation.,Отказана неплатена поръчка %s и освободена евентуална активна резервация.,,site/modules/Mercato/src/Admin/ProcessMercatoPaymentRecoveryActions.php,fba730bf07c49ca222594c82526c0e42
Confirm that the filtered abandoned orders should be canceled.,"Потвърдете, че филтрираните изоставени поръчки трябва да бъдат отказани.",,site/modules/Mercato/src/Admin/ProcessMercatoPaymentRecoveryActions.php,88c879e2acc726964e42011f6e2d535d
Confirm that this provider refund should be submitted.,"Потвърдете, че това възстановяване към доставчика трябва да бъде подадено.",,site/modules/Mercato/src/Admin/ProcessMercatoPaymentRecoveryActions.php,6f22ed54dcd34f58a78bef63916fc52e
Confirm that this unpaid order should be canceled.,"Потвърдете, че тази неплатена поръчка трябва да бъде отказана.",,site/modules/Mercato/src/Admin/ProcessMercatoPaymentRecoveryActions.php,5be5fd38b579ff109993da9c40ed00d1
Confirmation email failed.,Потвърдителният имейл е неуспешен.,,site/modules/Mercato/src/Admin/ProcessMercatoPaymentRecoveryActions.php,768180014f27f6b46358113f4daf093d
Confirmation email was blocked.,Потвърдителният имейл беше блокиран.,,site/modules/Mercato/src/Admin/ProcessMercatoPaymentRecoveryActions.php,d8287e1ed651812be4c2d15fcb90a943
Confirmation email was blocked. Refresh the page and try again.,Потвърдителният имейл беше блокиран. Презаредете страницата и опитайте отново.,,site/modules/Mercato/src/Admin/ProcessMercatoPaymentRecoveryActions.php,dc25fad67cffa578f656503e26c82701
CSRF token validation failed.,Валидирането на CSRF токен е неуспешно.,,site/modules/Mercato/src/Admin/ProcessMercatoPaymentRecoveryActions.php,e1b850614e8638b71a2de10cbfd31e49
Customer does not match this profile screen.,Клиентът не съответства на този профилен екран.,,site/modules/Mercato/src/Admin/ProcessMercatoPaymentRecoveryActions.php,591b13c35ed31f940308e59e78a41530
Customer note failed.,Бележката за клиента е неуспешна.,,site/modules/Mercato/src/Admin/ProcessMercatoPaymentRecoveryActions.php,e1eca51e32e1918a6ee9af003f85550d
Customer note saved.,Бележката за клиента е запазена.,,site/modules/Mercato/src/Admin/ProcessMercatoPaymentRecoveryActions.php,7ff29c92cb39fcdb8feac5980ce65ac7
Customer note was blocked.,Бележката за клиента беше блокирана.,,site/modules/Mercato/src/Admin/ProcessMercatoPaymentRecoveryActions.php,026c5b63521c735a49bc2ee9f2c72197
Customer note was blocked. Refresh the page and try again.,Бележката за клиента беше блокирана. Презаредете страницата и опитайте отново.,,site/modules/Mercato/src/Admin/ProcessMercatoPaymentRecoveryActions.php,6d82a9b6749e21b6f7db9bccf08bc8c9
Discount code could not be applied.,Кодът за отстъпка не можа да бъде приложен.,,site/modules/Mercato/src/Admin/ProcessMercatoPaymentRecoveryActions.php,48dd2591bb5c221d947282601b024218
Enter a note before saving.,Въведете бележка преди запазване.,,site/modules/Mercato/src/Admin/ProcessMercatoPaymentRecoveryActions.php,1f7b2380621bf2c97f4f84973a43c39b
Fulfilment email failed.,Имейлът за изпълнение е неуспешен.,,site/modules/Mercato/src/Admin/ProcessMercatoPaymentRecoveryActions.php,a331a4a58c066835c16f6fc948476b67
Fulfilment email was blocked.,Имейлът за изпълнение беше блокиран.,,site/modules/Mercato/src/Admin/ProcessMercatoPaymentRecoveryActions.php,b7295d22992c16a372ace6977ca86988
Fulfilment email was blocked. Refresh the page and try again.,Имейлът за изпълнение беше блокиран. Презаредете страницата и опитайте отново.,,site/modules/Mercato/src/Admin/ProcessMercatoPaymentRecoveryActions.php,6492abb23251ed1ef61e9cff846d371f
Gateway confirmed refund of %s. Payment status is now %s.,Платежният доставчик потвърди възстановяване на %s. Статусът на плащането вече е %s.,,site/modules/Mercato/src/Admin/ProcessMercatoPaymentRecoveryActions.php,23a436c7121cd0dac02e3c4a1729da75
Generated a new public status link for %s.,Генерирана нова публична връзка за статус за %s.,,site/modules/Mercato/src/Admin/ProcessMercatoPaymentRecoveryActions.php,f2916808335e3c2eaa4ca276d34a7d0b
Invalid email address.,Невалиден имейл адрес.,,site/modules/Mercato/src/Admin/ProcessMercatoPaymentRecoveryActions.php,e267e2be02cf3e29f4ba53b5d97cf78a
Inventory needs attention.,Инвентарът се нуждае от внимание.,,site/modules/Mercato/src/Admin/ProcessMercatoPaymentRecoveryActions.php,1328d9eff84c0162efbb58ebcbb39f9b
Keep at least one line item quantity above zero.,Запазете поне един ред с количество над нула.,,site/modules/Mercato/src/Admin/ProcessMercatoPaymentRecoveryActions.php,046953c70247aa18bb5e718c0e378116
Limited to %d orders per run.,Ограничено до %d поръчки на изпълнение.,,site/modules/Mercato/src/Admin/ProcessMercatoPaymentRecoveryActions.php,c9e480441aa9d61a911406a22957e046
local-delivery,локална-доставка,,site/modules/Mercato/src/Admin/ProcessMercatoPaymentRecoveryActions.php,3f1829b00bbcd6b53d25664a91fbb8c5
Merchant bulk-canceled abandoned checkout from Recovery.,Търговецът групово отказа изоставена поръчка от Възстановяване.,,site/modules/Mercato/src/Admin/ProcessMercatoPaymentRecoveryActions.php,56a3d5d7e8e798e97f61cfe6818517fc
Merchant canceled abandoned checkout from Recovery.,Търговецът отказа изоставена поръчка от Възстановяване.,,site/modules/Mercato/src/Admin/ProcessMercatoPaymentRecoveryActions.php,e3b9b76050abb2e798988d575c2309c7
Merchant canceled unpaid order from Order Detail.,Търговецът отказа неплатена поръчка от Детайли на поръчката.,,site/modules/Mercato/src/Admin/ProcessMercatoPaymentRecoveryActions.php,f6dab92c095bb3d60810231822c5793a
Only unpaid payable orders can be canceled from this action.,"Само неплатени поръчки, подлежащи на плащане, могат да бъдат отказани чрез това действие.",,site/modules/Mercato/src/Admin/ProcessMercatoPaymentRecoveryActions.php,768058d1ba01e5bb9ec6bc11901e762f
Order cancellation failed.,Отказването на поръчката е неуспешно.,,site/modules/Mercato/src/Admin/ProcessMercatoPaymentRecoveryActions.php,58913ca247da6b3e3dfd3db51cc42ce5
Order cancellation was blocked.,Отказването на поръчката беше блокирано.,,site/modules/Mercato/src/Admin/ProcessMercatoPaymentRecoveryActions.php,42fe263643ca4ee54dd55593da800e79
Order cancellation was blocked. Refresh the page and try again.,Отказването на поръчката беше блокирано. Презаредете страницата и опитайте отново.,,site/modules/Mercato/src/Admin/ProcessMercatoPaymentRecoveryActions.php,f98bf0e0968d8782185f173a68779f9f
Order does not match this detail screen.,Поръчката не съответства на този екран с детайли.,,site/modules/Mercato/src/Admin/ProcessMercatoPaymentRecoveryActions.php,4734c70c38fa0154ef610fc628462f38
Order has no valid customer email.,Поръчката няма валиден имейл на клиента.,,site/modules/Mercato/src/Admin/ProcessMercatoPaymentRecoveryActions.php,0c30a1fa7bcfddd83d7d1a38186aabf6
Order is already paid.,Поръчката вече е платена.,,site/modules/Mercato/src/Admin/ProcessMercatoPaymentRecoveryActions.php,bd3343542cf66793e7dc99b1e39aaf33
Order not found.,Поръчката не е намерена.,,site/modules/Mercato/src/Admin/ProcessMercatoPaymentRecoveryActions.php,149ad34562bd32ca88aac01cd023fce5
Order note failed.,Бележката за поръчката е неуспешна.,,site/modules/Mercato/src/Admin/ProcessMercatoPaymentRecoveryActions.php,9c0894fd7c95ae284cd5942359ee9210
Order note saved.,Бележката за поръчката е запазена.,,site/modules/Mercato/src/Admin/ProcessMercatoPaymentRecoveryActions.php,29857991fc602b442fe9a82d18afbbdb
Order note was blocked.,Бележката за поръчката беше блокирана.,,site/modules/Mercato/src/Admin/ProcessMercatoPaymentRecoveryActions.php,bd9398114029716a0367d7b98b2bae6c
Order note was blocked. Refresh the page and try again.,Бележката за поръчката беше блокирана. Презаредете страницата и опитайте отново.,,site/modules/Mercato/src/Admin/ProcessMercatoPaymentRecoveryActions.php,32624fb8e351be7364e7be128ddaee2d
Order totals update failed.,Актуализацията на сумите на поръчката е неуспешна.,,site/modules/Mercato/src/Admin/ProcessMercatoPaymentRecoveryActions.php,86759470298b90451516ec73c06c2aa6
Order totals update was blocked.,Актуализацията на сумите на поръчката беше блокирана.,,site/modules/Mercato/src/Admin/ProcessMercatoPaymentRecoveryActions.php,87c03af162847bbd59f522b126371087
Order totals update was blocked. Refresh the page and try again.,Актуализацията на сумите на поръчката беше блокирана. Презаредете страницата и опитайте отново.,,site/modules/Mercato/src/Admin/ProcessMercatoPaymentRecoveryActions.php,0bb3bb8bc355b1bde3add6c2b8b7ddfe
Paid orders cannot be repriced from Mercato. Create a refund or adjustment instead.,Платените поръчки не могат да бъдат прецени наново от Mercato. Създайте възстановяване или корекция вместо това.,,site/modules/Mercato/src/Admin/ProcessMercatoPaymentRecoveryActions.php,f4e4880306cd3b885974e49a2f262d5e
Payment link email failed.,Имейлът с връзка за плащане е неуспешен.,,site/modules/Mercato/src/Admin/ProcessMercatoPaymentRecoveryActions.php,aed80ccc2401af5b4f7ef73f77c1f56b
Payment link email was blocked.,Имейлът с връзка за плащане беше блокиран.,,site/modules/Mercato/src/Admin/ProcessMercatoPaymentRecoveryActions.php,327c983e3e6df97f34e908c2ed9ff581
Payment link email was blocked. Refresh the page and try again.,Имейлът с връзка за плащане беше блокиран. Презаредете страницата и опитайте отново.,,site/modules/Mercato/src/Admin/ProcessMercatoPaymentRecoveryActions.php,84d2fb0a804c264c92aa5e88830ae0da
Payment reconciliation failed.,Съгласуването на плащането е неуспешно.,,site/modules/Mercato/src/Admin/ProcessMercatoPaymentRecoveryActions.php,36283c3ee8665a49cf51b5ea5e8ae8e3
Payment reconciliation was blocked.,Съгласуването на плащането беше блокирано.,,site/modules/Mercato/src/Admin/ProcessMercatoPaymentRecoveryActions.php,f66ed85cd0375c15a3a9e115ffa14a90
Payment reconciliation was blocked. Refresh the page and try again.,Съгласуването на плащането беше блокирано. Презаредете страницата и опитайте отново.,,site/modules/Mercato/src/Admin/ProcessMercatoPaymentRecoveryActions.php,1ba5b18073daa7eb7282df7bc96597a0
Payment status changed from %s to %s.,Статусът на плащане беше променен от %s на %s.,,site/modules/Mercato/src/Admin/ProcessMercatoPaymentRecoveryActions.php,02a51646d5b0e6a5d9ae4092981c2869
"Payment was recorded, but inventory needs attention.","Плащането беше регистрирано, но инвентарът се нуждае от внимание.",,site/modules/Mercato/src/Admin/ProcessMercatoPaymentRecoveryActions.php,c5b11140cf587f2b569cb1181451639d
pickup-ready,готово-за-вземане,,site/modules/Mercato/src/Admin/ProcessMercatoPaymentRecoveryActions.php,e6a0e77767baa395a150c3da240a861d
ProcessWire rejected the module configuration update.,ProcessWire отхвърли актуализацията на конфигурацията на модула.,,site/modules/Mercato/src/Admin/ProcessMercatoPaymentRecoveryActions.php,a2f13098bef4f90e835e1cdd87c49197
Recovery automation preview was blocked.,Прегледът на автоматизацията за възстановяване беше блокиран.,,site/modules/Mercato/src/Admin/ProcessMercatoPaymentRecoveryActions.php,bf9da187d9c7842a5c7390f7ebd0e954
Recovery automation preview was blocked. Refresh the page and try again.,Прегледът на автоматизацията за възстановяване беше блокиран. Презаредете страницата и опитайте отново.,,site/modules/Mercato/src/Admin/ProcessMercatoPaymentRecoveryActions.php,a3eaa78e502e018c0ddef606b59e2745
"Recovery automation preview: %d eligible order(s), %d checked.","Преглед на автоматизацията за възстановяване: %d допустима(и) поръчка(и), %d проверени.",,site/modules/Mercato/src/Admin/ProcessMercatoPaymentRecoveryActions.php,804a467604c9662f604865e6aabaf541
Recovery email failed.,Имейлът за възстановяване е неуспешен.,,site/modules/Mercato/src/Admin/ProcessMercatoPaymentRecoveryActions.php,723991c439905fee5d244428f247343e
Recovery email skipped.,Имейлът за възстановяване е пропуснат.,,site/modules/Mercato/src/Admin/ProcessMercatoPaymentRecoveryActions.php,f2e4630b9cf8fb5a71ab359d022b4a85
Recovery email was blocked.,Имейлът за възстановяване беше блокиран.,,site/modules/Mercato/src/Admin/ProcessMercatoPaymentRecoveryActions.php,75fabd92239347b43b7650d4809b5ede
Recovery email was blocked. Refresh the page and try again.,Имейлът за възстановяване беше блокиран. Презаредете страницата и опитайте отново.,,site/modules/Mercato/src/Admin/ProcessMercatoPaymentRecoveryActions.php,b56cca042c4a4a4843df5855a61f144f
Recovery order cancellation failed.,Отказването на поръчката за възстановяване е неуспешно.,,site/modules/Mercato/src/Admin/ProcessMercatoPaymentRecoveryActions.php,6f6342137c5cfd205ec67c0e7f70e409
Recovery order cancellation was blocked.,Отказването на поръчката за възстановяване беше блокирано.,,site/modules/Mercato/src/Admin/ProcessMercatoPaymentRecoveryActions.php,cf2ea2722752d2e0f6c4850e9ebd5697
Recovery order cancellation was blocked. Refresh the page and try again.,Отказването на поръчката за възстановяване беше блокирано. Презаредете страницата и опитайте отново.,,site/modules/Mercato/src/Admin/ProcessMercatoPaymentRecoveryActions.php,f5c9878b97e250f5e7b5639937c1eb59
Recovery suppression failed.,Изключването за възстановяване е неуспешно.,,site/modules/Mercato/src/Admin/ProcessMercatoPaymentRecoveryActions.php,c9ddc730889d091af5aa062e7f0f9d82
Recovery suppression was blocked.,Изключването за възстановяване беше блокирано.,,site/modules/Mercato/src/Admin/ProcessMercatoPaymentRecoveryActions.php,1f692a8353fa17cff766eed04dc680e9
Recovery suppression was blocked. Refresh the page and try again.,Изключването за възстановяване беше блокирано. Презаредете страницата и опитайте отново.,,site/modules/Mercato/src/Admin/ProcessMercatoPaymentRecoveryActions.php,44dea6685afc375ca3db52fcc4a72a14
Recovery unsuppression failed.,Премахването на изключването за възстановяване е неуспешно.,,site/modules/Mercato/src/Admin/ProcessMercatoPaymentRecoveryActions.php,3afdcbe2a227377d499224165ee01ac4
Recovery unsuppression was blocked.,Премахването на изключването за възстановяване беше блокирано.,,site/modules/Mercato/src/Admin/ProcessMercatoPaymentRecoveryActions.php,e69cfb5a4743b544b58e9274503f6414
Recovery unsuppression was blocked. Refresh the page and try again.,Премахването на изключването за възстановяване беше блокирано. Презаредете страницата и опитайте отново.,,site/modules/Mercato/src/Admin/ProcessMercatoPaymentRecoveryActions.php,64191365b411e5f3a54091919e00f2d5
Refund failed.,Възстановяването е неуспешно.,,site/modules/Mercato/src/Admin/ProcessMercatoPaymentRecoveryActions.php,39750b492c150b85fbb3e8ca510f6168
Refund of %s is still awaiting gateway confirmation.,Възстановяването на %s все още очаква потвърждение от платежния доставчик.,,site/modules/Mercato/src/Admin/ProcessMercatoPaymentRecoveryActions.php,54835bdd003f0776c1a0c51778b6c7a6
"Refund succeeded, but stock restoration requires attention.","Възстановяването е успешно, но възстановяването на наличността изисква внимание.",,site/modules/Mercato/src/Admin/ProcessMercatoPaymentRecoveryActions.php,9af9d53f6b1e3aa8aea864ea173a9f24
Refund was blocked.,Възстановяването беше блокирано.,,site/modules/Mercato/src/Admin/ProcessMercatoPaymentRecoveryActions.php,bbcf60193762cf6c22473d576347d330
Refund was blocked. Refresh the page and try again.,Възстановяването беше блокирано. Презаредете страницата и опитайте отново.,,site/modules/Mercato/src/Admin/ProcessMercatoPaymentRecoveryActions.php,4bd428289860d1381628883ab2451e6c
Refunded %s. Payment status is now %s.,Възстановено %s. Статусът на плащане вече е %s.,,site/modules/Mercato/src/Admin/ProcessMercatoPaymentRecoveryActions.php,8208d6425d27240584bbd8e7de59ed0d
Removed %s from recovery suppression.,Премахнат %s от изключванията за възстановяване.,,site/modules/Mercato/src/Admin/ProcessMercatoPaymentRecoveryActions.php,b63c461e72b8483ddcd1561551f62a73
Requested refund of %s. Payment status is now %s.,Заявено възстановяване на %s. Статусът на плащане вече е %s.,,site/modules/Mercato/src/Admin/ProcessMercatoPaymentRecoveryActions.php,045d199be28557695d23db5dd91c6145
Select a valid product to add.,Изберете валиден продукт за добавяне.,,site/modules/Mercato/src/Admin/ProcessMercatoPaymentRecoveryActions.php,6f3c0f2bd63976386b058d3baedfa45a
Select an enabled fulfilment method.,Изберете активиран метод за изпълнение.,,site/modules/Mercato/src/Admin/ProcessMercatoPaymentRecoveryActions.php,f888730548feaf7611ccea346c593810
Sent %s email for %s.,Изпратен имейл %s за %s.,,site/modules/Mercato/src/Admin/ProcessMercatoPaymentRecoveryActions.php,e9f86f74f09137577cb4959e622bda38
Sent order confirmation for %s.,Изпратено потвърждение на поръчка за %s.,,site/modules/Mercato/src/Admin/ProcessMercatoPaymentRecoveryActions.php,5cbd87f2445b7398b9cba590b4a2813e
Sent payment link for %s.,Изпратена връзка за плащане за %s.,,site/modules/Mercato/src/Admin/ProcessMercatoPaymentRecoveryActions.php,46c10aabe51cc4aa18a9fddbbd8eb02b
Sent recovery payment link for %s.,Изпратена връзка за плащане за възстановяване за %s.,,site/modules/Mercato/src/Admin/ProcessMercatoPaymentRecoveryActions.php,4568a06df45479ad45ef609c68b11357
Set the appropriate customer-facing fulfilment status before sending an email.,"Задайте подходящия статус на изпълнение, видим за клиента, преди да изпратите имейл.",,site/modules/Mercato/src/Admin/ProcessMercatoPaymentRecoveryActions.php,683da2c2a074af471deef811df26e912
shipping,доставка,,site/modules/Mercato/src/Admin/ProcessMercatoPaymentRecoveryActions.php,31211b6813083b13df997b9e3abbbd2b
Simulated %s webhook for order %s: %s → %s.,Симулиран webhook %s за поръчка %s: %s → %s.,,site/modules/Mercato/src/Admin/ProcessMercatoPaymentRecoveryActions.php,3f673dc7308095220ff0c8f28341df53
Status link reset failed.,Нулирането на връзката за статус е неуспешно.,,site/modules/Mercato/src/Admin/ProcessMercatoPaymentRecoveryActions.php,38e8ab053f28c05af41f77eb2a399431
Status link reset was blocked.,Нулирането на връзката за статус беше блокирано.,,site/modules/Mercato/src/Admin/ProcessMercatoPaymentRecoveryActions.php,64a9e4bb903ca5b3538c9e76af22809c
Status link reset was blocked. Refresh the page and try again.,Нулирането на връзката за статус беше блокирано. Презаредете страницата и опитайте отново.,,site/modules/Mercato/src/Admin/ProcessMercatoPaymentRecoveryActions.php,68a2280b34034929518825aa9a79a4f4
Suppressed %s from recovery emails.,Изключен %s от имейлите за възстановяване.,,site/modules/Mercato/src/Admin/ProcessMercatoPaymentRecoveryActions.php,b77e10f91afe544c191350f7429efaca
The gateway rejected the pending refund. Payment status was restored.,Платежният доставчик отхвърли чакащото възстановяване. Статусът на плащане беше възстановен.,,site/modules/Mercato/src/Admin/ProcessMercatoPaymentRecoveryActions.php,d8da13da7416e2ff893d105ffb75e526
This order has no editable item snapshot.,Тази поръчка няма редактируема снимка на артикулите.,,site/modules/Mercato/src/Admin/ProcessMercatoPaymentRecoveryActions.php,55a4cafbabe0c3add02b699630db5611
This order is not currently eligible for recovery email.,Тази поръчка в момента не е допустима за имейл за възстановяване.,,site/modules/Mercato/src/Admin/ProcessMercatoPaymentRecoveryActions.php,8c5a8817479947d69482335cc56f1d49
Unknown mail error.,Неизвестна грешка с имейла.,,site/modules/Mercato/src/Admin/ProcessMercatoPaymentRecoveryActions.php,dae6b1e8cb0d6e54a8765b9485b2e961
Unpaid order repriced.,Цената на неплатената поръчка е променена.,,site/modules/Mercato/src/Admin/ProcessMercatoPaymentRecoveryActions.php,5c2a1d339eae0dc2722ae1ccab452d19
Updated unpaid order total to %s.,Актуализирана обща сума на неплатената поръчка на %s.,,site/modules/Mercato/src/Admin/ProcessMercatoPaymentRecoveryActions.php,fbb839c8d1f9381c584d4df873af14af
Webhook simulation failed.,Симулацията на webhook е неуспешна.,,site/modules/Mercato/src/Admin/ProcessMercatoPaymentRecoveryActions.php,398afe1ac6450b4ac1c4947b7daeb688
Webhook simulation was blocked.,Симулацията на webhook беше блокирана.,,site/modules/Mercato/src/Admin/ProcessMercatoPaymentRecoveryActions.php,7a63919499ed33581b5d4e72bc427408
Webhook simulation was blocked. Refresh the page and try again.,Симулацията на webhook беше блокирана. Презаредете страницата и опитайте отново.,,site/modules/Mercato/src/Admin/ProcessMercatoPaymentRecoveryActions.php,d8baf21b84bbba338487dd312988d171
%s copy,копие на %s,,site/modules/Mercato/src/Admin/ProcessMercatoProductActions.php,aa8cba3dcab41dd0014c471de0c09f67
%s has no price field.,%s няма поле за цена.,,site/modules/Mercato/src/Admin/ProcessMercatoProductActions.php,18d51ed040317cf24ed33b2d9bf4c99c
%s has no product status field.,%s няма поле за статус на продукта.,,site/modules/Mercato/src/Admin/ProcessMercatoProductActions.php,0db1c5fd79cc027d66368c37874bf792
%s has no product type field.,%s няма поле за тип на продукта.,,site/modules/Mercato/src/Admin/ProcessMercatoProductActions.php,fe49490343f1c5075af8684caba13956
%s has no stock policy field.,%s няма поле за политика на наличност.,,site/modules/Mercato/src/Admin/ProcessMercatoProductActions.php,b1bfeaddb3fd122bc202fdd8af7c9401
%s would get an invalid price.,%s би получил невалидна цена.,,site/modules/Mercato/src/Admin/ProcessMercatoProductActions.php,91cd8adfa58f06fa199db2ffefa3b725
Bulk product action failed.,Груповото действие върху продукт е неуспешно.,,site/modules/Mercato/src/Admin/ProcessMercatoProductActions.php,2f6e1010992ca362cdb8200bfe27bbd4
Bulk product action was blocked.,Груповото действие върху продукт беше блокирано.,,site/modules/Mercato/src/Admin/ProcessMercatoProductActions.php,c0c54122cf6559aa78faf4906b92bee8
Bulk product action was blocked. Refresh the page and try again.,Груповото действие върху продукт беше блокирано. Презаредете страницата и опитайте отново.,,site/modules/Mercato/src/Admin/ProcessMercatoProductActions.php,a93b84fb947140bec8f51034335f8d2b
Bulk product actions are limited to 100 products per request.,Груповите действия върху продукти са ограничени до 100 продукта на заявка.,,site/modules/Mercato/src/Admin/ProcessMercatoProductActions.php,92a434117f0e7a0e4949cf96bcd43742
Choose a valid bulk action.,Изберете валидно групово действие.,,site/modules/Mercato/src/Admin/ProcessMercatoProductActions.php,1b74e6cc6a8b73062237dbdb5fe24697
Choose a valid product status.,Изберете валиден статус на продукта.,,site/modules/Mercato/src/Admin/ProcessMercatoProductActions.php,2806311289c1e0af93bc0963fb036038
Choose a valid product type.,Изберете валиден тип продукт.,,site/modules/Mercato/src/Admin/ProcessMercatoProductActions.php,1234de625535cc543f5f4f47999fb73a
Choose a valid publication status.,Изберете валиден статус на публикуване.,,site/modules/Mercato/src/Admin/ProcessMercatoProductActions.php,50393e08770af6d362cb204d3c61a123
Choose a valid stock policy.,Изберете валидна политика на наличност.,,site/modules/Mercato/src/Admin/ProcessMercatoProductActions.php,ad127a01b14cc210db90a1f7cc626011
CSRF token validation failed.,Валидирането на CSRF токен е неуспешно.,,site/modules/Mercato/src/Admin/ProcessMercatoProductActions.php,e1b850614e8638b71a2de10cbfd31e49
CSV could not be imported.,CSV файлът не можа да бъде импортиран.,,site/modules/Mercato/src/Admin/ProcessMercatoProductActions.php,d12f768bfa23b099c3c3db05762088e7
"Duplicated ""%s"" as ""%s"".","Дублиран ""%s"" като ""%s"".",,site/modules/Mercato/src/Admin/ProcessMercatoProductActions.php,2d256dd17b2100310e54b3bec0389d34
Enter a numeric price value before applying a price action.,Въведете числова стойност на цена преди прилагане на ценово действие.,,site/modules/Mercato/src/Admin/ProcessMercatoProductActions.php,d040527f9b268a80f8f59370e4f14938
Import blocked. Refresh the page and try again.,Импортът е блокиран. Презаредете страницата и опитайте отново.,,site/modules/Mercato/src/Admin/ProcessMercatoProductActions.php,afd6353fd139b38a60a7690b478b0b96
"Imported: %d created, %d updated, %d skipped, %d image(s).","Импортирани: %d създадени, %d актуализирани, %d пропуснати, %d изображение(я).",,site/modules/Mercato/src/Admin/ProcessMercatoProductActions.php,4f8f4d99b40f01d375f813969e8a6d4c
Invalid product status action.,Невалидно действие за статус на продукт.,,site/modules/Mercato/src/Admin/ProcessMercatoProductActions.php,d7d3465a6cd0accdc682ee32ac1e249e
Invalid product type action.,Невалидно действие за тип продукт.,,site/modules/Mercato/src/Admin/ProcessMercatoProductActions.php,b28647129d335b0abfc7b751b85de19b
Invalid stock policy action.,Невалидно действие за политика на наличност.,,site/modules/Mercato/src/Admin/ProcessMercatoProductActions.php,2e5742358c8e79d47b5653542d301c68
"Preview: %d create, %d update, %d skipped.","Преглед: %d за създаване, %d за актуализиране, %d пропуснати.",,site/modules/Mercato/src/Admin/ProcessMercatoProductActions.php,f9d988b3d6401cf2f905050544afe82c
Price and shipping must be non-negative numeric values.,Цената и доставката трябва да са неотрицателни числови стойности.,,site/modules/Mercato/src/Admin/ProcessMercatoProductActions.php,e352ef2469ebcdd81ac78587bd1774a6
Product %d was not found.,Продукт %d не беше намерен.,,site/modules/Mercato/src/Admin/ProcessMercatoProductActions.php,f649602b72aa87f63c5ba4b1f890a5dc
Product duplicate failed.,Дублирането на продукта е неуспешно.,,site/modules/Mercato/src/Admin/ProcessMercatoProductActions.php,531cc231b0a508b7b0c8596344ac1cd3
Product duplicate was blocked.,Дублирането на продукта беше блокирано.,,site/modules/Mercato/src/Admin/ProcessMercatoProductActions.php,4c164a91e42af6d900d17e60b999e3d6
Product duplicate was blocked. Refresh the page and try again.,Дублирането на продукта беше блокирано. Презаредете страницата и опитайте отново.,,site/modules/Mercato/src/Admin/ProcessMercatoProductActions.php,58e550067592c4b00f80947ea8430bab
Product import was blocked.,Импортът на продукта беше блокиран.,,site/modules/Mercato/src/Admin/ProcessMercatoProductActions.php,2b273b3f4c2e98190d7e7eee656f1bac
Product not found.,Продуктът не е намерен.,,site/modules/Mercato/src/Admin/ProcessMercatoProductActions.php,e4000a1cbe889f868f82b1b177936841
Product quick update failed.,Бързата актуализация на продукта е неуспешна.,,site/modules/Mercato/src/Admin/ProcessMercatoProductActions.php,f648f4e087138702312e4293f3c40268
Product quick update was blocked.,Бързата актуализация на продукта беше блокирана.,,site/modules/Mercato/src/Admin/ProcessMercatoProductActions.php,3838d5f95744e5b25c4547a49f08c7fe
Product quick update was blocked. Refresh the page and try again.,Бързата актуализация на продукта беше блокирана. Презаредете страницата и опитайте отново.,,site/modules/Mercato/src/Admin/ProcessMercatoProductActions.php,3d35df57cb3d9c0e93084c8198bc9ca8
Select at least one product.,Изберете поне един продукт.,,site/modules/Mercato/src/Admin/ProcessMercatoProductActions.php,bdb236cd952ff6c45454bbd50678b0b4
Source product or product template is missing.,Изходният продукт или шаблонът на продукта липсва.,,site/modules/Mercato/src/Admin/ProcessMercatoProductActions.php,9377f8b85e9292b4da84206a17270dd5
Updated %d product(s).,Актуализирани %d продукт(и).,,site/modules/Mercato/src/Admin/ProcessMercatoProductActions.php,b295cee1e32de99fe65886787186bced
"Updated quick commerce fields for ""%s"".","Актуализирани бързи търговски полета за ""%s"".",,site/modules/Mercato/src/Admin/ProcessMercatoProductActions.php,2a8c56a0dd1a34e195fc56e3c656e2d7
%s copy,копие на %s,,site/modules/Mercato/src/Admin/ProcessMercatoProductPanels.php,aa8cba3dcab41dd0014c471de0c09f67
Active,Активен,,site/modules/Mercato/src/Admin/ProcessMercatoProductPanels.php,4d3d769b812b6faa6b76e1a8abaece2d
Activity events,Събития за активност,,site/modules/Mercato/src/Admin/ProcessMercatoProductPanels.php,8e760806042b2bceae9599f42f783359
Add amount to price,Добавяне на сума към цената,,site/modules/Mercato/src/Admin/ProcessMercatoProductPanels.php,859e518a1ec29f2987615a7b992a21cc
Add Product,Добавяне на продукт,,site/modules/Mercato/src/Admin/ProcessMercatoProductPanels.php,f06cdf0d376cf800a466db88d8886a79
Adjust,Коригиране,,site/modules/Mercato/src/Admin/ProcessMercatoProductPanels.php,51d7a685e12188ee196670343e1ac2cd
All policies,Всички политики,,site/modules/Mercato/src/Admin/ProcessMercatoProductPanels.php,58f61e038e0600c54e3ac1b1cb2b1f2e
All product statuses,Всички статуси на продукти,,site/modules/Mercato/src/Admin/ProcessMercatoProductPanels.php,20fcd20791e451768cf2bfd6c84caa04
All product types,Всички типове продукти,,site/modules/Mercato/src/Admin/ProcessMercatoProductPanels.php,8015298a40b7dfaf7c781a2ff153cdbe
All statuses,Всички статуси,,site/modules/Mercato/src/Admin/ProcessMercatoProductPanels.php,96e3d398260724e0a83da53a2e9f20e7
All stock,Цялата наличност,,site/modules/Mercato/src/Admin/ProcessMercatoProductPanels.php,9955ed5bff75ea8ee7fe2f0954ce1b0b
Apply stock adjustment,Прилагане на корекция на наличност,,site/modules/Mercato/src/Admin/ProcessMercatoProductPanels.php,af79ceab543d05ba2b7901b2e534852e
Apply to selected,Прилагане към избраните,,site/modules/Mercato/src/Admin/ProcessMercatoProductPanels.php,6f768860b19fb1fcefd50ee72b3b6749
Archived,Архивиран,,site/modules/Mercato/src/Admin/ProcessMercatoProductPanels.php,7d69b3cb4cada18ae61811304f8fbcb5
Back to products,Обратно към продуктите,,site/modules/Mercato/src/Admin/ProcessMercatoProductPanels.php,dc30c2bfc6927bfd521e4c1f88b08f2c
Backorder,Задължение при изчерпване,,site/modules/Mercato/src/Admin/ProcessMercatoProductPanels.php,ac52934d2cc3e2258351c4aed9e46e4f
Backorder: %d owed,Задължение при изчерпване: %d дължими,,site/modules/Mercato/src/Admin/ProcessMercatoProductPanels.php,d53b20f1740a9d9c0afd15e9b6850b5b
Bulk action,Групово действие,,site/modules/Mercato/src/Admin/ProcessMercatoProductPanels.php,d2b9cbf9a198d3b1d1d418bb5f08b940
Bulk price value,Стойност за групова цена,,site/modules/Mercato/src/Admin/ProcessMercatoProductPanels.php,0a2007a24c8e7ceb7ce0952192f2327e
Bulk product action,Групово действие върху продукт,,site/modules/Mercato/src/Admin/ProcessMercatoProductPanels.php,ad4fdc9cba0414a736e64a1c37b61c81
Change price by percent,Промяна на цената в проценти,,site/modules/Mercato/src/Admin/ProcessMercatoProductPanels.php,b9b9968797a039487470f44f52b0c08b
Collections,Колекции,,site/modules/Mercato/src/Admin/ProcessMercatoProductPanels.php,a9fc91939a389c7c73e7a3f3cbf411cd
Copy product images,Копиране на изображенията на продукта,,site/modules/Mercato/src/Admin/ProcessMercatoProductPanels.php,e7b6c1bb0ac4963fd9e0f39a3077f2c1
Created,Създадено,,site/modules/Mercato/src/Admin/ProcessMercatoProductPanels.php,0eceeb45861f9585dd7a97a3e36f85c6
Customer,Клиент,,site/modules/Mercato/src/Admin/ProcessMercatoProductPanels.php,ce26601dac0dea138b7295f02b7620a7
Deny,Отказ,,site/modules/Mercato/src/Admin/ProcessMercatoProductPanels.php,3682d1665cf331373000c20680732d3a
Deny oversell,Забрана на свръхпродажба,,site/modules/Mercato/src/Admin/ProcessMercatoProductPanels.php,bed4eb3fad906f07cabcbfc42b89e342
Detail,Детайл,,site/modules/Mercato/src/Admin/ProcessMercatoProductPanels.php,a254c25adc7d10d7e9c4889484f875a5
Details,Детайли,,site/modules/Mercato/src/Admin/ProcessMercatoProductPanels.php,3ec365dd533ddb7ef3d1c111186ce872
Digital,Дигитален,,site/modules/Mercato/src/Admin/ProcessMercatoProductPanels.php,0bb8309239953b782fec18706fe60b4a
Digital product,Дигитален продукт,,site/modules/Mercato/src/Admin/ProcessMercatoProductPanels.php,59010a6e199ad2f924138d4c4f258960
Discontinued,Прекратен,,site/modules/Mercato/src/Admin/ProcessMercatoProductPanels.php,6d56a3416f6c570eba791f58cc9c127e
Duplicate product,Дублиране на продукт,,site/modules/Mercato/src/Admin/ProcessMercatoProductPanels.php,ef59c24bfd6376c1d8d097f8f3c0c1d9
Duplicate SKU,Дублиран SKU,,site/modules/Mercato/src/Admin/ProcessMercatoProductPanels.php,7dd8677181b779bbcfd8175dedec74a7
Duplicate title,Дублирано заглавие,,site/modules/Mercato/src/Admin/ProcessMercatoProductPanels.php,229591deccb9589827f1f7b2b1225e35
Edit,Редактиране,,site/modules/Mercato/src/Admin/ProcessMercatoProductPanels.php,7dce122004969d56ae2e0245cb754d35
Edit fields,Редактиране на полета,,site/modules/Mercato/src/Admin/ProcessMercatoProductPanels.php,4992df5851ac2d79e68d1cc380c15e00
Event,Събитие,,site/modules/Mercato/src/Admin/ProcessMercatoProductPanels.php,a4ecfc70574394990cf17bd83df499f7
Export activity,Експортиране на активност,,site/modules/Mercato/src/Admin/ProcessMercatoProductPanels.php,073b61754041ad1aed382b19c1555256
Export CSV,Експортиране на CSV,,site/modules/Mercato/src/Admin/ProcessMercatoProductPanels.php,c04f1e4841a6af78088d6ccf6f3a8a76
Filter,Филтър,,site/modules/Mercato/src/Admin/ProcessMercatoProductPanels.php,d7778d0c64b6ba21494c97f77a66885a
Free,Безплатно,,site/modules/Mercato/src/Admin/ProcessMercatoProductPanels.php,b24ce0cd392a5b0b8dedc66c25213594
Hidden,Скрит,,site/modules/Mercato/src/Admin/ProcessMercatoProductPanels.php,7acdf85c69cc3c5305456a293524386e
Hide,Скриване,,site/modules/Mercato/src/Admin/ProcessMercatoProductPanels.php,62a5e490880a92eef74f167d9dc6dca0
Import,Импорт,,site/modules/Mercato/src/Admin/ProcessMercatoProductPanels.php,72d6d7a1885885bb55a565fd1070581a
Import Products CSV,Импортиране на CSV с продукти,,site/modules/Mercato/src/Admin/ProcessMercatoProductPanels.php,66436f50e3949381ce6170cc4356a84e
In stock,В наличност,,site/modules/Mercato/src/Admin/ProcessMercatoProductPanels.php,fcebe56087b9373f15514831184fa572
Invoice,Фактура,,site/modules/Mercato/src/Admin/ProcessMercatoProductPanels.php,466eadd40b3c10580e3ab4e8061161ce
Line revenue before order-level totals.,Приход от реда преди сумите на ниво поръчка.,,site/modules/Mercato/src/Admin/ProcessMercatoProductPanels.php,e4c60631475ba8cb3dc0e606bf149a66
Low stock,Ниска наличност,,site/modules/Mercato/src/Admin/ProcessMercatoProductPanels.php,7e2525a11bd12b7925456dae1e15ccc3
Low ≤ %d,Ниска ≤ %d,,site/modules/Mercato/src/Admin/ProcessMercatoProductPanels.php,f5425d8bbb5f63874f83517499155f7e
Newest updated,Най-скоро актуализирани,,site/modules/Mercato/src/Admin/ProcessMercatoProductPanels.php,70197e5c2ad91f7f3429136e07a06731
No image,Няма изображение,,site/modules/Mercato/src/Admin/ProcessMercatoProductPanels.php,9dd7104e68d1b5f994264b9387c9d271
No orders contain this product yet.,"Все още няма поръчки, съдържащи този продукт.",,site/modules/Mercato/src/Admin/ProcessMercatoProductPanels.php,4d46cf0bc7683b0530410b62e0747f9c
No product activity logged yet.,Все още не е регистрирана активност на продукта.,,site/modules/Mercato/src/Admin/ProcessMercatoProductPanels.php,5453cd4c65e221f790e0ce1373e3383a
No products yet. Run the installer or add your first product.,Все още няма продукти. Стартирайте инсталатора или добавете първия си продукт.,,site/modules/Mercato/src/Admin/ProcessMercatoProductPanels.php,0c62786a4e4a084186597b6e19e3ce0b
Note,Бележка,,site/modules/Mercato/src/Admin/ProcessMercatoProductPanels.php,3b0649c72650c313a357338dcdfb64ec
Oldest updated,Най-отдавна актуализирани,,site/modules/Mercato/src/Admin/ProcessMercatoProductPanels.php,9a99f052cafdf001e295ec3e1aa71412
Open duplicate,Отвори дубликата,,site/modules/Mercato/src/Admin/ProcessMercatoProductPanels.php,bde48cd0b247de99a50f44adff693235
Order,Поръчка,,site/modules/Mercato/src/Admin/ProcessMercatoProductPanels.php,a240fa27925a635b08dc28c9e4f9216d
Order metrics and order rows require the mercato-view-orders permission.,Метриките на поръчките и редовете на поръчките изискват право mercato-view-orders.,,site/modules/Mercato/src/Admin/ProcessMercatoProductPanels.php,c1cdc7264bd51d4d301c48543801f2a8
Orders,Поръчки,,site/modules/Mercato/src/Admin/ProcessMercatoProductPanels.php,7442e29d7d53e549b78d93c46b8cdcfc
Orders containing this product.,"Поръчки, съдържащи този продукт.",,site/modules/Mercato/src/Admin/ProcessMercatoProductPanels.php,44ddebd5d0cf4d457433604f2aacd848
Orders With This Product,Поръчки с този продукт,,site/modules/Mercato/src/Admin/ProcessMercatoProductPanels.php,b5a8f892406d37b13880b6b2caa6d3cc
Out of stock,Изчерпан,,site/modules/Mercato/src/Admin/ProcessMercatoProductPanels.php,b55197a49e8c4cd8c314bc2aa39d6feb
"Paste CSV with headers. Existing products are updated by SKU first, then by page name. No products are deleted. image_urls accepts local paths or URLs separated by |.","Поставете CSV със заглавия. Съществуващите продукти се актуализират първо по SKU, след това по име на страница. Не се изтриват продукти. image_urls приема локални пътища или URL адреси, разделени с |.",,site/modules/Mercato/src/Admin/ProcessMercatoProductPanels.php,e42b6e9cb8e248590d689f31ec6b663a
Payment,Плащане,,site/modules/Mercato/src/Admin/ProcessMercatoProductPanels.php,c453a4b8e8d98e82f35b67f433e3b4da
Physical,Физически,,site/modules/Mercato/src/Admin/ProcessMercatoProductPanels.php,ce898d62ed9ca7653a01fe0c781e97e9
Physical product,Физически продукт,,site/modules/Mercato/src/Admin/ProcessMercatoProductPanels.php,4943edb7310ba7ed85eb96f26c2f18a2
Placeholder,Заместител,,site/modules/Mercato/src/Admin/ProcessMercatoProductPanels.php,68753d36ec0c4d7768b20993268d68d1
Placeholder / not purchasable,Заместител / не подлежи на покупка,,site/modules/Mercato/src/Admin/ProcessMercatoProductPanels.php,85f88adb96c026d3aecf12dab52b4e46
Policy,Политика,,site/modules/Mercato/src/Admin/ProcessMercatoProductPanels.php,51359e8b51c63b87d50cb1bab73380e2
Preorder,Предварителна поръчка,,site/modules/Mercato/src/Admin/ProcessMercatoProductPanels.php,5be8b098f9b79cf3b18767ffc5ecd169
Preorder: %d owed,Предварителна поръчка: %d дължими,,site/modules/Mercato/src/Admin/ProcessMercatoProductPanels.php,b45efc0601cf46fec263ae4d8d1a50dc
Preview,Преглед,,site/modules/Mercato/src/Admin/ProcessMercatoProductPanels.php,31fde7b05ac8952dacf4af8a704074ec
Price,Цена,,site/modules/Mercato/src/Admin/ProcessMercatoProductPanels.php,3601146c4e948c32b6424d2c0a7f0118
Price high-low,Цена: висока-ниска,,site/modules/Mercato/src/Admin/ProcessMercatoProductPanels.php,3fa6c4705435b0c3760e6c4bd8faca42
Price low-high,Цена: ниска-висока,,site/modules/Mercato/src/Admin/ProcessMercatoProductPanels.php,8e3140a98537cb90aacd787a80b55180
Price value,Стойност на цената,,site/modules/Mercato/src/Admin/ProcessMercatoProductPanels.php,5bec55f35bbffd348564516b0cc1264a
Product,Продукт,,site/modules/Mercato/src/Admin/ProcessMercatoProductPanels.php,deb10517653c255364175796ace3553f
Product Activity,Активност на продукта,,site/modules/Mercato/src/Admin/ProcessMercatoProductPanels.php,52cf34921bca7f4437f5a60bdfb54ab4
Product Detail,Детайли на продукта,,site/modules/Mercato/src/Admin/ProcessMercatoProductPanels.php,4af84ab6cb5b74718e398e80650bc4dd
Product revenue,Приход от продукта,,site/modules/Mercato/src/Admin/ProcessMercatoProductPanels.php,512629196191e816cafb706012a7faaa
Product status,Статус на продукта,,site/modules/Mercato/src/Admin/ProcessMercatoProductPanels.php,fbd8442315206102188bb70cf7d5b3bf
Product type,Тип продукт,,site/modules/Mercato/src/Admin/ProcessMercatoProductPanels.php,3d19aea4e2d382e85165bbf71cef1e05
Products,Продукти,,site/modules/Mercato/src/Admin/ProcessMercatoProductPanels.php,068f80c7519d0528fb08e82137a72131
Products available to the storefront and checkout flow.,"Продукти, налични за витрината и процеса на плащане.",,site/modules/Mercato/src/Admin/ProcessMercatoProductPanels.php,20a69a40efb4a3faa65babeb80425067
Publish,Публикуване,,site/modules/Mercato/src/Admin/ProcessMercatoProductPanels.php,110a4b01beabd53b661a47d4b44bd7a8
Published,Публикуван,,site/modules/Mercato/src/Admin/ProcessMercatoProductPanels.php,9b9d8a976b42e0bd66381797644943d5
Quantity,Количество,,site/modules/Mercato/src/Admin/ProcessMercatoProductPanels.php,694e8d1f2ee056f98ee488bdc4982d73
Quantity sold,Продадено количество,,site/modules/Mercato/src/Admin/ProcessMercatoProductPanels.php,2a0440eec72540c5b30d9199c01f348c
Recent orders whose item snapshot references this product.,"Скорошни поръчки, чиято снимка на артикулите съдържа този продукт.",,site/modules/Mercato/src/Admin/ProcessMercatoProductPanels.php,a098c3be3b7d35d819948bf25feaf0f6
Recent product audit records.,Скорошни записи от одита на продукта.,,site/modules/Mercato/src/Admin/ProcessMercatoProductPanels.php,4763e3931d96922147acc540af0052d1
"Recent product status, price, policy, and stock operations.","Скорошни операции по статус, цена, политика и наличност на продукта.",,site/modules/Mercato/src/Admin/ProcessMercatoProductPanels.php,0be99f42536dff38aaaad22971c64345
Recurring,Повтарящ се,,site/modules/Mercato/src/Admin/ProcessMercatoProductPanels.php,582ff616b727759a2208c65b27b0d309
Recurring subscription / not one-off purchasable,Повтарящ се абонамент / не се купува еднократно,,site/modules/Mercato/src/Admin/ProcessMercatoProductPanels.php,0d0f9cebd73a844374aa365825bb404d
Requires order view permission.,Изисква право за преглед на поръчки.,,site/modules/Mercato/src/Admin/ProcessMercatoProductPanels.php,f8ddea218427a80983e6e3ee204ce7c6
Reset,Нулиране,,site/modules/Mercato/src/Admin/ProcessMercatoProductPanels.php,526d688f37a86d3c3f27d0c5016eb71d
Sample CSV,Примерен CSV,,site/modules/Mercato/src/Admin/ProcessMercatoProductPanels.php,30211d1a7d6bddb07be6b6133f2dff2f
"Search title, SKU, description...","Търсене по заглавие, SKU, описание...",,site/modules/Mercato/src/Admin/ProcessMercatoProductPanels.php,e6564ade42302a1c268a0b846a2ab230
Select %s,Избери %s,,site/modules/Mercato/src/Admin/ProcessMercatoProductPanels.php,4c34b52c71d3616b7debe4e48fc2df71
Select products in the table below. Price actions use the value field; product status and placeholder type actions control purchasability without changing ProcessWire publication.,"Изберете продукти в таблицата по-долу. Ценовите действия използват полето за стойност; действията за статус на продукт и тип „заместител“ управляват възможността за покупка, без да променят публикуването в ProcessWire.",,site/modules/Mercato/src/Admin/ProcessMercatoProductPanels.php,acd73649db27a4baf85041439f70ae26
Service,Услуга,,site/modules/Mercato/src/Admin/ProcessMercatoProductPanels.php,c2ba7e785c49050f48da9aacc45c2b85
Set policy: backorder,Задаване на политика: задължение при изчерпване,,site/modules/Mercato/src/Admin/ProcessMercatoProductPanels.php,dbac730beaa76a06fe270899cf3ffd89
Set policy: deny oversell,Задаване на политика: забрана на свръхпродажба,,site/modules/Mercato/src/Admin/ProcessMercatoProductPanels.php,2bf85afc6a0c108ac0433a747e5b1809
Set policy: preorder,Задаване на политика: предварителна поръчка,,site/modules/Mercato/src/Admin/ProcessMercatoProductPanels.php,e703a5f5a63d97bff85d39500df963d6
Set price to value,Задаване на цена на стойност,,site/modules/Mercato/src/Admin/ProcessMercatoProductPanels.php,ca2d6b63bd60402aa621027cfc61c55c
Set product status: active,Задаване на статус на продукт: активен,,site/modules/Mercato/src/Admin/ProcessMercatoProductPanels.php,731da8e86a677a36386254eceaa1089e
Set product status: archived,Задаване на статус на продукт: архивиран,,site/modules/Mercato/src/Admin/ProcessMercatoProductPanels.php,8143aec032fcd2842fcec6dd399ea7c3
Set product status: discontinued,Задаване на статус на продукт: прекратен,,site/modules/Mercato/src/Admin/ProcessMercatoProductPanels.php,42c6738af12113cd0c02ee3f1d0ceee7
Set product type: digital,Задаване на тип продукт: дигитален,,site/modules/Mercato/src/Admin/ProcessMercatoProductPanels.php,eeb663724e2cc084fd69f380023b63f8
Set product type: physical,Задаване на тип продукт: физически,,site/modules/Mercato/src/Admin/ProcessMercatoProductPanels.php,01ee46fc17735f5b73a578f60dcc0036
Set product type: placeholder,Задаване на тип продукт: заместител,,site/modules/Mercato/src/Admin/ProcessMercatoProductPanels.php,9cefcaba9d584e9ed064d46a57f8489f
Set product type: recurring,Задаване на тип продукт: повтарящ се,,site/modules/Mercato/src/Admin/ProcessMercatoProductPanels.php,76438976fbad4dd0d256d30254f9280d
Set product type: service,Задаване на тип продукт: услуга,,site/modules/Mercato/src/Admin/ProcessMercatoProductPanels.php,526292fbd5038a6c326a17233cddbc91
Shipping,Доставка,,site/modules/Mercato/src/Admin/ProcessMercatoProductPanels.php,ea9cf7e47ff33b2be14e6dd07cbcefc6
Status,Статус,,site/modules/Mercato/src/Admin/ProcessMercatoProductPanels.php,ec53a8c4f07baed5d8825072c89799be
Stock,Наличност,,site/modules/Mercato/src/Admin/ProcessMercatoProductPanels.php,27ce7f8b5623b2e2df568d64cf051607
Stock delta,Разлика в наличността,,site/modules/Mercato/src/Admin/ProcessMercatoProductPanels.php,ee7bfe460af182510c5d852a66e0e4ab
Stock high-low,Наличност: висока-ниска,,site/modules/Mercato/src/Admin/ProcessMercatoProductPanels.php,333d7e802c291e7563630fcd028bbfd6
Stock low-high,Наличността изглежда наред.,,site/modules/Mercato/src/Admin/ProcessMercatoProductPanels.php,136f6bffdcb79d7c0e926327733e4855
Stock note,Бележка за наличност,,site/modules/Mercato/src/Admin/ProcessMercatoProductPanels.php,a0cde8d641276a2d8949906e166a2b79
Time,Час,,site/modules/Mercato/src/Admin/ProcessMercatoProductPanels.php,a76d4ef5f3f6a672bbfab2865563e530
Timeline,Хронология,,site/modules/Mercato/src/Admin/ProcessMercatoProductPanels.php,3d1f92a565d3b1a61880236e33c49bf3
Title A-Z,Заглавие А-Я,,site/modules/Mercato/src/Admin/ProcessMercatoProductPanels.php,2cf46a1f5cc98622917d48403cc9b7e7
Total,Общо,,site/modules/Mercato/src/Admin/ProcessMercatoProductPanels.php,96b0141273eabab320119c467cdcaf17
Total quantity across orders.,Общо количество през всички поръчки.,,site/modules/Mercato/src/Admin/ProcessMercatoProductPanels.php,3d58b704d7184f60ef49c1bb180e7163
Unpublish,Оттегляне от публикуване,,site/modules/Mercato/src/Admin/ProcessMercatoProductPanels.php,181e9a13059454fb2212f1bf10f394ac
Unpublished,Непубликуван,,site/modules/Mercato/src/Admin/ProcessMercatoProductPanels.php,0774e163cd7df482edd2abd498189f8b
Update commerce fields,Актуализиране на търговски полета,,site/modules/Mercato/src/Admin/ProcessMercatoProductPanels.php,d19a734d04e987416c4b2296cf3c3965
User,Потребител,,site/modules/Mercato/src/Admin/ProcessMercatoProductPanels.php,8f9bfe9d1345237cb3b2b205864da075
View,Преглед,,site/modules/Mercato/src/Admin/ProcessMercatoProductPanels.php,4351cfebe4b61d8aa5efa1d020710005
View all products,Преглед на всички продукти,,site/modules/Mercato/src/Admin/ProcessMercatoProductPanels.php,bca54823c9ea283ac92870efd877f446
View storefront,Преглед на витрината,,site/modules/Mercato/src/Admin/ProcessMercatoProductPanels.php,6f5dcb431ba6639ae163811b03eb303c
All gateways,Всички платежни доставчици,,site/modules/Mercato/src/Admin/ProcessMercatoQueries.php,9791f91244377952562e456892d10cf7
Bank Transfer,Банков превод,,site/modules/Mercato/src/Admin/ProcessMercatoQueries.php,3726d2bc671a53445f9f57095bf9d76b
Cooldown: wait %s,Изчакване: изчакайте %s,,site/modules/Mercato/src/Admin/ProcessMercatoQueries.php,8977e42c3b4a49e9a9f43e946b0e6b9a
Demo,Демо,,site/modules/Mercato/src/Admin/ProcessMercatoQueries.php,f0258b6685684c113bad94d91b8fa02a
Email suppressed,Имейлът е изключен,,site/modules/Mercato/src/Admin/ProcessMercatoQueries.php,2b5e4a36d22e605d87faa7980ccbe583
Mollie,Mollie,,site/modules/Mercato/src/Admin/ProcessMercatoQueries.php,7c478959c218087ffc4ad5d96e7f66a6
No customer email,Няма имейл на клиента,,site/modules/Mercato/src/Admin/ProcessMercatoQueries.php,feb3301c443257d34798ff130e099f4b
PayPal,PayPal,,site/modules/Mercato/src/Admin/ProcessMercatoQueries.php,ad69e733ebae8d264bccaa38d68830e8
Ready to email,Готово за изпращане по имейл,,site/modules/Mercato/src/Admin/ProcessMercatoQueries.php,da53b739ce20c604840cd9517c520b84
Stripe,Stripe,,site/modules/Mercato/src/Admin/ProcessMercatoQueries.php,ce7566d1d08cc094b74cf283cf9c56a5
Unknown,Неизвестен,,site/modules/Mercato/src/Admin/ProcessMercatoQueries.php,88183b946cc5f0e8c96b2e66e1c74a7e
%d cancelable abandoned order(s) in current filters.,"%d поръчка(и) с изоставена количка, подлежащи на отказ в текущите филтри.",,site/modules/Mercato/src/Admin/ProcessMercatoRecoveryCustomerPanels.php,c1967499d9622efafe7a44d08d48ad86
Abandoned Checkouts,Изоставени поръчки,,site/modules/Mercato/src/Admin/ProcessMercatoRecoveryCustomerPanels.php,f3de313a60443671f8188b7bdd480b80
Accepted,Приета,,site/modules/Mercato/src/Admin/ProcessMercatoRecoveryCustomerPanels.php,382ab522931673c11e398ead1b7b1678
Add a customer note...,Добавете бележка за клиента...,,site/modules/Mercato/src/Admin/ProcessMercatoRecoveryCustomerPanels.php,7470b22f5019d02bda8a6af944e25ad0
Add note,Добавяне на бележка,,site/modules/Mercato/src/Admin/ProcessMercatoRecoveryCustomerPanels.php,50cd1871f950375eef4e2efce35366c6
Address,Адрес,,site/modules/Mercato/src/Admin/ProcessMercatoRecoveryCustomerPanels.php,dd7bf230fde8d4836917806aff6a6b27
Age,Възраст,,site/modules/Mercato/src/Admin/ProcessMercatoRecoveryCustomerPanels.php,9d8d2d5ab12b515182a505f54db7f538
All events,Всички събития,,site/modules/Mercato/src/Admin/ProcessMercatoRecoveryCustomerPanels.php,1aafb073a1a78e52e044177f67da6615
All statuses,Всички статуси,,site/modules/Mercato/src/Admin/ProcessMercatoRecoveryCustomerPanels.php,96e3d398260724e0a83da53a2e9f20e7
Amount,Сума,,site/modules/Mercato/src/Admin/ProcessMercatoRecoveryCustomerPanels.php,b2f40690858b404ed10e62bdf422c704
Any age,Всякаква възраст,,site/modules/Mercato/src/Admin/ProcessMercatoRecoveryCustomerPanels.php,a93b5261870760421327cc9f0f34851a
Any code,Всякакъв код,,site/modules/Mercato/src/Admin/ProcessMercatoRecoveryCustomerPanels.php,02d5e91a438415d926a495163e70486e
Apply filters,Прилагане на филтри,,site/modules/Mercato/src/Admin/ProcessMercatoRecoveryCustomerPanels.php,79ee641715155ec7d121815215f2b70c
Apply guarded actions to the current filtered abandoned-checkout set. Bulk cancellation is limited to 25 orders per run.,Прилагайте защитени действия върху текущия филтриран набор от изоставени поръчки. Груповото отказване е ограничено до 25 поръчки на изпълнение.,,site/modules/Mercato/src/Admin/ProcessMercatoRecoveryCustomerPanels.php,edc347f82d9820425317bb32f1df38a7
Area,Област,,site/modules/Mercato/src/Admin/ProcessMercatoRecoveryCustomerPanels.php,deec4ff19974f12ed781cb9a59064214
Attached to order,Прикачен към поръчка,,site/modules/Mercato/src/Admin/ProcessMercatoRecoveryCustomerPanels.php,9d261113b6df77ac144617294a7e7dc8
Attempt,Опит,,site/modules/Mercato/src/Admin/ProcessMercatoRecoveryCustomerPanels.php,cb1856ec07fdc866c21f13566e3d5bcd
attempt(s),опит(и),,site/modules/Mercato/src/Admin/ProcessMercatoRecoveryCustomerPanels.php,f01d3e8d251b321a8f4e5e658d524914
Attempts,Опити,,site/modules/Mercato/src/Admin/ProcessMercatoRecoveryCustomerPanels.php,7ba3b8236d48d4f4c5ec03c3fe6b75a9
Automation,Автоматизация,,site/modules/Mercato/src/Admin/ProcessMercatoRecoveryCustomerPanels.php,caea8340e2d186a540518d08602aa065
"Automation run checked %d order(s), found %d eligible, sent %d, failed %d, blocked %d.","Автоматизацията провери %d поръчка(и), намери %d допустими, изпрати %d, неуспешни %d, блокирани %d.",,site/modules/Mercato/src/Admin/ProcessMercatoRecoveryCustomerPanels.php,54dce041fc9dbf63d01dec6fbdd5424a
Awaiting gateway.,Изчаква платежния доставчик.,,site/modules/Mercato/src/Admin/ProcessMercatoRecoveryCustomerPanels.php,d8d0ba486fe6df84ca62b45f0b2bbe77
Awaiting payment.,Изчаква плащане.,,site/modules/Mercato/src/Admin/ProcessMercatoRecoveryCustomerPanels.php,b5e6754af9fb6eb789f5fca5d2d970ed
Back to customers,Обратно към клиентите,,site/modules/Mercato/src/Admin/ProcessMercatoRecoveryCustomerPanels.php,59666ad60cc1933b5f3ebcab0120a296
Batch limit,Лимит на партида,,site/modules/Mercato/src/Admin/ProcessMercatoRecoveryCustomerPanels.php,c434994f87d80496315aabb424d301ac
Bulk Recovery Actions,Групови действия за възстановяване,,site/modules/Mercato/src/Admin/ProcessMercatoRecoveryCustomerPanels.php,6a1d8cab4f7dd6651a305545a3f922c1
Cancel,Отказ,,site/modules/Mercato/src/Admin/ProcessMercatoRecoveryCustomerPanels.php,ea4788705e6873b424c65e91c2846b19
Cancel filtered orders,Отказ на филтрираните поръчки,,site/modules/Mercato/src/Admin/ProcessMercatoRecoveryCustomerPanels.php,3ea03143330c81f7ccfbfe82314edd14
Cancel the filtered unpaid orders,Отказ на филтрираните неплатени поръчки,,site/modules/Mercato/src/Admin/ProcessMercatoRecoveryCustomerPanels.php,c1c6fa9bf7991c182800c32a7da17db6
Canceled,Отказана,,site/modules/Mercato/src/Admin/ProcessMercatoRecoveryCustomerPanels.php,0e22fe7d45f8e5632a4abf369b24e29c
Canceled before payment.,Отказана преди плащане.,,site/modules/Mercato/src/Admin/ProcessMercatoRecoveryCustomerPanels.php,1da4a335bce70069b54b87788476cbb1
"Canceled orders leave Recovery, release reservations, and remain available in Orders and audit exports.","Отказаните поръчки напускат Възстановяването, освобождават резервациите и остават достъпни в Поръчки и одитните справки.",,site/modules/Mercato/src/Admin/ProcessMercatoRecoveryCustomerPanels.php,f6652aca9fb18e797b4fb01f085be0a3
Checkouts,Плащания (checkout),,site/modules/Mercato/src/Admin/ProcessMercatoRecoveryCustomerPanels.php,d9323692d0aba6ddff5069437f4abce2
Code,Код,,site/modules/Mercato/src/Admin/ProcessMercatoRecoveryCustomerPanels.php,ca0dbad92a874b2f69b549293387925e
Commerce Search,Търсене в търговията,,site/modules/Mercato/src/Admin/ProcessMercatoRecoveryCustomerPanels.php,03df5f34d06864eb70bdd9aa3e4c7fe3
Completed payments.,Завършени плащания.,,site/modules/Mercato/src/Admin/ProcessMercatoRecoveryCustomerPanels.php,0e9028991480ac0e5f9728ae8896558e
Contact,Контакт,,site/modules/Mercato/src/Admin/ProcessMercatoRecoveryCustomerPanels.php,bbaff12800505b22a853e8b7f4eb6a22
Cooldown,Изчакване,,site/modules/Mercato/src/Admin/ProcessMercatoRecoveryCustomerPanels.php,5b9cca31b21c9c04c3d6f9ecbcc3ffc8
"Coupon apply, reject, attach, and remove events for support review.","Събития за прилагане, отхвърляне, прикачване и премахване на купон за преглед от поддръжката.",,site/modules/Mercato/src/Admin/ProcessMercatoRecoveryCustomerPanels.php,5628826cd80255d0362b99f52255fabd
Create manual order,Създаване на ръчна поръчка,,site/modules/Mercato/src/Admin/ProcessMercatoRecoveryCustomerPanels.php,a9877e23ded4196f7739e8a835ae8fb3
Current filtered set,Текущ филтриран набор,,site/modules/Mercato/src/Admin/ProcessMercatoRecoveryCustomerPanels.php,261e95a8ce812a99ee8c6a68163c85a5
Customer,Клиент,,site/modules/Mercato/src/Admin/ProcessMercatoRecoveryCustomerPanels.php,ce26601dac0dea138b7295f02b7620a7
Customer Activity,Активност на клиента,,site/modules/Mercato/src/Admin/ProcessMercatoRecoveryCustomerPanels.php,2fc38e328fb4d8239b91b33e31de2b96
Customer email available,Наличен имейл на клиента,,site/modules/Mercato/src/Admin/ProcessMercatoRecoveryCustomerPanels.php,983a724df96dde6926479fb4f2d8a995
Customer Notes,Бележки за клиенти,,site/modules/Mercato/src/Admin/ProcessMercatoRecoveryCustomerPanels.php,75d8200594a766993b7eb3df59515017
Customer Orders,Поръчки на клиента,,site/modules/Mercato/src/Admin/ProcessMercatoRecoveryCustomerPanels.php,bf8d34b11df0a3c2fb56881b4e4cdbed
Customer profile aggregated from order history.,"Профил на клиента, обобщен от историята на поръчките.",,site/modules/Mercato/src/Admin/ProcessMercatoRecoveryCustomerPanels.php,a575248ef1a50985ad343649483c8fc6
Customer summary aggregated from order email addresses.,"Обобщение на клиентите, съставено от имейл адресите на поръчките.",,site/modules/Mercato/src/Admin/ProcessMercatoRecoveryCustomerPanels.php,8fcbcbc0a4c3875c0b40fc892a6bfcda
Customers,Клиенти,,site/modules/Mercato/src/Admin/ProcessMercatoRecoveryCustomerPanels.php,e6d0e1c8fc6a4fcf47869df87e04cd88
customers,клиенти,,site/modules/Mercato/src/Admin/ProcessMercatoRecoveryCustomerPanels.php,4b6f7d34a58ba399f077685951d06738
Detail,Детайл,,site/modules/Mercato/src/Admin/ProcessMercatoRecoveryCustomerPanels.php,a254c25adc7d10d7e9c4889484f875a5
Details,Детайли,,site/modules/Mercato/src/Admin/ProcessMercatoRecoveryCustomerPanels.php,3ec365dd533ddb7ef3d1c111186ce872
Discount,Отстъпка,,site/modules/Mercato/src/Admin/ProcessMercatoRecoveryCustomerPanels.php,104d9898c04874d0fbac36e125fa1369
Eligible to email now,Допустим за изпращане на имейл сега,,site/modules/Mercato/src/Admin/ProcessMercatoRecoveryCustomerPanels.php,16d54dca73b64ef3e15cec3d9b708c50
Email,Имейл,,site/modules/Mercato/src/Admin/ProcessMercatoRecoveryCustomerPanels.php,ce8ae9da5b7cd6c3df2929543a9af92d
Email link,Изпращане на връзка по имейл,,site/modules/Mercato/src/Admin/ProcessMercatoRecoveryCustomerPanels.php,ba99412a0913f63a9197fd4aae009e51
Emails excluded from recovery.,"Имейли, изключени от възстановяването.",,site/modules/Mercato/src/Admin/ProcessMercatoRecoveryCustomerPanels.php,c304db00dc5d56a8deb60fa0954762ce
Enable it in module settings.,Активирайте го в настройките на модула.,,site/modules/Mercato/src/Admin/ProcessMercatoRecoveryCustomerPanels.php,679186f01128b21e93de7bcca5ed975c
"Enter a query to search invoices, order emails, gateway payment IDs, product titles, SKUs, and customer summaries.","Въведете заявка за търсене на фактури, имейли на поръчки, ID на плащания от доставчика, заглавия на продукти, SKU и обобщения на клиенти.",,site/modules/Mercato/src/Admin/ProcessMercatoRecoveryCustomerPanels.php,1c6bc4d5ce7935fe0977dc3c7a24f312
Event,Събитие,,site/modules/Mercato/src/Admin/ProcessMercatoRecoveryCustomerPanels.php,a4ecfc70574394990cf17bd83df499f7
Export activity,Експортиране на активност,,site/modules/Mercato/src/Admin/ProcessMercatoRecoveryCustomerPanels.php,073b61754041ad1aed382b19c1555256
Export CSV,Експортиране на CSV,,site/modules/Mercato/src/Admin/ProcessMercatoRecoveryCustomerPanels.php,c04f1e4841a6af78088d6ccf6f3a8a76
Export customer notes,Експортиране на бележки за клиенти,,site/modules/Mercato/src/Admin/ProcessMercatoRecoveryCustomerPanels.php,8a9b982b3b962c92f68df0752899700d
Export customers,Експортиране на клиенти,,site/modules/Mercato/src/Admin/ProcessMercatoRecoveryCustomerPanels.php,4713ef5f2d6fc1e8f088c850e696a04b
Export orders,Експортиране на поръчки,,site/modules/Mercato/src/Admin/ProcessMercatoRecoveryCustomerPanels.php,da8cbc8f80b433d3d2b6d13eea457873
Failed,Неуспешна,,site/modules/Mercato/src/Admin/ProcessMercatoRecoveryCustomerPanels.php,d7c8c85bf79bbe1b7188497c32c3b0ca
Failed or expired.,Неуспешна или изтекла.,,site/modules/Mercato/src/Admin/ProcessMercatoRecoveryCustomerPanels.php,d593b7c268e7e54f324cbd0d986ca5b3
"Find orders, products, and customer summaries from one place.","Намерете поръчки, продукти и обобщения на клиенти от едно място.",,site/modules/Mercato/src/Admin/ProcessMercatoRecoveryCustomerPanels.php,1d722412ce7c32c641e114a6dcf4b9ed
Gateway,Платежен доставчик,,site/modules/Mercato/src/Admin/ProcessMercatoRecoveryCustomerPanels.php,926dec9494209cb088b4962509df1a91
"Invoice, email, payment ID, SKU, product title...","Фактура, имейл, ID на плащане, SKU, заглавие на продукт...",,site/modules/Mercato/src/Admin/ProcessMercatoRecoveryCustomerPanels.php,d49f580f753a4f48605ffe7a95f0beb7
Last order,Последна поръчка,,site/modules/Mercato/src/Admin/ProcessMercatoRecoveryCustomerPanels.php,d957e2652355299cb367c4b7e07d9141
Last sent %s,Последно изпратено %s,,site/modules/Mercato/src/Admin/ProcessMercatoRecoveryCustomerPanels.php,5d2904ed5151fbc27a98d280cfec4801
"Latest payment, fulfilment, refund, email, inventory, order note, and customer note events across this customer history.","Последни събития за плащане, изпълнение, възстановяване, имейл, инвентар, бележка за поръчка и бележка за клиент в тази история на клиента.",,site/modules/Mercato/src/Admin/ProcessMercatoRecoveryCustomerPanels.php,8d24ada4f506d352e1446c5ecd2e11a1
LazyCron interval.,Интервал на LazyCron.,,site/modules/Mercato/src/Admin/ProcessMercatoRecoveryCustomerPanels.php,ca722c679a5cb775fc37030354725a8c
LazyCron sends eligible links.,LazyCron изпраща допустими връзки.,,site/modules/Mercato/src/Admin/ProcessMercatoRecoveryCustomerPanels.php,602dec36a3f09750347f7db448373629
Links sent,Изпратени връзки,,site/modules/Mercato/src/Admin/ProcessMercatoRecoveryCustomerPanels.php,fcc4dc913e886a1ac820e34322b7bd8c
"Manual recovery actions, automation runs, cooldown blocks, and suppression changes.","Ръчни действия за възстановяване, изпълнения на автоматизацията, блокирания от изчакване и промени в изключванията.",,site/modules/Mercato/src/Admin/ProcessMercatoRecoveryCustomerPanels.php,d8ac04667a41a30cfc4502ab0d21478b
matches,съвпадения,,site/modules/Mercato/src/Admin/ProcessMercatoRecoveryCustomerPanels.php,9c28d32df234037773be184dbdafc274
Matching Orders,Съответстващи поръчки,,site/modules/Mercato/src/Admin/ProcessMercatoRecoveryCustomerPanels.php,433e31c1384f36ad43d6d7241129af89
Maximum emails per run.,Максимален брой имейли на изпълнение.,,site/modules/Mercato/src/Admin/ProcessMercatoRecoveryCustomerPanels.php,5ed3d267374e8fe54cd9e4bbe95cd372
Message,Съобщение,,site/modules/Mercato/src/Admin/ProcessMercatoRecoveryCustomerPanels.php,4c2a8fe7eaf24721cc7a9f0175115bd4
Minimum age,Минимална възраст,,site/modules/Mercato/src/Admin/ProcessMercatoRecoveryCustomerPanels.php,cf64c08eba74dcf03b8d6e5f8f264056
No abandoned checkouts match the current filters.,"Няма изоставени поръчки, отговарящи на текущите филтри.",,site/modules/Mercato/src/Admin/ProcessMercatoRecoveryCustomerPanels.php,cc3cf3bfa15e634b2842dd15e624b995
No attempt log,Няма дневник на опитите,,site/modules/Mercato/src/Admin/ProcessMercatoRecoveryCustomerPanels.php,e16241a2463dd7e2bdb171820bf78262
No coupon activity logged yet.,Все още не е регистрирана активност с купони.,,site/modules/Mercato/src/Admin/ProcessMercatoRecoveryCustomerPanels.php,a90c82066d9771828cdfa11e2224b6e3
No customer activity yet.,Все още няма активност на клиента.,,site/modules/Mercato/src/Admin/ProcessMercatoRecoveryCustomerPanels.php,eba5ab5187067f80cf1fc670853aa4c0
No customers yet. Customer rows appear after the first checkout order.,Все още няма клиенти. Редовете с клиенти се появяват след първата поръчка при плащане.,,site/modules/Mercato/src/Admin/ProcessMercatoRecoveryCustomerPanels.php,3e132197fc6033b25899a20d494251a5
No eligible orders in the current automation preview.,Няма допустими поръчки в текущия преглед на автоматизацията.,,site/modules/Mercato/src/Admin/ProcessMercatoRecoveryCustomerPanels.php,c6e6bd55871b4a7d84c885fe279468c3
No recovery actions logged yet.,Все още не са регистрирани действия за възстановяване.,,site/modules/Mercato/src/Admin/ProcessMercatoRecoveryCustomerPanels.php,87200bb45201cdf0d1b2548b1f845346
No recovery coupon configured.,Не е конфигуриран купон за възстановяване.,,site/modules/Mercato/src/Admin/ProcessMercatoRecoveryCustomerPanels.php,567e944c896c79ba8cbad72ba4e70ee7
No suppressed recovery emails.,Няма изключени имейли за възстановяване.,,site/modules/Mercato/src/Admin/ProcessMercatoRecoveryCustomerPanels.php,97e9e6f974faf24a50409ce4aa591684
None,Няма,,site/modules/Mercato/src/Admin/ProcessMercatoRecoveryCustomerPanels.php,6adf97f83acf6453d4a6a4b1070f3754
Not sent yet,Все още не е изпратено,,site/modules/Mercato/src/Admin/ProcessMercatoRecoveryCustomerPanels.php,39ecb85823d9a6d4b93444ec70ae9eb7
Off,Изключено,,site/modules/Mercato/src/Admin/ProcessMercatoRecoveryCustomerPanels.php,d15305d7a4e34e02489c74a5ef542f36
Older than 1 day,По-старо от 1 ден,,site/modules/Mercato/src/Admin/ProcessMercatoRecoveryCustomerPanels.php,d1873354996d31f91f2985d3da9d078d
Older than 1 hour,По-старо от 1 час,,site/modules/Mercato/src/Admin/ProcessMercatoRecoveryCustomerPanels.php,56b5c260fc5beae303823280f672f41a
Older than 15 minutes,По-старо от 15 минути,,site/modules/Mercato/src/Admin/ProcessMercatoRecoveryCustomerPanels.php,0670ebfcbe83488e1a1c023f3d56b0a9
Older than 4 hours,По-старо от 4 часа,,site/modules/Mercato/src/Admin/ProcessMercatoRecoveryCustomerPanels.php,8e636fcd009fd8bb2e268ffa19c60f40
On,Включено,,site/modules/Mercato/src/Admin/ProcessMercatoRecoveryCustomerPanels.php,521c36a31c2762741cf0f8890cbe05e3
Open value,Отворена стойност,,site/modules/Mercato/src/Admin/ProcessMercatoRecoveryCustomerPanels.php,d81b135a9ba813779e8a735d4a05ad10
Order,Поръчка,,site/modules/Mercato/src/Admin/ProcessMercatoRecoveryCustomerPanels.php,a240fa27925a635b08dc28c9e4f9216d
Order age before recovery.,Възраст на поръчката преди възстановяване.,,site/modules/Mercato/src/Admin/ProcessMercatoRecoveryCustomerPanels.php,eaf14eea97e965e4cec30ac5acf592c5
Orders,Поръчки,,site/modules/Mercato/src/Admin/ProcessMercatoRecoveryCustomerPanels.php,7442e29d7d53e549b78d93c46b8cdcfc
Paid,Платена,,site/modules/Mercato/src/Admin/ProcessMercatoRecoveryCustomerPanels.php,e0010a0a1a3259ab5c06a19bad532851
Paid order total.,Обща сума на платена поръчка.,,site/modules/Mercato/src/Admin/ProcessMercatoRecoveryCustomerPanels.php,a06a352f8074b647bdd91bc6fad4e9cf
Payment,Плащане,,site/modules/Mercato/src/Admin/ProcessMercatoRecoveryCustomerPanels.php,c453a4b8e8d98e82f35b67f433e3b4da
Payment link emails,Имейли с връзка за плащане,,site/modules/Mercato/src/Admin/ProcessMercatoRecoveryCustomerPanels.php,5585556e1030714e3cf7c0f9fbf249f7
Pending,Чакаща,,site/modules/Mercato/src/Admin/ProcessMercatoRecoveryCustomerPanels.php,2d13df6f8b5e4c5af9f87e0dc39df69d
Phone,Телефон,,site/modules/Mercato/src/Admin/ProcessMercatoRecoveryCustomerPanels.php,bcc254b55c4a1babdf1dcb82c207506b
Preview automation,Преглед на автоматизацията,,site/modules/Mercato/src/Admin/ProcessMercatoRecoveryCustomerPanels.php,6a13685272f1f59dd401fb1695957979
Preview eligible abandoned checkouts before LazyCron sends payment-link emails.,Преглед на допустимите изоставени поръчки преди LazyCron да изпрати имейли с връзка за плащане.,,site/modules/Mercato/src/Admin/ProcessMercatoRecoveryCustomerPanels.php,0a84cdd1d844ce5636b6961d5ca0fe1c
Preview order,Преглед на поръчка,,site/modules/Mercato/src/Admin/ProcessMercatoRecoveryCustomerPanels.php,5c2c8c5c7c4a54dae9403c734a1ccfec
Private operational notes for this customer across orders.,Частни оперативни бележки за този клиент през всички поръчки.,,site/modules/Mercato/src/Admin/ProcessMercatoRecoveryCustomerPanels.php,f3f6d4c5169a8c2243c2d63a14594caa
Processing,В обработка,,site/modules/Mercato/src/Admin/ProcessMercatoRecoveryCustomerPanels.php,643562a9ae7099c8aabfdc93478db117
Products,Продукти,,site/modules/Mercato/src/Admin/ProcessMercatoRecoveryCustomerPanels.php,068f80c7519d0528fb08e82137a72131
Profile,Профил,,site/modules/Mercato/src/Admin/ProcessMercatoRecoveryCustomerPanels.php,cce99c598cfdb9773ab041d54c3d973a
Promoted in recovery emails.,Промотирано в имейлите за възстановяване.,,site/modules/Mercato/src/Admin/ProcessMercatoRecoveryCustomerPanels.php,b6b73942b68f1a75198999e8678c7de5
Ready,Готово,,site/modules/Mercato/src/Admin/ProcessMercatoRecoveryCustomerPanels.php,e7d31fc0602fb2ede144d18cdffd816b
Recent Coupon Activity,Скорошна активност с купони,,site/modules/Mercato/src/Admin/ProcessMercatoRecoveryCustomerPanels.php,4f52936500dbcf4401bac9d8b17f614c
Recently emailed,Скорошно изпратени по имейл,,site/modules/Mercato/src/Admin/ProcessMercatoRecoveryCustomerPanels.php,fba913b76a889e022b872ed2d063568b
Recoverable,Възстановимо,,site/modules/Mercato/src/Admin/ProcessMercatoRecoveryCustomerPanels.php,52f3b9f4c13b3350850c24bc26c0cef8
Recovery,Възстановяване,,site/modules/Mercato/src/Admin/ProcessMercatoRecoveryCustomerPanels.php,d8afbc541b39d23648c823057cffe3a5
Recovery Activity,Активност по възстановяване,,site/modules/Mercato/src/Admin/ProcessMercatoRecoveryCustomerPanels.php,ffc853d8efebcbb6bc595104f113c889
Recovery Automation,Автоматизация на възстановяването,,site/modules/Mercato/src/Admin/ProcessMercatoRecoveryCustomerPanels.php,cec279b2f61cd53a174d1d9d201a2f51
Recovery email cooldown is disabled.,Изчакването за имейл за възстановяване е деактивирано.,,site/modules/Mercato/src/Admin/ProcessMercatoRecoveryCustomerPanels.php,d8f6961916cae38c102bf305f78494ca
Recovery email cooldown: %s.,Изчакване за имейл за възстановяване: %s.,,site/modules/Mercato/src/Admin/ProcessMercatoRecoveryCustomerPanels.php,4b6dc071855d298ff7f939dd1c1d3964
Rejected,Отхвърлено,,site/modules/Mercato/src/Admin/ProcessMercatoRecoveryCustomerPanels.php,d37b1f6c0512e2118cee17fea015b699
Removed from order,Премахнато от поръчката,,site/modules/Mercato/src/Admin/ProcessMercatoRecoveryCustomerPanels.php,a83cc680e25a7a5471219a13c970f95a
Reset,Нулиране,,site/modules/Mercato/src/Admin/ProcessMercatoRecoveryCustomerPanels.php,526d688f37a86d3c3f27d0c5016eb71d
Revenue,Приход,,site/modules/Mercato/src/Admin/ProcessMercatoRecoveryCustomerPanels.php,54358a914f51e1af19df8520159fe607
Schedule,График,,site/modules/Mercato/src/Admin/ProcessMercatoRecoveryCustomerPanels.php,25f7347236b51a5eae4ba01a7862cb55
Search,Търсене,,site/modules/Mercato/src/Admin/ProcessMercatoRecoveryCustomerPanels.php,13348442cc6a27032d2b4aa28b75a5d3
Segments,Сегменти,,site/modules/Mercato/src/Admin/ProcessMercatoRecoveryCustomerPanels.php,fb9a488a6fe2d37f9a17651d744997f6
Settings,Настройки,,site/modules/Mercato/src/Admin/ProcessMercatoRecoveryCustomerPanels.php,f4f70727dc34561dfde1a3c529b6205c
Status,Статус,,site/modules/Mercato/src/Admin/ProcessMercatoRecoveryCustomerPanels.php,ec53a8c4f07baed5d8825072c89799be
Suppress,Изключване,,site/modules/Mercato/src/Admin/ProcessMercatoRecoveryCustomerPanels.php,853fbbeb76e35bea97202cc179baa627
Suppressed,Изключено,,site/modules/Mercato/src/Admin/ProcessMercatoRecoveryCustomerPanels.php,ab970d32c79b95c0b0aaa50168c67e16
Suppressed recovery email,Изключен имейл за възстановяване,,site/modules/Mercato/src/Admin/ProcessMercatoRecoveryCustomerPanels.php,39a5ff5c35c6421b60e5dafe0e2c9e10
Time,Час,,site/modules/Mercato/src/Admin/ProcessMercatoRecoveryCustomerPanels.php,a76d4ef5f3f6a672bbfab2865563e530
Total order attempts.,Общ брой опити за поръчка.,,site/modules/Mercato/src/Admin/ProcessMercatoRecoveryCustomerPanels.php,87a81dee508305dda2a25e1a1f9ca1af
Unpaid checkout orders that can be recovered with a secure payment link.,"Неплатени поръчки при плащане, които могат да бъдат възстановени с защитена връзка за плащане.",,site/modules/Mercato/src/Admin/ProcessMercatoRecoveryCustomerPanels.php,1be35f25a8b547d23825176dfeb517ef
Unpaid order total,Обща сума на неплатена поръчка,,site/modules/Mercato/src/Admin/ProcessMercatoRecoveryCustomerPanels.php,846e2043cbe58d0ab544dbed357afa58
Unsuppress,Премахване на изключването,,site/modules/Mercato/src/Admin/ProcessMercatoRecoveryCustomerPanels.php,f628c1c5b8ad11d874d9f8011370447c
User,Потребител,,site/modules/Mercato/src/Admin/ProcessMercatoRecoveryCustomerPanels.php,8f9bfe9d1345237cb3b2b205864da075
%d collection(s),%d колекция(и),,site/modules/Mercato/src/Admin/ProcessMercatoReportDiscountPanels.php,a2b54ef698ee215de8e2acf62e31127b
%d customer target(s),%d целеви клиент(и),,site/modules/Mercato/src/Admin/ProcessMercatoReportDiscountPanels.php,702fa15bc4ec220adcf5a1f442eebf99
%d more zone(s) configured.,Още %d конфигурирана(и) зона(и).,,site/modules/Mercato/src/Admin/ProcessMercatoReportDiscountPanels.php,c9c28a3751e99458b3a519de33d387e6
%d paid / %d free,%d платени / %d безплатни,,site/modules/Mercato/src/Admin/ProcessMercatoReportDiscountPanels.php,502babbf205a6880b7922a05d5de1164
%d product(s),%d продукт(и),,site/modules/Mercato/src/Admin/ProcessMercatoReportDiscountPanels.php,226a2b70e81abc3b9249d4d4913b9701
%d product(s) scanned.,%d продукт(и) сканирани.,,site/modules/Mercato/src/Admin/ProcessMercatoReportDiscountPanels.php,d03bd9263ab5ae552f7edf241e2b2d77
Across %d backorder/preorder product(s).,В рамките на %d продукт(и) със задължение/предварителна поръчка.,,site/modules/Mercato/src/Admin/ProcessMercatoReportDiscountPanels.php,86ce386946e18f0f44f2b14101aea2d5
Active,Активен,,site/modules/Mercato/src/Admin/ProcessMercatoReportDiscountPanels.php,4d3d769b812b6faa6b76e1a8abaece2d
Add Discount,Добавяне на отстъпка,,site/modules/Mercato/src/Admin/ProcessMercatoReportDiscountPanels.php,272b6d701d99c285d224a44434ade80e
all,всички,,site/modules/Mercato/src/Admin/ProcessMercatoReportDiscountPanels.php,a181a603769c1f98ad927e7367c7aa51
All countries,Всички държави,,site/modules/Mercato/src/Admin/ProcessMercatoReportDiscountPanels.php,c3987e4cac14a8456515f0d200da04ee
All products,Всички продукти,,site/modules/Mercato/src/Admin/ProcessMercatoReportDiscountPanels.php,40dec546414c1ebdfde8d9858f0938c3
Allowed delivery countries,Разрешени държави за доставка,,site/modules/Mercato/src/Admin/ProcessMercatoReportDiscountPanels.php,48aed1551811e63953baaa9b20bb04c2
Always,Винаги,,site/modules/Mercato/src/Admin/ProcessMercatoReportDiscountPanels.php,68eec46437c384d8dad18d5464ebc35c
Applies to carrier delivery subtotal.,Прилага се към междинната сума за куриерска доставка.,,site/modules/Mercato/src/Admin/ProcessMercatoReportDiscountPanels.php,1917f3fc168d25b2014148abd7b2adaf
Area,Област,,site/modules/Mercato/src/Admin/ProcessMercatoReportDiscountPanels.php,deec4ff19974f12ed781cb9a59064214
Average order,Средна поръчка,,site/modules/Mercato/src/Admin/ProcessMercatoReportDiscountPanels.php,e9f713179da16f775a45a2f688a3fedc
Awaiting gateway.,Изчаква платежния доставчик.,,site/modules/Mercato/src/Admin/ProcessMercatoReportDiscountPanels.php,d8d0ba486fe6df84ca62b45f0b2bbe77
Awaiting payment.,Изчаква плащане.,,site/modules/Mercato/src/Admin/ProcessMercatoReportDiscountPanels.php,b5e6754af9fb6eb789f5fca5d2d970ed
Based on product-level shipping prices.,Базирано на цените за доставка на ниво продукт.,,site/modules/Mercato/src/Admin/ProcessMercatoReportDiscountPanels.php,1f8ea96e33b1bfa99c9d452fcafc0992
Canceled,Отказана,,site/modules/Mercato/src/Admin/ProcessMercatoReportDiscountPanels.php,0e22fe7d45f8e5632a4abf369b24e29c
Canceled before payment.,Отказана преди плащане.,,site/modules/Mercato/src/Admin/ProcessMercatoReportDiscountPanels.php,1da4a335bce70069b54b87788476cbb1
Carrier and local delivery country allowlist.,Списък с разрешени държави за куриерска и локална доставка.,,site/modules/Mercato/src/Admin/ProcessMercatoReportDiscountPanels.php,77591a92588a92f31fe60234aa3e942b
Code,Код,,site/modules/Mercato/src/Admin/ProcessMercatoReportDiscountPanels.php,ca0dbad92a874b2f69b549293387925e
Completed paid orders.,Завършени платени поръчки.,,site/modules/Mercato/src/Admin/ProcessMercatoReportDiscountPanels.php,fa028eae2e101f0a820e33c946592f5e
Configure,Конфигуриране,,site/modules/Mercato/src/Admin/ProcessMercatoReportDiscountPanels.php,f1206f9fadc5ce41694f69129aecac26
Controls whether delivery fees appear in VAT breakdowns.,Управлява дали таксите за доставка се показват в разбивката на ДДС.,,site/modules/Mercato/src/Admin/ProcessMercatoReportDiscountPanels.php,f74205a0ac50e4556f23573642e1f7d6
Coupon and discount rules available to checkout.,"Правила за купони и отстъпки, налични при плащане.",,site/modules/Mercato/src/Admin/ProcessMercatoReportDiscountPanels.php,4dc60a76182c93ae2503db92ecf96f25
Current checkout calculation settings before country-aware tax zones are added.,"Текущи настройки за изчисление при плащане, преди да бъдат добавени данъчни зони по държави.",,site/modules/Mercato/src/Admin/ProcessMercatoReportDiscountPanels.php,e7bfce073c7875f07b8390e7b1b41bbe
Current setting,Текуща настройка,,site/modules/Mercato/src/Admin/ProcessMercatoReportDiscountPanels.php,79bd3eb67fe2b216f552cb9da33c6e4d
Customer limit,Лимит на клиенти,,site/modules/Mercato/src/Admin/ProcessMercatoReportDiscountPanels.php,f504270f7009d784f86ff9d70a88982a
Delivery fallback,Резервен вариант за доставка,,site/modules/Mercato/src/Admin/ProcessMercatoReportDiscountPanels.php,96970c65884b01c4e548d15a08c9cf75
"Derived merchant workflow status, separate from payment and fulfilment state.","Изведен статус на работния процес на търговеца, отделен от състоянието на плащане и изпълнение.",,site/modules/Mercato/src/Admin/ProcessMercatoReportDiscountPanels.php,0b529c564ad489d8b50586641a3912a9
Disabled,Деактивирано,,site/modules/Mercato/src/Admin/ProcessMercatoReportDiscountPanels.php,b9f5c797ebbf55adccdd8539a65a0241
Discount template is not installed yet. Run the Mercato installer from module settings.,Шаблонът за отстъпка все още не е инсталиран. Стартирайте инсталатора на Mercato от настройките на модула.,,site/modules/Mercato/src/Admin/ProcessMercatoReportDiscountPanels.php,b83872ff36a7885ee37a55c4f784e6c7
Discounts,Отстъпки,,site/modules/Mercato/src/Admin/ProcessMercatoReportDiscountPanels.php,9d5bf15117441a1b52eb1f0808e4aad3
Distribution of current order payment states.,Разпределение на текущите състояния на плащане на поръчките.,,site/modules/Mercato/src/Admin/ProcessMercatoReportDiscountPanels.php,44a7375d4a719299eb930e3cd0984f0a
Edit,Редактиране,,site/modules/Mercato/src/Admin/ProcessMercatoReportDiscountPanels.php,7dce122004969d56ae2e0245cb754d35
Enabled at %s%%,Активирано на %s%%,,site/modules/Mercato/src/Admin/ProcessMercatoReportDiscountPanels.php,39fa28dcd3ee28ea716d26022689d0e0
Enabled fulfilment,Активирано изпълнение,,site/modules/Mercato/src/Admin/ProcessMercatoReportDiscountPanels.php,57082d3fe5c467b400420d32700a56d2
Expired reservations,Изтекли резервации,,site/modules/Mercato/src/Admin/ProcessMercatoReportDiscountPanels.php,028d2dbf074b6550a41ae0e55a0e3fc1
Export CSV,Експортиране на CSV,,site/modules/Mercato/src/Admin/ProcessMercatoReportDiscountPanels.php,c04f1e4841a6af78088d6ccf6f3a8a76
Failed,Неуспешна,,site/modules/Mercato/src/Admin/ProcessMercatoReportDiscountPanels.php,d7c8c85bf79bbe1b7188497c32c3b0ca
Failed or expired.,Неуспешна или изтекла.,,site/modules/Mercato/src/Admin/ProcessMercatoReportDiscountPanels.php,d593b7c268e7e54f324cbd0d986ca5b3
Free shipping,Безплатна доставка,,site/modules/Mercato/src/Admin/ProcessMercatoReportDiscountPanels.php,29aa46cc3d2677c7e0f216910df600ff
Free shipping threshold,Праг за безплатна доставка,,site/modules/Mercato/src/Admin/ProcessMercatoReportDiscountPanels.php,5f2ab464876341df7ff085560b1dc9e2
From,От,,site/modules/Mercato/src/Admin/ProcessMercatoReportDiscountPanels.php,5da618e8e4b89c66fe86e32cdafde142
Inactive,Неактивен,,site/modules/Mercato/src/Admin/ProcessMercatoReportDiscountPanels.php,3cab03c00dbd11bc3569afa0748013f0
Items sold,Продадени артикули,,site/modules/Mercato/src/Admin/ProcessMercatoReportDiscountPanels.php,aea6b05ecbca298472ce21c090d8d8a7
Local delivery,Локална доставка,,site/modules/Mercato/src/Admin/ProcessMercatoReportDiscountPanels.php,e0fad42b51b29f19b2acfd276e205615
Low stock,Ниска наличност,,site/modules/Mercato/src/Admin/ProcessMercatoReportDiscountPanels.php,7e2525a11bd12b7925456dae1e15ccc3
Methods customers can choose during checkout.,"Методи, които клиентите могат да изберат по време на плащане.",,site/modules/Mercato/src/Admin/ProcessMercatoReportDiscountPanels.php,249acfe3f0acacabc29f075dd83ff3cd
Minimum %s,Минимум %s,,site/modules/Mercato/src/Admin/ProcessMercatoReportDiscountPanels.php,ba7025ec9213ea415da085cf3883a166
Minimum %s / zones %s,Минимум %s / зони %s,,site/modules/Mercato/src/Admin/ProcessMercatoReportDiscountPanels.php,5afb966a0604b28d2696ad01a3e75ac3
No discounts yet. Add a first coupon such as WELCOME10.,"Все още няма отстъпки. Добавете първи купон, например WELCOME10.",,site/modules/Mercato/src/Admin/ProcessMercatoReportDiscountPanels.php,0602c6ab69985e2bab43efa0a7de93e4
No order statuses yet.,Все още няма статуси на поръчки.,,site/modules/Mercato/src/Admin/ProcessMercatoReportDiscountPanels.php,b71db92211b7826c545c754ebfaf80dd
No paid product sales yet.,Все още няма продадени платени продукти.,,site/modules/Mercato/src/Admin/ProcessMercatoReportDiscountPanels.php,80585dfea537db2b587cff1d81711860
No product VAT rates,Няма ставки на ДДС за продукта,,site/modules/Mercato/src/Admin/ProcessMercatoReportDiscountPanels.php,765515dc0bcf6fda6ddd01ddb76021f1
Open value,Отворена стойност,,site/modules/Mercato/src/Admin/ProcessMercatoReportDiscountPanels.php,d81b135a9ba813779e8a735d4a05ad10
Operational note,Оперативна бележка,,site/modules/Mercato/src/Admin/ProcessMercatoReportDiscountPanels.php,0621f299ca1dba285f0915df91b8ff6c
Order Status Breakdown,Разбивка по статус на поръчка,,site/modules/Mercato/src/Admin/ProcessMercatoReportDiscountPanels.php,4027387108b5abe0ef5e0a842b149d8f
Orders,Поръчки,,site/modules/Mercato/src/Admin/ProcessMercatoReportDiscountPanels.php,7442e29d7d53e549b78d93c46b8cdcfc
Oversell debt,Задължение от свръхпродажба,,site/modules/Mercato/src/Admin/ProcessMercatoReportDiscountPanels.php,2c7667e47e73c675df19abf2c37c6edc
Paid revenue,Платен приход,,site/modules/Mercato/src/Admin/ProcessMercatoReportDiscountPanels.php,c4dbb94aa60a18c2628bf6e63bdcdb34
Payment Status Breakdown,Разбивка по статус на плащане,,site/modules/Mercato/src/Admin/ProcessMercatoReportDiscountPanels.php,5d1cbcdc6a805075d9aa04fb522b8f81
Pending,Чакаща,,site/modules/Mercato/src/Admin/ProcessMercatoReportDiscountPanels.php,2d13df6f8b5e4c5af9f87e0dc39df69d
Pending + processing.,Чакащи + в обработка.,,site/modules/Mercato/src/Admin/ProcessMercatoReportDiscountPanels.php,2089352179c5ab139f13a8b0cda3be12
Pending holds past TTL.,Чакащи задържания след TTL.,,site/modules/Mercato/src/Admin/ProcessMercatoReportDiscountPanels.php,c2e19f55ddead5a3fafbdf2eb7201632
Postcode prefixes checked during checkout.,"Префикси на пощенски код, проверявани по време на плащане.",,site/modules/Mercato/src/Admin/ProcessMercatoReportDiscountPanels.php,de94e431931f38c20ea928392f25859e
Processing,В обработка,,site/modules/Mercato/src/Admin/ProcessMercatoReportDiscountPanels.php,643562a9ae7099c8aabfdc93478db117
Product,Продукт,,site/modules/Mercato/src/Admin/ProcessMercatoReportDiscountPanels.php,deb10517653c255364175796ace3553f
Product Sales,Продажби на продукти,,site/modules/Mercato/src/Admin/ProcessMercatoReportDiscountPanels.php,c87f156918bf2deba893037c322a885b
Product shipping,Доставка на продукта,,site/modules/Mercato/src/Admin/ProcessMercatoReportDiscountPanels.php,f0fa7718773d3af784129587f2914d98
Product tax rates,Данъчни ставки на продукта,,site/modules/Mercato/src/Admin/ProcessMercatoReportDiscountPanels.php,d7e2a49e9f42427fc53c7c232d7267cd
Products at or below threshold.,Продукти на или под прага.,,site/modules/Mercato/src/Admin/ProcessMercatoReportDiscountPanels.php,566b65abe7bb6cc34feead8f578e3266
Quantity,Количество,,site/modules/Mercato/src/Admin/ProcessMercatoReportDiscountPanels.php,694e8d1f2ee056f98ee488bdc4982d73
Quantity from paid orders.,Количество от платени поръчки.,,site/modules/Mercato/src/Admin/ProcessMercatoReportDiscountPanels.php,82f54aeb50fcb886cac2517d4b630459
Reports,Отчети,,site/modules/Mercato/src/Admin/ProcessMercatoReportDiscountPanels.php,c91c7b93c28cd18741b71f727ee81ee3
Revenue,Приход,,site/modules/Mercato/src/Admin/ProcessMercatoReportDiscountPanels.php,54358a914f51e1af19df8520159fe607
Revenue divided by paid orders.,"Приход, разделен на платени поръчки.",,site/modules/Mercato/src/Admin/ProcessMercatoReportDiscountPanels.php,f876464a0b6f000a1256532e2548a344
Sales and operational reporting from stored ProcessWire order pages.,Справки за продажби и операции от съхранените страници с поръчки на ProcessWire.,,site/modules/Mercato/src/Admin/ProcessMercatoReportDiscountPanels.php,8c338b22b7f3107792c37ee2a874f32e
Schedule,График,,site/modules/Mercato/src/Admin/ProcessMercatoReportDiscountPanels.php,25f7347236b51a5eae4ba01a7862cb55
Share,Споделяне,,site/modules/Mercato/src/Admin/ProcessMercatoReportDiscountPanels.php,5a95a425f74314a96f13a2f136992178
Shipping,Доставка,,site/modules/Mercato/src/Admin/ProcessMercatoReportDiscountPanels.php,ea9cf7e47ff33b2be14e6dd07cbcefc6
Shipping charged on paid orders.,"Доставка, начислена при платени поръчки.",,site/modules/Mercato/src/Admin/ProcessMercatoReportDiscountPanels.php,e1f90230acdfaff7bfca8e458a0a366f
Status,Статус,,site/modules/Mercato/src/Admin/ProcessMercatoReportDiscountPanels.php,ec53a8c4f07baed5d8825072c89799be
Targets,Цели,,site/modules/Mercato/src/Admin/ProcessMercatoReportDiscountPanels.php,91fadc5613280f76b916f1fd236e43e9
Tax and Shipping Readiness,Готовност за данъци и доставка,,site/modules/Mercato/src/Admin/ProcessMercatoReportDiscountPanels.php,d1f68580434d4a31abb471ee2e23a3c3
Tax shipping,Данък върху доставката,,site/modules/Mercato/src/Admin/ProcessMercatoReportDiscountPanels.php,542a9635af196fc167992ddf9f2c0772
Top products by paid order revenue.,Топ продукти по приход от платени поръчки.,,site/modules/Mercato/src/Admin/ProcessMercatoReportDiscountPanels.php,b58732deeaed39b856ba871a4a6cfe0b
Type,Тип,,site/modules/Mercato/src/Admin/ProcessMercatoReportDiscountPanels.php,a1fa27779242b4902f7ae3bdd5c6d508
Unlimited,Неограничено,,site/modules/Mercato/src/Admin/ProcessMercatoReportDiscountPanels.php,545f6c2f382c04810103b3e5e6f7d841
Until,До,,site/modules/Mercato/src/Admin/ProcessMercatoReportDiscountPanels.php,3728af837fe70019577ddb0ed7125ee5
Usage,Употреба,,site/modules/Mercato/src/Admin/ProcessMercatoReportDiscountPanels.php,c64518704ce0c0d5501a45763f464276
Value,Стойност,,site/modules/Mercato/src/Admin/ProcessMercatoReportDiscountPanels.php,689202409e48743b914713f96d93947c
Across %d backorder/preorder product(s).,В рамките на %d продукт(и) със задължение/предварителна поръчка.,,site/modules/Mercato/src/Admin/ProcessMercatoWebhookInventoryPanels.php,86ce386946e18f0f44f2b14101aea2d5
All events,Всички събития,,site/modules/Mercato/src/Admin/ProcessMercatoWebhookInventoryPanels.php,1aafb073a1a78e52e044177f67da6615
All statuses,Всички статуси,,site/modules/Mercato/src/Admin/ProcessMercatoWebhookInventoryPanels.php,96e3d398260724e0a83da53a2e9f20e7
Any event,Всякакво събитие,,site/modules/Mercato/src/Admin/ProcessMercatoWebhookInventoryPanels.php,3caf43963b38c1b0c23b4a711aac4ed5
Any order,Всякаква поръчка,,site/modules/Mercato/src/Admin/ProcessMercatoWebhookInventoryPanels.php,e4bddbf20706417111043c9687992198
Apply filters,Прилагане на филтри,,site/modules/Mercato/src/Admin/ProcessMercatoWebhookInventoryPanels.php,79ee641715155ec7d121815215f2b70c
Check setup,Проверка на настройката,,site/modules/Mercato/src/Admin/ProcessMercatoWebhookInventoryPanels.php,9af4e7bfd98eccbb27ee807867dcd444
Context,Контекст,,site/modules/Mercato/src/Admin/ProcessMercatoWebhookInventoryPanels.php,ad4e206408c1c59bfb8a057ba7857446
Current filtered set,Текущ филтриран набор,,site/modules/Mercato/src/Admin/ProcessMercatoWebhookInventoryPanels.php,261e95a8ce812a99ee8c6a68163c85a5
Current stock pressure before the movement log.,Текущ натиск върху наличността преди дневника на движенията.,,site/modules/Mercato/src/Admin/ProcessMercatoWebhookInventoryPanels.php,2bb2c570367cfd9a3efdf19e3974e0b8
Delta,Разлика,,site/modules/Mercato/src/Admin/ProcessMercatoWebhookInventoryPanels.php,db1f4ab5845def61a83d5df13e0c2397
Details,Детайли,,site/modules/Mercato/src/Admin/ProcessMercatoWebhookInventoryPanels.php,3ec365dd533ddb7ef3d1c111186ce872
Event,Събитие,,site/modules/Mercato/src/Admin/ProcessMercatoWebhookInventoryPanels.php,a4ecfc70574394990cf17bd83df499f7
Event type,Тип на събитието,,site/modules/Mercato/src/Admin/ProcessMercatoWebhookInventoryPanels.php,5e85ed076f5456823d69c290bb7b3e07
Events,Събития,,site/modules/Mercato/src/Admin/ProcessMercatoWebhookInventoryPanels.php,87f9f735a1d36793ceaecd4e47124b63
Expired,Изтекла,,site/modules/Mercato/src/Admin/ProcessMercatoWebhookInventoryPanels.php,24fe48030f7d3097d5882535b04c3fa8
Expired reservations,Изтекли резервации,,site/modules/Mercato/src/Admin/ProcessMercatoWebhookInventoryPanels.php,028d2dbf074b6550a41ae0e55a0e3fc1
Export CSV,Експортиране на CSV,,site/modules/Mercato/src/Admin/ProcessMercatoWebhookInventoryPanels.php,c04f1e4841a6af78088d6ccf6f3a8a76
Export stock pressure,Експортиране на натиска върху наличността,,site/modules/Mercato/src/Admin/ProcessMercatoWebhookInventoryPanels.php,507675f08b92a6973358c192c2798359
External ID,Външен ID,,site/modules/Mercato/src/Admin/ProcessMercatoWebhookInventoryPanels.php,01ddb49044c161b11fdb0c41adbeb3b3
Failed,Неуспешна,,site/modules/Mercato/src/Admin/ProcessMercatoWebhookInventoryPanels.php,d7c8c85bf79bbe1b7188497c32c3b0ca
Failed events,Неуспешни събития,,site/modules/Mercato/src/Admin/ProcessMercatoWebhookInventoryPanels.php,5954ddb7e7bd2103fcc1cdbd68d5f3a7
Failed only,Само неуспешни,,site/modules/Mercato/src/Admin/ProcessMercatoWebhookInventoryPanels.php,975742c2b1056a87830e5c7695aa220f
Gateway,Платежен доставчик,,site/modules/Mercato/src/Admin/ProcessMercatoWebhookInventoryPanels.php,926dec9494209cb088b4962509df1a91
Gateway Readiness,Готовност на платежния доставчик,,site/modules/Mercato/src/Admin/ProcessMercatoWebhookInventoryPanels.php,3c8b572844645db46c4aaa343eeff984
Gateway settings,Настройки на платежния доставчик,,site/modules/Mercato/src/Admin/ProcessMercatoWebhookInventoryPanels.php,790a83218a99ea718dbd72417d0d8baa
Gateways,Платежни доставчици,,site/modules/Mercato/src/Admin/ProcessMercatoWebhookInventoryPanels.php,f4bb39e6340915be908d4b0121d6a05a
Ignored,Игнорирано,,site/modules/Mercato/src/Admin/ProcessMercatoWebhookInventoryPanels.php,d96143ba1b15645919cea00ec9d1be62
Inventory Movements,Движения на инвентара,,site/modules/Mercato/src/Admin/ProcessMercatoWebhookInventoryPanels.php,51de32e37d999270a0125639eaf32530
Inventory Overview,Общ преглед на инвентара,,site/modules/Mercato/src/Admin/ProcessMercatoWebhookInventoryPanels.php,039531dcd57f2262b07643bc5ddb86e2
Invoice,Фактура,,site/modules/Mercato/src/Admin/ProcessMercatoWebhookInventoryPanels.php,466eadd40b3c10580e3ab4e8061161ce
Keys and required webhook configuration are present.,Ключовете и необходимата конфигурация на webhook са налични.,,site/modules/Mercato/src/Admin/ProcessMercatoWebhookInventoryPanels.php,0d74575a9b8dacbe5d1a401334f0036c
Latest event,Последно събитие,,site/modules/Mercato/src/Admin/ProcessMercatoWebhookInventoryPanels.php,c13315c26952abd54d8399d25dca160c
Local Webhook Simulator,Локален симулатор на Webhook,,site/modules/Mercato/src/Admin/ProcessMercatoWebhookInventoryPanels.php,435176fd179aee55f58459696e17b143
Logged movements,Регистрирани движения,,site/modules/Mercato/src/Admin/ProcessMercatoWebhookInventoryPanels.php,8a0457957317fc519a144aa76fdd3394
Low stock,Ниска наличност,,site/modules/Mercato/src/Admin/ProcessMercatoWebhookInventoryPanels.php,7e2525a11bd12b7925456dae1e15ccc3
Manual adjustment,Ръчна корекция,,site/modules/Mercato/src/Admin/ProcessMercatoWebhookInventoryPanels.php,9ee777c31e9dcb084f0be834dc7f0ffd
Message,Съобщение,,site/modules/Mercato/src/Admin/ProcessMercatoWebhookInventoryPanels.php,4c2a8fe7eaf24721cc7a9f0175115bd4
Mode,Режим,,site/modules/Mercato/src/Admin/ProcessMercatoWebhookInventoryPanels.php,650be61892bf690026089544abbd9d26
Mollie,Mollie,,site/modules/Mercato/src/Admin/ProcessMercatoWebhookInventoryPanels.php,7c478959c218087ffc4ad5d96e7f66a6
Needs attention,Нуждае се от внимание,,site/modules/Mercato/src/Admin/ProcessMercatoWebhookInventoryPanels.php,d6f5722e464f95d8d6411841b90ee6d2
Needs setup,Нуждае се от настройка,,site/modules/Mercato/src/Admin/ProcessMercatoWebhookInventoryPanels.php,69f85dcf24b5d6f30e5cc43912176295
No backorder or preorder debt.,Няма задължения от изчерпване или предварителна поръчка.,,site/modules/Mercato/src/Admin/ProcessMercatoWebhookInventoryPanels.php,0b79873fb9df579f2fc4ed63ceaf29ae
No email,Няма имейл,,site/modules/Mercato/src/Admin/ProcessMercatoWebhookInventoryPanels.php,fb858e41832555f3bac6a405682843c3
No events,Няма събития,,site/modules/Mercato/src/Admin/ProcessMercatoWebhookInventoryPanels.php,ee210f096a32271ef43ccd1035af27d4
No expired stock reservations.,Няма изтекли резервации на наличност.,,site/modules/Mercato/src/Admin/ProcessMercatoWebhookInventoryPanels.php,760127cc5639d7377256c1085130d3c8
No inventory movements logged yet.,Все още не са регистрирани движения на инвентара.,,site/modules/Mercato/src/Admin/ProcessMercatoWebhookInventoryPanels.php,a2e5ee715e6a03545f6fd6867c475a69
No low-stock products.,Няма продукти с ниска наличност.,,site/modules/Mercato/src/Admin/ProcessMercatoWebhookInventoryPanels.php,6d9cd24aeffdcbe2b9bb6ec26b67050e
No recent webhook failures,Няма скорошни неуспехи на webhook,,site/modules/Mercato/src/Admin/ProcessMercatoWebhookInventoryPanels.php,ca8db04e70d9293e6ea80033b1740ca8
No transition,Няма преход,,site/modules/Mercato/src/Admin/ProcessMercatoWebhookInventoryPanels.php,d5182f925933a7dc3bada98365e328d6
"No unpaid orders are available for simulation. Start a Stripe or Mollie checkout first, then return here.","Няма налични неплатени поръчки за симулация. Първо стартирайте плащане чрез Stripe или Mollie, след което се върнете тук.",,site/modules/Mercato/src/Admin/ProcessMercatoWebhookInventoryPanels.php,ddf319bfc40005dd8dcf10c832a8f014
No webhook events logged yet.,Все още не са регистрирани webhook събития.,,site/modules/Mercato/src/Admin/ProcessMercatoWebhookInventoryPanels.php,f87dae17d563b7834ed19dd0a7628da2
No webhook events yet,Все още няма webhook събития,,site/modules/Mercato/src/Admin/ProcessMercatoWebhookInventoryPanels.php,39664dd3d32af0150e3470a5ffb8a6a8
None,Няма,,site/modules/Mercato/src/Admin/ProcessMercatoWebhookInventoryPanels.php,6adf97f83acf6453d4a6a4b1070f3754
Operational health,Оперативно здраве,,site/modules/Mercato/src/Admin/ProcessMercatoWebhookInventoryPanels.php,b9deea4f8cf717d181c4e1d10097da29
Operator action,Действие на оператора,,site/modules/Mercato/src/Admin/ProcessMercatoWebhookInventoryPanels.php,380b00015957362ffb808b69346edf38
Order,Поръчка,,site/modules/Mercato/src/Admin/ProcessMercatoWebhookInventoryPanels.php,a240fa27925a635b08dc28c9e4f9216d
Order ID,ID на поръчка,,site/modules/Mercato/src/Admin/ProcessMercatoWebhookInventoryPanels.php,d79cf3f429596f77db95c65074663a54
Order updated,Поръчката е актуализирана,,site/modules/Mercato/src/Admin/ProcessMercatoWebhookInventoryPanels.php,5238097a37dee59c5d27876005e3e348
Oversell debt,Задължение от свръхпродажба,,site/modules/Mercato/src/Admin/ProcessMercatoWebhookInventoryPanels.php,2c7667e47e73c675df19abf2c37c6edc
Payment methods,Методи на плащане,,site/modules/Mercato/src/Admin/ProcessMercatoWebhookInventoryPanels.php,0da8d9a75492046bea7f314521e07cae
PayPal,PayPal,,site/modules/Mercato/src/Admin/ProcessMercatoWebhookInventoryPanels.php,ad69e733ebae8d264bccaa38d68830e8
Processed,Обработено,,site/modules/Mercato/src/Admin/ProcessMercatoWebhookInventoryPanels.php,e6f641ae8ac72385a9556588b0cac77c
Processed events,Обработени събития,,site/modules/Mercato/src/Admin/ProcessMercatoWebhookInventoryPanels.php,065961d259bf967ad3facde329d751bf
Product,Продукт,,site/modules/Mercato/src/Admin/ProcessMercatoWebhookInventoryPanels.php,deb10517653c255364175796ace3553f
Products at or below threshold.,Продукти на или под прага.,,site/modules/Mercato/src/Admin/ProcessMercatoWebhookInventoryPanels.php,566b65abe7bb6cc34feead8f578e3266
Quantity,Количество,,site/modules/Mercato/src/Admin/ProcessMercatoWebhookInventoryPanels.php,694e8d1f2ee056f98ee488bdc4982d73
Quick filters,Бързи филтри,,site/modules/Mercato/src/Admin/ProcessMercatoWebhookInventoryPanels.php,89d24daf0bdce656690f084b5f0af54e
Ready,Готово,,site/modules/Mercato/src/Admin/ProcessMercatoWebhookInventoryPanels.php,e7d31fc0602fb2ede144d18cdffd816b
Received,Получено,,site/modules/Mercato/src/Admin/ProcessMercatoWebhookInventoryPanels.php,ac5bb077c33753116b5e91ff1766e7bc
Received events are waiting for processing or were intentionally ignored.,Получените събития изчакват обработка или са пренебрегнати умишлено.,,site/modules/Mercato/src/Admin/ProcessMercatoWebhookInventoryPanels.php,e9d3ea27e10265da729b3fd97f738c88
Recent provider updates applied,Приложени скорошни актуализации от доставчика,,site/modules/Mercato/src/Admin/ProcessMercatoWebhookInventoryPanels.php,a7d4480f2f71596090ecf3ad24132530
"Recent reservation, release, sold, refund, and manual stock events.","Скорошни събития за резервация, освобождаване, продажба, възстановяване и ръчна наличност.",,site/modules/Mercato/src/Admin/ProcessMercatoWebhookInventoryPanels.php,1555e7aaca92f5c8818f5f5a93984c1b
"Recent stock reservations, releases, and paid order adjustments.","Скорошни резервации на наличност, освобождавания и корекции при платени поръчки.",,site/modules/Mercato/src/Admin/ProcessMercatoWebhookInventoryPanels.php,2345fea924d0d8582e024f70f3271a87
Recent Stripe and Mollie webhook lifecycle records from the ProcessWire log.,Скорошни записи от жизнения цикъл на Stripe и Mollie webhook от дневника на ProcessWire.,,site/modules/Mercato/src/Admin/ProcessMercatoWebhookInventoryPanels.php,fc4e118602f4731e460ce2ecd530446c
Refunded,Възстановено,,site/modules/Mercato/src/Admin/ProcessMercatoWebhookInventoryPanels.php,cc61945cbbf46721a053467c395c666f
Release expired holds before selling scarce stock.,Освободете изтеклите задържания преди да продавате оскъдна наличност.,,site/modules/Mercato/src/Admin/ProcessMercatoWebhookInventoryPanels.php,df6a6079d5c39d180a1a6662ee889964
Released,Освободена,,site/modules/Mercato/src/Admin/ProcessMercatoWebhookInventoryPanels.php,ea1e34304a5d8ffa7c9b0ed8ede4ef1a
Required events,Необходими събития,,site/modules/Mercato/src/Admin/ProcessMercatoWebhookInventoryPanels.php,059561cdfda913b42bb7698f08fad9b6
Reserved,Резервирано,,site/modules/Mercato/src/Admin/ProcessMercatoWebhookInventoryPanels.php,942d4e37dd5607ab68e54755540d4a47
Reset,Нулиране,,site/modules/Mercato/src/Admin/ProcessMercatoWebhookInventoryPanels.php,526d688f37a86d3c3f27d0c5016eb71d
Result,Резултат,,site/modules/Mercato/src/Admin/ProcessMercatoWebhookInventoryPanels.php,8eea62084ca7e541d918e823422bd82e
Review,Преглед,,site/modules/Mercato/src/Admin/ProcessMercatoWebhookInventoryPanels.php,457dd55184faedb7885afd4009d70163
Review failed events and confirm the matching order timeline.,Прегледайте неуспешните събития и потвърдете съответстващата хронология на поръчката.,,site/modules/Mercato/src/Admin/ProcessMercatoWebhookInventoryPanels.php,61882c2d3d03cc88f80ee8c47d7a493d
Review products,Преглед на продукти,,site/modules/Mercato/src/Admin/ProcessMercatoWebhookInventoryPanels.php,063fe591cea34098d3e30dbe74d3c814
Simulate webhook,Симулиране на webhook,,site/modules/Mercato/src/Admin/ProcessMercatoWebhookInventoryPanels.php,b5b830665c4e2e2cfb050c651c0e96f6
Sold,Продадено,,site/modules/Mercato/src/Admin/ProcessMercatoWebhookInventoryPanels.php,d85a8a381c36f6dde21d81542830e2b1
Status,Статус,,site/modules/Mercato/src/Admin/ProcessMercatoWebhookInventoryPanels.php,ec53a8c4f07baed5d8825072c89799be
Stock,Наличност,,site/modules/Mercato/src/Admin/ProcessMercatoWebhookInventoryPanels.php,27ce7f8b5623b2e2df568d64cf051607
Stripe,Stripe,,site/modules/Mercato/src/Admin/ProcessMercatoWebhookInventoryPanels.php,ce7566d1d08cc094b74cf283cf9c56a5
Switch to test mode before simulating webhooks.,Превключете на тестов режим преди да симулирате webhooks.,,site/modules/Mercato/src/Admin/ProcessMercatoWebhookInventoryPanels.php,11f4942862896aa9a89e2df47583c693
"Test-mode bridge for local development. It writes webhook log records and moves an unpaid order through the normal payment, inventory, and notification path without calling Stripe or Mollie.","Мост в тестов режим за локална разработка. Той записва журнални записи за webhook и премества неплатена поръчка през нормалния път на плащане, инвентар и известия, без да се обръща към Stripe или Mollie.",,site/modules/Mercato/src/Admin/ProcessMercatoWebhookInventoryPanels.php,ee7dd3af0efca2d3dadae7b5d0df01b0
Time,Час,,site/modules/Mercato/src/Admin/ProcessMercatoWebhookInventoryPanels.php,a76d4ef5f3f6a672bbfab2865563e530
Timeline,Хронология,,site/modules/Mercato/src/Admin/ProcessMercatoWebhookInventoryPanels.php,3d1f92a565d3b1a61880236e33c49bf3
Until,До,,site/modules/Mercato/src/Admin/ProcessMercatoWebhookInventoryPanels.php,3728af837fe70019577ddb0ed7125ee5
Webhook accepted,Webhook приет,,site/modules/Mercato/src/Admin/ProcessMercatoWebhookInventoryPanels.php,69213eb49e076490976532408c0e948f
Webhook Events,Webhook събития,,site/modules/Mercato/src/Admin/ProcessMercatoWebhookInventoryPanels.php,e31ba7daa052860d406c10257d2663d6
Webhook processing looks healthy.,Обработката на webhook изглежда наред.,,site/modules/Mercato/src/Admin/ProcessMercatoWebhookInventoryPanels.php,209abe78f678b531924176bffabaa4a3
Webhook URL,URL адрес на Webhook,,site/modules/Mercato/src/Admin/ProcessMercatoWebhookInventoryPanels.php,0b8764d3dc1a8f0ba45f7ab682e65766
Webhook URLs and setup state for active payment providers. Secrets are never displayed here.,URL адреси на webhook и състояние на настройката за активните платежни доставчици. Секретите никога не се показват тук.,,site/modules/Mercato/src/Admin/ProcessMercatoWebhookInventoryPanels.php,69d3007caf48cd567bfaee7a65a826ea
Webhook visibility,Видимост на webhook,,site/modules/Mercato/src/Admin/ProcessMercatoWebhookInventoryPanels.php,81286df43c7ec17a2f70d797b6198b3e
