en,ro,description,file,hash
Back to products,Înapoi la produse,,site/modules/Mercato/ProcessMercato.module.php,dc30c2bfc6927bfd521e4c1f88b08f2c
Create Manual Order,Creează Comandă Manuală,,site/modules/Mercato/ProcessMercato.module.php,a4ed4cf9d1051814738e7d3aacb432ae
Customer not found.,Clientul nu a fost găsit.,,site/modules/Mercato/ProcessMercato.module.php,7225f62716ea3488a1347e996614fe38
Mercato Customer,Client Mercato,,site/modules/Mercato/ProcessMercato.module.php,ac969a0529b0bd4202e1c0d9b7f8711a
Mercato Customers,Clienți Mercato,,site/modules/Mercato/ProcessMercato.module.php,38c2e55b5d69c69467df99d090dc3c89
Mercato Dashboard,Dashboard Mercato,,site/modules/Mercato/ProcessMercato.module.php,38eedbc862157fabe27e233524dabe37
Mercato Discounts,Reduceri Mercato,,site/modules/Mercato/ProcessMercato.module.php,d53b8583aa2ea73ac019ffa13ec9529c
Mercato Fulfilment,Onorare Mercato,,site/modules/Mercato/ProcessMercato.module.php,7493c7177e2b08a8509ae2a78b53406e
Mercato Inventory,Inventar Mercato,,site/modules/Mercato/ProcessMercato.module.php,d0a17834ca62275c0f7a7d0bedc2644a
Mercato Launch Checklist,Listă de Verificare pentru Lansare Mercato,,site/modules/Mercato/ProcessMercato.module.php,5f4088f0886bd4954cee5e37455d0cc7
Mercato Orders,Comenzi Mercato,,site/modules/Mercato/ProcessMercato.module.php,fcef20e9c973e30cb8a97d5366da02a3
Mercato Payment Attempts,Încercări de Plată Mercato,,site/modules/Mercato/ProcessMercato.module.php,fcd99ec9d9400b1d916bcccff9141cdf
Mercato Product Detail,Detaliu Produs Mercato,,site/modules/Mercato/ProcessMercato.module.php,84e07d7e23da6ab675713109672dbc23
Mercato Products,Produse Mercato,,site/modules/Mercato/ProcessMercato.module.php,5d93c2db13eef106d57ffd48aa2939af
Mercato Recovery,Recuperare Mercato,,site/modules/Mercato/ProcessMercato.module.php,24096fda63e9a0ddf2ad223737601e80
Mercato Refunds,Rambursări Mercato,,site/modules/Mercato/ProcessMercato.module.php,d10e8f9edde5ba9dfe8b65cf4e8fca98
Mercato Reports,Rapoarte Mercato,,site/modules/Mercato/ProcessMercato.module.php,21ebde301a7a211498fb4b3d01c16261
Mercato Search,Căutare Mercato,,site/modules/Mercato/ProcessMercato.module.php,5fbd491d73a66e0fff4a1ee4f9624707
Mercato Webhooks,Webhook-uri Mercato,,site/modules/Mercato/ProcessMercato.module.php,8d1028877c92eb817d8854781d47e2ee
Order Detail,Detaliul Comenzii,,site/modules/Mercato/ProcessMercato.module.php,6749752799c78ed976b9f03cb6e50cce
Order not found.,Comanda nu a fost găsită.,,site/modules/Mercato/ProcessMercato.module.php,149ad34562bd32ca88aac01cd023fce5
Order Timeline,Cronologia Comenzii,,site/modules/Mercato/ProcessMercato.module.php,eed5f1931d938be6182018978b9a4c8d
Product not found,Produs negăsit,,site/modules/Mercato/ProcessMercato.module.php,dfbe69c6d9568ecb0e65e7b32ed92a3a
Address shown to customers choosing pickup.,Adresă afișată clienților care aleg ridicarea.,,site/modules/Mercato/src/MercatoConfigInputfields.php,8ca4a8a6eb89945256b1d976130cbeb3
Advanced / Debug,Avansat / Depanare,,site/modules/Mercato/src/MercatoConfigInputfields.php,953b9fe2b63464f0b0822feba15a48f0
After amount (12.99 €),"După sumă (12,99 €)",,site/modules/Mercato/src/MercatoConfigInputfields.php,cce002739944e9374f973f33d26a63e2
"After saving the webhook, reveal and copy the Signing secret (whsec_...) into the field below.","După salvarea webhook-ului, afișați și copiați secretul de semnare (whsec_...) în câmpul de mai jos.",,site/modules/Mercato/src/MercatoConfigInputfields.php,9f5474045234685da9520841374c2914
Allowed delivery countries,Țări de livrare permise,,site/modules/Mercato/src/MercatoConfigInputfields.php,48aed1551811e63953baaa9b20bb04c2
Automatic asset loading,Încărcare automată a resurselor,,site/modules/Mercato/src/MercatoConfigInputfields.php,3d0c79b3b3cada129942490665347acc
Automatic cleanup uses ProcessWire LazyCron. Manual cleanup remains available in the Launch tab.,Curățarea automată utilizează ProcessWire LazyCron. Curățarea manuală rămâne disponibilă în fila Lansare.,,site/modules/Mercato/src/MercatoConfigInputfields.php,78995121d39498cb8f097d0e72cfc594
Available checkout methods,Metode de checkout disponibile,,site/modules/Mercato/src/MercatoConfigInputfields.php,293bd3c754e972e04500e3b6c1d8e45e
Bank transfer instructions,Instrucțiuni pentru transfer bancar,,site/modules/Mercato/src/MercatoConfigInputfields.php,1b6c9ccaee81d31161eb397f3929ccd1
Before amount (€ 12.99),"Înainte de sumă (€ 12,99)",,site/modules/Mercato/src/MercatoConfigInputfields.php,676f9273aa4eed98b0e4e25224722769
Bootstrap CSS CDN URL,URL CDN CSS Bootstrap,,site/modules/Mercato/src/MercatoConfigInputfields.php,8181092ed55b3dd5ea2520d5574962f8
Cancel / back page,Pagină de anulare / revenire,,site/modules/Mercato/src/MercatoConfigInputfields.php,01754d77b494cd3004d52a5acf64f7ca
Carrier delivery label,Etichetă livrare prin curier,,site/modules/Mercato/src/MercatoConfigInputfields.php,ed4a094db0a6a395effe1be591c98f23
Cart retention,Reținere coș,,site/modules/Mercato/src/MercatoConfigInputfields.php,65b8cddd975764cccd1e023abe750ff6
Checkout delivery windows,Intervale de livrare la checkout,,site/modules/Mercato/src/MercatoConfigInputfields.php,64c83f0285ca691bcbac3b9c47da85fb
Checkout policy pages,Pagini de politici la checkout,,site/modules/Mercato/src/MercatoConfigInputfields.php,c66394c5a2251ef26258eaf8beb01aee
Comma-separated prefixes. Leave blank to allow all postcodes.,Prefixe separate prin virgulă. Lăsați necompletat pentru a permite toate codurile poștale.,,site/modules/Mercato/src/MercatoConfigInputfields.php,0ad5e6cde4e71507157f8f81c23c1382
Controls how displayed tax totals are rounded. Stored order totals remain frozen after checkout.,Controlează modul în care sunt rotunjite totalurile de taxă afișate. Totalurile comenzii stocate rămân neschimbate după checkout.,,site/modules/Mercato/src/MercatoConfigInputfields.php,b69ebeb87b2727726ffb5ec31c4cf0df
Controls tax breakdown display. Included keeps the current gross-price model; No tax hides tax rows without changing payable totals.,Controlează afișarea detalierii taxelor. „Inclus” păstrează modelul actual de preț brut; „Fără taxă” ascunde liniile de taxă fără a modifica totalurile de plată.,,site/modules/Mercato/src/MercatoConfigInputfields.php,2a878a6d141955c430c86ee98beafb96
"Controls the default Mercato frontend templates: product, checkout, and success.","Controlează șabloanele implicite Mercato pentru frontend: produs, checkout și succes.",,site/modules/Mercato/src/MercatoConfigInputfields.php,916c6438418d2a9da8016a86c7d8e4df
copied only when missing,copiat doar dacă lipsește,,site/modules/Mercato/src/MercatoConfigInputfields.php,8424478681a758ba1a121a92e4fbd8f8
copied with overwrite enabled,copiat cu suprascriere activată,,site/modules/Mercato/src/MercatoConfigInputfields.php,cf938f6daed768503c22f5f057cb052f
Copy the Sandbox Client ID and Secret for testing. Copy Live credentials only when you are ready for production review.,Copiați Client ID și Secret din Sandbox pentru testare. Copiați acreditările Live doar când sunteți pregătit pentru revizuirea de producție.,,site/modules/Mercato/src/MercatoConfigInputfields.php,61e2d6728675411f8f906966da473bf2
Create a webhook for this endpoint and copy its Webhook ID into the matching Sandbox or Live field:,Creați un webhook pentru acest endpoint și copiați Webhook ID-ul acestuia în câmpul corespunzător Sandbox sau Live:,,site/modules/Mercato/src/MercatoConfigInputfields.php,1c5ec0b0e51b8a2298e5cb578644c75d
Currency code (ISO 4217),Cod monedă (ISO 4217),,site/modules/Mercato/src/MercatoConfigInputfields.php,e55bade0ee4d4ea96b18ff8aade224c3
Currency symbol,Simbol monedă,,site/modules/Mercato/src/MercatoConfigInputfields.php,62f9da2dd4df9ed3b5312a77186956c8
Customer data retention,Reținere date client,,site/modules/Mercato/src/MercatoConfigInputfields.php,dcfd4a0ecaa0aca9b123e487971468a6
Customer redirects return to the configured Mercato pages:,Redirecționările clientului revin la paginile Mercato configurate:,,site/modules/Mercato/src/MercatoConfigInputfields.php,6154052a44ff6831cf4e2a34f4e47b2a
Default checkout method,Metodă de checkout implicită,,site/modules/Mercato/src/MercatoConfigInputfields.php,d4b747f0b6f2a405735b37654d6db62d
Default low-stock threshold,Prag implicit de stoc redus,,site/modules/Mercato/src/MercatoConfigInputfields.php,2eb8c2ac0ea4aad04b7da2de3a2c6c10
Default product tax rate (%),Cotă de taxă implicită a produsului (%),,site/modules/Mercato/src/MercatoConfigInputfields.php,a2d0dcd05d830e3170a66c6804d70792
Delivery regions by country,Regiuni de livrare pe țară,,site/modules/Mercato/src/MercatoConfigInputfields.php,f157e0d40152b2f813078871d4f7e76d
"Disable this when your site theme already provides Tailwind, Bootstrap, or UIkit.","Dezactivați această opțiune când tema site-ului dvs. oferă deja Tailwind, Bootstrap sau UIkit.",,site/modules/Mercato/src/MercatoConfigInputfields.php,17a018935bfb3575d1b919bc2dc29ee9
Draft order retention,Reținere comenzi ciornă,,site/modules/Mercato/src/MercatoConfigInputfields.php,a5b2fe0e35c054cd3b7c3931c80fd382
Email Notifications,Notificări prin E-mail,,site/modules/Mercato/src/MercatoConfigInputfields.php,3caac88fd2cfb66b30bf5c3bb963e2ae
Enable automated recovery emails,Activează e-mailurile de recuperare automatizate,,site/modules/Mercato/src/MercatoConfigInputfields.php,959eadf90d3e8c1e6467b3dcc46a18bd
"Enable customer-facing payment methods in the Mollie Dashboard. Mollie Checkout will show only methods available for the merchant profile, currency, amount, and shopper country.","Activați metodele de plată vizibile clienților în Mollie Dashboard. Mollie Checkout va afișa doar metodele disponibile pentru profilul comerciantului, monedă, sumă și țara cumpărătorului.",,site/modules/Mercato/src/MercatoConfigInputfields.php,e08693c164cfb8a0e8e940989b7b04fa
"Enable only if you want Mercato to replace mrc-order.php, mrc-orders.php, mrc-products.php, mrc-product.php, mrc-checkout.php, and mrc-success.php in /site/templates/. This can overwrite manual edits.","Activați doar dacă doriți ca Mercato să înlocuiască mrc-order.php, mrc-orders.php, mrc-products.php, mrc-product.php, mrc-checkout.php și mrc-success.php în /site/templates/. Acest lucru poate suprascrie editările manuale.",,site/modules/Mercato/src/MercatoConfigInputfields.php,3ca2aa2d8e6e2898c636c1fb1566c645
Enabled payment methods,Metode de plată activate,,site/modules/Mercato/src/MercatoConfigInputfields.php,5b640a119f4a8811e835e207d07beae3
"For Mollie, no signing secret is stored here. The webhook POST contains a payment id; Mercato verifies it by fetching the payment through the Mollie API.","Pentru Mollie, niciun secret de semnare nu este stocat aici. POST-ul webhook-ului conține un id de plată; Mercato îl verifică preluând plata prin API-ul Mollie.",,site/modules/Mercato/src/MercatoConfigInputfields.php,fdb0af36bda5d509044f75c5cc569432
"For subscription self-service links, configure Stripe Billing → Customer portal in the Stripe Dashboard.","Pentru linkuri de auto-servire a abonamentelor, configurați Stripe Billing → Customer portal în Stripe Dashboard.",,site/modules/Mercato/src/MercatoConfigInputfields.php,da0e82ab088ffa58c4038c093cd5953e
Free shipping threshold,Prag pentru transport gratuit,,site/modules/Mercato/src/MercatoConfigInputfields.php,5f2ab464876341df7ff085560b1dc9e2
Frontend framework,Framework frontend,,site/modules/Mercato/src/MercatoConfigInputfields.php,c887185c6013adddafbfdf72db7b6822
Fulfilment Methods,Metode de Onorare,,site/modules/Mercato/src/MercatoConfigInputfields.php,adf17ec958948e1e7f038cdb844a4775
General Settings,Setări Generale,,site/modules/Mercato/src/MercatoConfigInputfields.php,52f4393e1b52ba63e27310ca92ba098c
GET opens a diagnostic response. Mollie will POST payment status updates to this URL.,GET deschide un răspuns de diagnosticare. Mollie va trimite prin POST actualizări ale stării plății către acest URL.,,site/modules/Mercato/src/MercatoConfigInputfields.php,ee862080965ba294771291064004ee86
GET opens a diagnostic response. PayPal will POST signed webhook events to this URL.,GET deschide un răspuns de diagnosticare. PayPal va trimite prin POST evenimente webhook semnate către acest URL.,,site/modules/Mercato/src/MercatoConfigInputfields.php,b2e3d0fee362d39db5946fac48749aa4
GET opens a diagnostic response. Stripe must POST signed webhook events to this URL.,GET deschide un răspuns de diagnosticare. Stripe trebuie să trimită prin POST evenimente webhook semnate către acest URL.,,site/modules/Mercato/src/MercatoConfigInputfields.php,aee1d8133cca197f685a9236872a51b5
How long pending checkout orders reserve stock before payment confirmation. Range: 1-1440 minutes.,Cât timp comenzile de checkout în așteptare rezervă stocul înainte de confirmarea plății. Interval: 1-1440 minute.,,site/modules/Mercato/src/MercatoConfigInputfields.php,f530496520cccf86a91e136f8f755576
How many days abandoned cart/session policy should retain cart context. Range: 1-3650 days. This setting documents policy; it does not delete paid orders.,Câte zile ar trebui să rețină politica de coș/sesiune abandonată contextul coșului. Interval: 1-3650 zile. Această setare documentează politica; nu șterge comenzile plătite.,,site/modules/Mercato/src/MercatoConfigInputfields.php,8cf6327356c3abeccf9dd017e9e6e5fa
How many days redacted webhook/event payload context should remain available for diagnostics. Range: 1-3650 days.,"Câte zile ar trebui să rămână disponibil, pentru diagnosticare, contextul redactat al payload-ului de webhook/eveniment. Interval: 1-3650 zile.",,site/modules/Mercato/src/MercatoConfigInputfields.php,253bfff80bdd009fa41ef992b5e521bb
How many days unpaid draft/pending order data may remain before manual or LazyCron cleanup. Range: 1-3650 days.,Câte zile pot rămâne datele comenzilor neplătite ciornă/în așteptare înainte de curățarea manuală sau prin LazyCron. Interval: 1-3650 zile.,,site/modules/Mercato/src/MercatoConfigInputfields.php,90c8ce3f9bdec2fa8cdaa23584c24210
How often LazyCron should check abandoned checkout recovery candidates.,Cât de des ar trebui LazyCron să verifice candidații pentru recuperarea checkout-urilor abandonate.,,site/modules/Mercato/src/MercatoConfigInputfields.php,569df70cbeb1067ad6068970b8df3081
Include carrier/local delivery fees in the tax breakdown,Include taxele de livrare prin curier/locală în detalierea taxelor,,site/modules/Mercato/src/MercatoConfigInputfields.php,33a5082568840de0ef74e052d5e37b3e
Install / repair generated assets,Instalează / repară resursele generate,,site/modules/Mercato/src/MercatoConfigInputfields.php,ec861d8401ffe9bf2c8e4a206cc7e1b8
Installer,Program de instalare,,site/modules/Mercato/src/MercatoConfigInputfields.php,d1be377656960ed04f1564da21d80c8d
Invoice prefix,Prefix factură,,site/modules/Mercato/src/MercatoConfigInputfields.php,82c9667c9ef1dc29e479d080eaa998db
Let Stripe show compatible Payment Element methods for Stripe Card checkout.,Permiteți Stripe să afișeze metodele Payment Element compatibile pentru checkout-ul cu Card Stripe.,,site/modules/Mercato/src/MercatoConfigInputfields.php,4401a0673bbbc9898e6ae65d36164ca0
Live API Key (live_...),Cheie API Live (live_...),,site/modules/Mercato/src/MercatoConfigInputfields.php,a1d3f83d9be8208e944dfcd4dc685ec7
Live Client ID,Client ID Live,,site/modules/Mercato/src/MercatoConfigInputfields.php,1087b413bc531d99ee4deb93e280bfed
Live Publishable Key (pk_live_...),Cheie Publicabilă Live (pk_live_...),,site/modules/Mercato/src/MercatoConfigInputfields.php,de598d9a6a44b3c8fffe32bb14e97224
Live Secret,Secret Live,,site/modules/Mercato/src/MercatoConfigInputfields.php,283b4262a252e932f41c6a7eeea8dc15
Live Secret Key (sk_live_...),Cheie Secretă Live (sk_live_...),,site/modules/Mercato/src/MercatoConfigInputfields.php,aa26a33e114eb2adc910b678faf071c3
Live Webhook ID,Webhook ID Live,,site/modules/Mercato/src/MercatoConfigInputfields.php,78531346fe27352f80f09f3fc2686d63
Load CDN assets for the selected frontend framework.,Încarcă resursele CDN pentru framework-ul frontend selectat.,,site/modules/Mercato/src/MercatoConfigInputfields.php,8ac0d8d44a0e7c9f40efa3b09dd57a9c
Local delivery email body,Corp e-mail livrare locală,,site/modules/Mercato/src/MercatoConfigInputfields.php,42f875b83e3575888b372857cd5c077a
Local delivery email subject,Subiect e-mail livrare locală,,site/modules/Mercato/src/MercatoConfigInputfields.php,4c62f798d12edc5eba21903d00227e0c
Local delivery fee,Taxă de livrare locală,,site/modules/Mercato/src/MercatoConfigInputfields.php,9cfed83392cff8ccad48215339b64855
Local delivery instructions,Instrucțiuni de livrare locală,,site/modules/Mercato/src/MercatoConfigInputfields.php,410683d78bdbe21940c75cd0a1e17ba1
Local delivery label,Etichetă livrare locală,,site/modules/Mercato/src/MercatoConfigInputfields.php,7a1890112eec0e9f696530d8cefd9718
Local delivery minimum order,Comandă minimă pentru livrare locală,,site/modules/Mercato/src/MercatoConfigInputfields.php,f0aa7dfe71962a76e411df87e5b4591e
Local postal-code prefixes,Prefixe de cod poștal locale,,site/modules/Mercato/src/MercatoConfigInputfields.php,55934fe43d898f7ffc73d18b97169d03
Maximum payment-link emails per automation run. Range: 1-100.,Numărul maxim de e-mailuri cu link de plată per rulare de automatizare. Interval: 1-100.,,site/modules/Mercato/src/MercatoConfigInputfields.php,ea8337b59371b9762a2eb74f25460e16
Mercato installer failed: ,Instalarea Mercato a eșuat: ,,site/modules/Mercato/src/MercatoConfigInputfields.php,f762aee52bd3e253911b9e5569435358
Mercato installer finished. Template files were %s.,Instalarea Mercato s-a finalizat. Fișierele șablon au fost %s.,,site/modules/Mercato/src/MercatoConfigInputfields.php,e416ece723ce302257c22c361daaec30
"Mercato keeps prices gross; this controls the displayed tax breakdown, not the payable total.","Mercato păstrează prețurile brute; aceasta controlează detalierea taxelor afișată, nu totalul de plată.",,site/modules/Mercato/src/MercatoConfigInputfields.php,843528a5f9651c8ff1cf430e3e4988c0
Mercato sends the webhook URL automatically when it creates each Mollie payment:,Mercato trimite automat URL-ul webhook-ului la crearea fiecărei plăți Mollie:,,site/modules/Mercato/src/MercatoConfigInputfields.php,e4e01b0e0a13c28d4fadf48a8dba3bd2
Mercato test email failed: ,E-mailul de test Mercato a eșuat: ,,site/modules/Mercato/src/MercatoConfigInputfields.php,69439db15742b08a190183c78a0c1ee0
Mercato test email sent to ,E-mail de test Mercato trimis către ,,site/modules/Mercato/src/MercatoConfigInputfields.php,b87e418b22f1d4d3020894d2ddcbc7a8
Mercato verifies real PayPal webhooks with the PayPal verify-webhook-signature API before processing production events.,Mercato verifică webhook-urile reale PayPal cu API-ul verify-webhook-signature al PayPal înainte de a procesa evenimentele de producție.,,site/modules/Mercato/src/MercatoConfigInputfields.php,dfb7129fc2881cad174a089587859a24
Merchant Details,Detalii Comerciant,,site/modules/Mercato/src/MercatoConfigInputfields.php,766c0fb714d9b7fd8a1c1c8ff799deb2
Minimum checkout age,Vechime minimă checkout,,site/modules/Mercato/src/MercatoConfigInputfields.php,061fee424c31b438b6d123c0614e5eb8
Minimum minutes before another recovery payment-link email can be sent for the same unpaid order. Use 0 to disable the cooldown. Range: 0-10080 minutes.,Minute minime înainte ca un alt e-mail cu link de plată de recuperare să poată fi trimis pentru aceeași comandă neplătită. Utilizați 0 pentru a dezactiva perioada de așteptare. Interval: 0-10080 minute.,,site/modules/Mercato/src/MercatoConfigInputfields.php,ec85d62e510078b975bc0d12af442749
"Mollie also calls this payment webhook when a refund reaches processing, failed, or refunded status. Queued or pending refunds can be checked from Order Detail.","Mollie apelează, de asemenea, acest webhook de plată când o rambursare ajunge în starea de procesare, eșuată sau rambursată. Rambursările în coadă sau în așteptare pot fi verificate din Detaliul Comenzii.",,site/modules/Mercato/src/MercatoConfigInputfields.php,616ad811063ed1a93271c6a1d0d52b89
Mollie Settings,Setări Mollie,,site/modules/Mercato/src/MercatoConfigInputfields.php,824f2c1d1c2ee9aecac9977d9347a2ea
Mollie Webhook Endpoint,Endpoint de Webhook Mollie,,site/modules/Mercato/src/MercatoConfigInputfields.php,614dab96b81a1f54bfe4e691a7f133f9
One email per line. These addresses are excluded from manual and automated recovery payment-link emails.,Un e-mail pe linie. Aceste adrese sunt excluse din e-mailurile cu link de plată de recuperare manuale și automatizate.,,site/modules/Mercato/src/MercatoConfigInputfields.php,3c10f1526245ddbca84e189df3dc9922
Only selected methods are shown on checkout and accepted by the payment flow. Demo Payment is always unavailable in production mode.,Doar metodele selectate sunt afișate la checkout și acceptate de fluxul de plată. Plata Demonstrativă este întotdeauna indisponibilă în modul de producție.,,site/modules/Mercato/src/MercatoConfigInputfields.php,a62b7bbc37b77ec3aeee31af1dd0f845
Open Developers → Webhooks → Add endpoint and use this endpoint URL:,Deschideți Developers → Webhooks → Add endpoint și utilizați acest URL de endpoint:,,site/modules/Mercato/src/MercatoConfigInputfields.php,918363d0b47bec7df7f46826a65225b6
Open Mollie Dashboard → Developers → API keys and copy the Test API key and Live API key.,Deschideți Mollie Dashboard → Developers → API keys și copiați Test API key și Live API key.,,site/modules/Mercato/src/MercatoConfigInputfields.php,fa58a8aa797f3a0512addd4d94341f41
Open PayPal Developer Dashboard → Apps & Credentials and create or select a REST app.,Deschideți PayPal Developer Dashboard → Apps & Credentials și creați sau selectați o aplicație REST.,,site/modules/Mercato/src/MercatoConfigInputfields.php,afc305b47da5edb9a5a09cac7dcee44a
Open Stripe Dashboard → Developers → API keys and copy the Publishable key and Secret key for test/live mode.,Deschideți Stripe Dashboard → Developers → API keys și copiați Publishable key și Secret key pentru modul de test/live.,,site/modules/Mercato/src/MercatoConfigInputfields.php,2f98351adabe4800844064766bb5550c
"Optional checkout region/state list, one per line: US: CA California, US: NY New York, CA: QC Quebec. When a country has entries, checkout requires one of those region codes.","Listă opțională de regiuni/state pentru checkout, una pe linie: US: CA California, US: NY New York, CA: QC Quebec. Când o țară are înregistrări, checkout-ul necesită unul dintre acele coduri de regiune.",,site/modules/Mercato/src/MercatoConfigInputfields.php,b8acaba53692dc47cebf484edbe3fbf4
"Optional coupon code promoted in recovery payment-link emails. Variables: {recovery_discount_code}, {recovery_discount_line}.","Cod de cupon opțional promovat în e-mailurile cu link de plată de recuperare. Variabile: {recovery_discount_code}, {recovery_discount_line}.",,site/modules/Mercato/src/MercatoConfigInputfields.php,be3fa7ecafeba78b4036b0ebf8eeedbb
"Optional external PDF renderer URL. Variables: {order_id}, {invoice}, {token}, {receipt_link}. Leave blank to use printable HTML only.","URL opțional al randerizatorului extern de PDF. Variabile: {order_id}, {invoice}, {token}, {receipt_link}. Lăsați necompletat pentru a utiliza doar HTML imprimabil.",,site/modules/Mercato/src/MercatoConfigInputfields.php,9fc30357d6288a5d6ce56894eea5159b
"Optional ISO-2 country allowlist for carrier and local delivery, e.g. GB, FR, DE. Leave blank to allow all countries.","Listă opțională de țări permise ISO-2 pentru livrarea prin curier și locală, de ex. GB, FR, DE. Lăsați necompletat pentru a permite toate țările.",,site/modules/Mercato/src/MercatoConfigInputfields.php,5eb8bb12303cda35ecd6055520a78f34
"Optional managed checkout time windows, one per line. When configured, checkout shows a select field and rejects values outside this list.","Ferestre orare gestionate opționale pentru checkout, una pe linie. Când sunt configurate, checkout-ul afișează un câmp de selecție și respinge valorile din afara acestei liste.",,site/modules/Mercato/src/MercatoConfigInputfields.php,b85efbae0df4d2906a3a8f3661f9b949
"Optional multiple pickup locations, one per line: Name | Address | Instructions | Hours. When empty, the single pickup location and instructions above are used.","Mai multe locații de ridicare opționale, una pe linie: Nume | Adresă | Instrucțiuni | Program. Când este gol, sunt utilizate locația unică de ridicare și instrucțiunile de mai sus.",,site/modules/Mercato/src/MercatoConfigInputfields.php,ac3bd9acaa0c38ed4d37f17c31dbded5
"Optional PHP template relative to /site/templates/, e.g. mercato-receipt.php. Leave blank to use the built-in printable receipt.","Șablon PHP opțional relativ la /site/templates/, de ex. mercato-receipt.php. Lăsați necompletat pentru a utiliza chitanța imprimabilă încorporată.",,site/modules/Mercato/src/MercatoConfigInputfields.php,a0b6a741d4c12d5051de4b5c977032f4
Optional policy horizon for customer data review. Use 0 to retain until an explicit admin policy/manual cleanup exists. Paid orders are never silently deleted.,Orizont de politică opțional pentru revizuirea datelor clienților. Utilizați 0 pentru a reține până când există o politică administrativă explicită/curățare manuală. Comenzile plătite nu sunt niciodată șterse silențios.,,site/modules/Mercato/src/MercatoConfigInputfields.php,77064f0d075e3d2395b6740f06529355
"Optional prefix for newly issued invoice numbers, e.g. INV-. Existing invoice numbers are preserved.","Prefix opțional pentru numerele de factură nou emise, de ex. INV-. Numerele de factură existente sunt păstrate.",,site/modules/Mercato/src/MercatoConfigInputfields.php,8d84d40e5549a012a7cbdd8feea0de0b
"Optional public pages linked below checkout. Use this for terms, privacy, refund, and shipping policies.","Pagini publice opționale asociate sub checkout. Utilizați aceasta pentru politicile de termeni, confidențialitate, rambursare și livrare.",,site/modules/Mercato/src/MercatoConfigInputfields.php,e1f61d5b576c0309a58b1e56479a9bf3
"Optional seller/legal details shown on printable receipts, e.g. company name, address, registration number, VAT number.","Detalii opționale despre vânzător/legale afișate pe chitanțele imprimabile, de ex. numele companiei, adresa, numărul de înregistrare, numărul de TVA.",,site/modules/Mercato/src/MercatoConfigInputfields.php,c4a52e135848f8ac5650a8e6723b6361
Order confirmation body,Corp confirmare comandă,,site/modules/Mercato/src/MercatoConfigInputfields.php,6619e2036b80df5e29363b5e024935dd
Order confirmation subject,Subiect confirmare comandă,,site/modules/Mercato/src/MercatoConfigInputfields.php,dab24509ddc067e6887c51343879377d
Orders parent page path,Cale pagină principală comenzi,,site/modules/Mercato/src/MercatoConfigInputfields.php,731595ccdbd7364f0757385e50a50e1c
Overwrite existing template files in /site/templates/,Suprascrie fișierele șablon existente în /site/templates/,,site/modules/Mercato/src/MercatoConfigInputfields.php,82481857d82a9e7d198b2533b4b9e869
Page shown after successful payment.,Pagină afișată după o plată reușită.,,site/modules/Mercato/src/MercatoConfigInputfields.php,b422d62bead6237fb8e6450948d043fa
Page used when payment is canceled or the customer goes back.,Pagină utilizată când plata este anulată sau clientul revine.,,site/modules/Mercato/src/MercatoConfigInputfields.php,67140e8976e6f60b8dcfb9dfcd5068ed
"Path relative to root, e.g. ""orders"". This page will hold all order child pages.","Cale relativă la rădăcină, de ex. „orders”. Această pagină va conține toate paginile-copil ale comenzilor.",,site/modules/Mercato/src/MercatoConfigInputfields.php,7a067e7c95fe6b8b721a6e0aba2fa381
Payment link email body,Corp e-mail cu link de plată,,site/modules/Mercato/src/MercatoConfigInputfields.php,25c67bdfce052a2bbe1bb7178cfc07ac
Payment link email subject,Subiect e-mail cu link de plată,,site/modules/Mercato/src/MercatoConfigInputfields.php,686fc4b74cf66683c9c2daa88b1f09c3
PayPal Settings,Setări PayPal,,site/modules/Mercato/src/MercatoConfigInputfields.php,802487810607dad9dc2c5880e2350da6
PayPal Webhook Endpoint,Endpoint de Webhook PayPal,,site/modules/Mercato/src/MercatoConfigInputfields.php,0e75ac14d8281fa402d8bb1ae3880380
Pickup instructions,Instrucțiuni de ridicare,,site/modules/Mercato/src/MercatoConfigInputfields.php,7a99414b79b388d791307e4aea5fb8ab
Pickup label,Etichetă de ridicare,,site/modules/Mercato/src/MercatoConfigInputfields.php,87c2117da74d9f0eb822c0ce6cb016ab
Pickup location,Locație de ridicare,,site/modules/Mercato/src/MercatoConfigInputfields.php,c5b6f491220ee0279697c20f618d3a8b
Pickup locations,Locații de ridicare,,site/modules/Mercato/src/MercatoConfigInputfields.php,41a6ce51c43b6fa0554d6b9b7f2f0e9f
Pickup ready email body,Corp e-mail pregătit pentru ridicare,,site/modules/Mercato/src/MercatoConfigInputfields.php,11e9242945b6b0d428adbddf126dbb64
Pickup ready email subject,Subiect e-mail pregătit pentru ridicare,,site/modules/Mercato/src/MercatoConfigInputfields.php,9bc39e40250e386c6ff94516f6b178a8
"Plain-text message sent when an order is out for local delivery. Variables: {invoice}, {customer}, {fulfilment_details}, {order_status_link}, {policy_links}.","Mesaj în text simplu trimis când o comandă este în curs de livrare locală. Variabile: {invoice}, {customer}, {fulfilment_details}, {order_status_link}, {policy_links}.",,site/modules/Mercato/src/MercatoConfigInputfields.php,3a6bd7fdd11e49de795755bd62611553
"Plain-text message sent when an order is ready for collection. Variables: {invoice}, {customer}, {fulfilment_details}, {order_status_link}, {policy_links}.","Mesaj în text simplu trimis când o comandă este pregătită pentru ridicare. Variabile: {invoice}, {customer}, {fulfilment_details}, {order_status_link}, {policy_links}.",,site/modules/Mercato/src/MercatoConfigInputfields.php,c7c99c2c6d7d618e02a879487fdccbed
"Plain-text message. Variables: {invoice}, {customer}, {items}, {subtotal}, {shipping}, {fulfilment}, {fulfilment_details}, {discount}, {total}, {currency}, {receipt_link}, {order_status_link}, {policy_links}.","Mesaj în text simplu. Variabile: {invoice}, {customer}, {items}, {subtotal}, {shipping}, {fulfilment}, {fulfilment_details}, {discount}, {total}, {currency}, {receipt_link}, {order_status_link}, {policy_links}.",,site/modules/Mercato/src/MercatoConfigInputfields.php,c8d1afa177c2aaa50da9a292f2672690
"Plain-text message. Variables: {invoice}, {customer}, {total}, {payment_link}, {recovery_unsubscribe_link}. If the unsubscribe variable is missing, Mercato appends the unsubscribe link automatically.","Mesaj în text simplu. Variabile: {invoice}, {customer}, {total}, {payment_link}, {recovery_unsubscribe_link}. Dacă variabila de dezabonare lipsește, Mercato adaugă automat linkul de dezabonare.",,site/modules/Mercato/src/MercatoConfigInputfields.php,c9fcf6458c29bca68d429eb791a4431b
"Plain-text message. Variables: {invoice}, {customer}, {tracking}, {tracking_url}, {order_status_link}, {policy_links}.","Mesaj în text simplu. Variabile: {invoice}, {customer}, {tracking}, {tracking_url}, {order_status_link}, {policy_links}.",,site/modules/Mercato/src/MercatoConfigInputfields.php,caeb3ecaac0a9528a87296480cdfe51d
Production mode,Mod de producție,,site/modules/Mercato/src/MercatoConfigInputfields.php,30dbd3dffa9dbd08b062436ba8dcbad7
Production readiness,Pregătirea pentru producție,,site/modules/Mercato/src/MercatoConfigInputfields.php,c39c2d30a0fca77868436f3672f39097
Products at or below this stock level are flagged in the dashboard. Per-product thresholds override this value.,Produsele la sau sub acest nivel de stoc sunt semnalate în dashboard. Pragurile per produs suprascriu această valoare.,,site/modules/Mercato/src/MercatoConfigInputfields.php,8c5cf8f28493cf54654063f766ff39ee
Receipt merchant details,Detalii comerciant pe chitanță,,site/modules/Mercato/src/MercatoConfigInputfields.php,63606a6b8f4e01a65cbb64a6827f1d60
Receipt PDF URL template,Șablon URL PDF chitanță,,site/modules/Mercato/src/MercatoConfigInputfields.php,9f13082d71312de10ee15b0e2fb5b224
Receipt template file,Fișier șablon chitanță,,site/modules/Mercato/src/MercatoConfigInputfields.php,ca69906e5e719d4cd4a8dd300f5d0c89
Recovery automation schedule,Program al automatizării de recuperare,,site/modules/Mercato/src/MercatoConfigInputfields.php,3c87f13a1e0848d5491a3929c5028db2
Recovery batch limit,Limită de lot pentru recuperare,,site/modules/Mercato/src/MercatoConfigInputfields.php,11c191343caff134b94f137e191f2d2b
Recovery discount code,Cod de reducere de recuperare,,site/modules/Mercato/src/MercatoConfigInputfields.php,668bfc162d7a1960b98310c96470d847
Recovery email cooldown,Perioadă de așteptare e-mail de recuperare,,site/modules/Mercato/src/MercatoConfigInputfields.php,c4b211f256112b0bc23e0244644685d3
Recovery suppressed emails,E-mailuri excluse de recuperare,,site/modules/Mercato/src/MercatoConfigInputfields.php,a201f3b4bb599d7efcc9fae51f2aa5d2
"Redirect-specific methods such as Klarna, iDEAL, and SEPA Debit continue to use their explicit configured flows.","Metodele specifice de redirecționare precum Klarna, iDEAL și SEPA Debit continuă să utilizeze fluxurile lor configurate explicit.",,site/modules/Mercato/src/MercatoConfigInputfields.php,ddae891e0329c1ba4c06a65296511f72
Reply-to email,E-mail de răspuns,,site/modules/Mercato/src/MercatoConfigInputfields.php,8373f5a1cbdf4ebaf0eccb33300cf128
Required before order confirmations or fulfilment emails can be sent.,Necesar înainte ca e-mailurile de confirmare a comenzii sau de onorare să poată fi trimise.,,site/modules/Mercato/src/MercatoConfigInputfields.php,b32d24358ed067234096653a2aa16aa2
"Required webhook events: CHECKOUT.ORDER.APPROVED, PAYMENT.CAPTURE.COMPLETED, PAYMENT.CAPTURE.DENIED, PAYMENT.CAPTURE.REFUNDED.","Evenimente webhook obligatorii: CHECKOUT.ORDER.APPROVED, PAYMENT.CAPTURE.COMPLETED, PAYMENT.CAPTURE.DENIED, PAYMENT.CAPTURE.REFUNDED.",,site/modules/Mercato/src/MercatoConfigInputfields.php,e15c2f118c12faf525a565d618dba9b3
Reservation cleanup,Curățare rezervări,,site/modules/Mercato/src/MercatoConfigInputfields.php,25e850a065bdd5ee8c5f5429608edd51
Reservation TTL,TTL rezervare,,site/modules/Mercato/src/MercatoConfigInputfields.php,c2c00c2d3cfcadeeaebd9973c8ace2ad
Review this before enabling production mode. Launch checklist repeats these checks with live site context.,Revizuiți acest lucru înainte de a activa modul de producție. Lista de verificare pentru lansare repetă aceste verificări în contextul site-ului live.,,site/modules/Mercato/src/MercatoConfigInputfields.php,eca0195ea538944ddc924380c396227f
Run Mercato installer,Rulează instalarea Mercato,,site/modules/Mercato/src/MercatoConfigInputfields.php,077333930920158dd899cfdab5fc0501
"Run this after updating Mercato if you want the module to create missing fields, templates, pages, and template files.","Rulați aceasta după actualizarea Mercato dacă doriți ca modulul să creeze câmpurile, șabloanele, paginile și fișierele șablon lipsă.",,site/modules/Mercato/src/MercatoConfigInputfields.php,f62b24b54f9caf99e54c2b026184b0e0
Sandbox checkout can create and capture PayPal Orders v2 payments after the customer approves the redirect.,Checkout-ul sandbox poate crea și captura plăți PayPal Orders v2 după ce clientul aprobă redirecționarea.,,site/modules/Mercato/src/MercatoConfigInputfields.php,aa62f434a2a08f8a977897dd1b472d26
Sandbox Client ID,Client ID Sandbox,,site/modules/Mercato/src/MercatoConfigInputfields.php,a0bd7d42b20f8ca0c6f28bdd30a1af1f
Sandbox Secret,Secret Sandbox,,site/modules/Mercato/src/MercatoConfigInputfields.php,5c4487ba622fa69e58329b99594cdee3
Sandbox Webhook ID,Webhook ID Sandbox,,site/modules/Mercato/src/MercatoConfigInputfields.php,4f426aa0464c01ede01398675b3d048a
"Select events: payment_intent.succeeded, payment_intent.payment_failed, payment_intent.processing, payment_intent.canceled, checkout.session.completed, checkout.session.expired, charge.refunded, customer.subscription.created, customer.subscription.updated, customer.subscription.deleted, invoice.paid, invoice.payment_failed, refund.created, refund.updated, refund.failed.","Selectați evenimente: payment_intent.succeeded, payment_intent.payment_failed, payment_intent.processing, payment_intent.canceled, checkout.session.completed, checkout.session.expired, charge.refunded, customer.subscription.created, customer.subscription.updated, customer.subscription.deleted, invoice.paid, invoice.payment_failed, refund.created, refund.updated, refund.failed.",,site/modules/Mercato/src/MercatoConfigInputfields.php,6d860127ddaf71eb9d95119cc2c13cc2
Select how customers can receive products. At least carrier delivery remains enabled as a fallback.,Selectați modul în care clienții pot primi produsele. Cel puțin livrarea prin curier rămâne activată ca opțiune de rezervă.,,site/modules/Mercato/src/MercatoConfigInputfields.php,efe1c51b3f3ccc44a4dc0aa6fb2d1d03
Send a plain-text test email using the configured sender and reply-to values. Test attempts are logged in Customer Emails.,Trimiteți un e-mail de test în text simplu utilizând valorile configurate pentru expeditor și răspuns. Încercările de test sunt înregistrate în E-mailuri Client.,,site/modules/Mercato/src/MercatoConfigInputfields.php,9408a2db034891149ed6cc930e01b768
Send test email,Trimite e-mail de test,,site/modules/Mercato/src/MercatoConfigInputfields.php,ee1851440a6a7a4169d217a454c10895
Sender email,E-mail expeditor,,site/modules/Mercato/src/MercatoConfigInputfields.php,31df4171f2ebec0b6f84d0cc0b91722a
Sender name,Nume expeditor,,site/modules/Mercato/src/MercatoConfigInputfields.php,90ed58883831551ef960da4f7cde1240
Set to 0 to disable. Applies to carrier delivery when the cart subtotal reaches this amount.,Setați la 0 pentru a dezactiva. Se aplică livrării prin curier când subtotalul coșului atinge această sumă.,,site/modules/Mercato/src/MercatoConfigInputfields.php,9097fca82300b63e6eae2ed1b3113b87
Set to 0 to disable. Local delivery is unavailable below this cart subtotal.,Setați la 0 pentru a dezactiva. Livrarea locală este indisponibilă sub acest subtotal al coșului.,,site/modules/Mercato/src/MercatoConfigInputfields.php,315af4357425040928ce93051bff4d69
Setup guide,Ghid de configurare,,site/modules/Mercato/src/MercatoConfigInputfields.php,8d302b60b60d649011915c62e62035bf
Shipping email body,Corp e-mail transport,,site/modules/Mercato/src/MercatoConfigInputfields.php,6f6d69f55d321c5236b1a6fc58cc0ee2
Shipping email subject,Subiect e-mail transport,,site/modules/Mercato/src/MercatoConfigInputfields.php,5d1e66372ce937f86d43e804cdd503e1
Shipping tax rate (%),Cotă de taxă pentru transport (%),,site/modules/Mercato/src/MercatoConfigInputfields.php,6b3628128582f7635e3bbfd12a1cdca5
"Shown after checkout when Bank transfer / invoice is selected. Include bank details, reference rules, and expected processing time.","Afișat după checkout când este selectat Transfer bancar / factură. Includeți detaliile bancare, regulile de referință și timpul de procesare estimat.",,site/modules/Mercato/src/MercatoConfigInputfields.php,f1ae85ab1125e01f8f4af978939dc231
Shown first and preselected when the customer has not chosen a fulfilment method.,Afișat primul și preselectat când clientul nu a ales încă o metodă de onorare.,,site/modules/Mercato/src/MercatoConfigInputfields.php,1fe68b64cf324e28f273250aef80672f
"Shown in checkout, success, receipts, and receipt snapshots. Examples: VAT, GST, Sales tax.","Afișat la checkout, succes, chitanțe și înregistrări de chitanță. Exemple: TVA, GST, impozit pe vânzări.",,site/modules/Mercato/src/MercatoConfigInputfields.php,86732c5022b9509e0d12b0ed6ac3f88b
Stripe automatic payment methods,Metode de plată automate Stripe,,site/modules/Mercato/src/MercatoConfigInputfields.php,a768898d022e1ae3770c34abeba6481b
Stripe Settings,Setări Stripe,,site/modules/Mercato/src/MercatoConfigInputfields.php,386b7f1ab788a1828cd927d1e21233c4
Stripe Webhook Endpoint,Endpoint de Webhook Stripe,,site/modules/Mercato/src/MercatoConfigInputfields.php,ce533856dcae72c9732b98db73451c47
Success page,Pagină de succes,,site/modules/Mercato/src/MercatoConfigInputfields.php,ae8e3b252d0cf7be9f6c1439f4604bbd
Symbol position,Poziția simbolului,,site/modules/Mercato/src/MercatoConfigInputfields.php,6a6e16bd55f03e8805f8d7e62b7d60ea
Tailwind CDN URL,URL CDN Tailwind,,site/modules/Mercato/src/MercatoConfigInputfields.php,f263ac0a325da004766ad6cc32caa8ad
Tax display mode,Mod de afișare a taxei,,site/modules/Mercato/src/MercatoConfigInputfields.php,f5728333534b1458fb628ccd7d217405
Tax label,Etichetă de taxă,,site/modules/Mercato/src/MercatoConfigInputfields.php,d06708b56bdc0e9103287a7f0cd4faa6
Tax rounding mode,Mod de rotunjire a taxei,,site/modules/Mercato/src/MercatoConfigInputfields.php,23549a122331c6bbcf306235bd343bfb
Tax shipping,Taxă pe transport,,site/modules/Mercato/src/MercatoConfigInputfields.php,542a9635af196fc167992ddf9f2c0772
Template files are used from /site/templates/. Files in the module templates folder are only source copies.,Fișierele șablon utilizate provin din /site/templates/. Fișierele din folderul de șabloane al modulului sunt doar copii sursă.,,site/modules/Mercato/src/MercatoConfigInputfields.php,adb025f1005d583ff707ff53bc5079fc
Test API Key (test_...),Cheie API de Test (test_...),,site/modules/Mercato/src/MercatoConfigInputfields.php,d77bba29594df68dad61bdcf0921b120
Test email recipient,Destinatar e-mail de test,,site/modules/Mercato/src/MercatoConfigInputfields.php,c727820cbca5b30a21bc261780a1b8a3
Test Publishable Key (pk_test_...),Cheie Publicabilă de Test (pk_test_...),,site/modules/Mercato/src/MercatoConfigInputfields.php,2c8829b0220962428c3dc664debc35df
Test Secret Key (sk_test_...),Cheie Secretă de Test (sk_test_...),,site/modules/Mercato/src/MercatoConfigInputfields.php,31ce62c23ca14e22128ed9b423106ee6
UIkit CSS CDN URL,URL CDN CSS UIkit,,site/modules/Mercato/src/MercatoConfigInputfields.php,6f2bf1a485ad454f52d71b8db05ed912
Unpaid orders must be at least this many minutes old before automated recovery can email them. Range: 15-43200 minutes.,Comenzile neplătite trebuie să aibă cel puțin această vechime în minute înainte ca recuperarea automatizată să le poată trimite e-mail. Interval: 15-43200 minute.,,site/modules/Mercato/src/MercatoConfigInputfields.php,93f7884d2e2beef699e0c80ae923cd4b
"Use Stripe test keys with Stripe test cards, for example 4242 4242 4242 4242 with any future expiry and CVC, before switching to live mode.","Utilizați chei de test Stripe cu carduri de test Stripe, de exemplu 4242 4242 4242 4242 cu orice dată de expirare viitoare și CVC, înainte de a trece la modul live.",,site/modules/Mercato/src/MercatoConfigInputfields.php,8d08675ddd747b26c2a792048fcf0740
Used for manual custom lines and imported products when no tax_rate is provided. Existing product rates and explicit CSV values are preserved.,Utilizat pentru liniile personalizate manuale și produsele importate atunci când nu este furnizată nicio tax_rate. Cotele existente ale produsului și valorile explicite din CSV sunt păstrate.,,site/modules/Mercato/src/MercatoConfigInputfields.php,7261f627b3c525b2143b89fc235ec7c5
Used when automatic asset loading is enabled for the matching framework. Leave blank to use the Mercato default CDN URL.,Utilizat când încărcarea automată a resurselor este activată pentru framework-ul corespunzător. Lăsați necompletat pentru a utiliza URL-ul CDN implicit Mercato.,,site/modules/Mercato/src/MercatoConfigInputfields.php,1c1a5105d8d7289c8183b4b3dcba1d64
Uses ProcessWire LazyCron to send payment-link emails to eligible abandoned checkouts.,Utilizează ProcessWire LazyCron pentru a trimite e-mailuri cu link de plată către checkout-urile abandonate eligibile.,,site/modules/Mercato/src/MercatoConfigInputfields.php,5d5d90fbc68cb07cd988f0fb98dec292
"Uses the shipping price configured on products, unless the free-shipping threshold is met.","Utilizează prețul de transport configurat pe produse, cu excepția cazului în care este atins pragul de transport gratuit.",,site/modules/Mercato/src/MercatoConfigInputfields.php,48f428077d6881fb1045994f78477e5e
"Variables: {invoice}, {customer}, {fulfilment_details}, {order_status_link}, {policy_links}.","Variabile: {invoice}, {customer}, {fulfilment_details}, {order_status_link}, {policy_links}.",,site/modules/Mercato/src/MercatoConfigInputfields.php,baf9c1fc72ac545de73515b9b72152f8
"Variables: {invoice}, {customer}, {total}, {currency}.","Variabile: {invoice}, {customer}, {total}, {currency}.",,site/modules/Mercato/src/MercatoConfigInputfields.php,084ddf71a8cc84804508c3e87207941c
"Variables: {invoice}, {customer}, {total}, {payment_link}.","Variabile: {invoice}, {customer}, {total}, {payment_link}.",,site/modules/Mercato/src/MercatoConfigInputfields.php,0917262c14f1309f2471f4cc742a9ff0
"Variables: {invoice}, {customer}, {tracking}, {tracking_url}.","Variabile: {invoice}, {customer}, {tracking}, {tracking_url}.",,site/modules/Mercato/src/MercatoConfigInputfields.php,f7b0bd86d17427c3974821b03b475870
Webhook payload retention,Reținere payload webhook,,site/modules/Mercato/src/MercatoConfigInputfields.php,2242c010648a6672b3b05ba410ffc7da
Webhook Signing Secret (whsec_...),Secret de Semnare Webhook (whsec_...),,site/modules/Mercato/src/MercatoConfigInputfields.php,f6e198d83a2f9570e678a328de0c4e6c
"When enabled, live gateway keys are used instead of test keys.","Când este activat, sunt utilizate cheile gateway live în locul cheilor de test.",,site/modules/Mercato/src/MercatoConfigInputfields.php,4269282a1058f9df88139b3305598709
"While Mercato production mode is off, use the Mollie Test API key, complete a test checkout, and verify the Webhooks tab before switching to live mode.","Cât timp modul de producție Mercato este dezactivat, utilizați cheia Test API Mollie, finalizați un checkout de test și verificați fila Webhook-uri înainte de a trece la modul live.",,site/modules/Mercato/src/MercatoConfigInputfields.php,953d9ca3a222b262ab35294768cd3c90
%d critical live payment setting(s) are missing.,Lipsesc %d setare(i) critică(e) de plată live.,,site/modules/Mercato/src/MercatoConfigReadiness.php,47d9fc89128f13ea784d97a73d56f661
Checkout policy pages,Pagini de politici la checkout,,site/modules/Mercato/src/MercatoConfigReadiness.php,c66394c5a2251ef26258eaf8beb01aee
Critical live payment settings are present.,Setările critice de plată live sunt prezente.,,site/modules/Mercato/src/MercatoConfigReadiness.php,ac5feec9a0772389af6c9cdfe4ef454e
Customer email sender,Expeditor e-mail client,,site/modules/Mercato/src/MercatoConfigReadiness.php,d757b534a37bc2f17d103919b4e35438
Mollie live API key,Cheie API live Mollie,,site/modules/Mercato/src/MercatoConfigReadiness.php,426d5d96277aca35d00bffa441f51465
PayPal live client ID,Client ID live PayPal,,site/modules/Mercato/src/MercatoConfigReadiness.php,170deeabcd72805904011362a5f0f477
PayPal live secret,Secret live PayPal,,site/modules/Mercato/src/MercatoConfigReadiness.php,c0f5081c136fb28a72ff1b85cdaef40a
PayPal live webhook ID,Webhook ID live PayPal,,site/modules/Mercato/src/MercatoConfigReadiness.php,e16f2424387799631112baabd5a58e6b
Production mode is disabled.,Modul de producție este dezactivat.,,site/modules/Mercato/src/MercatoConfigReadiness.php,5908e6f6288b8f390e44a08bd4822012
Production mode is enabled.,Modul de producție este activat.,,site/modules/Mercato/src/MercatoConfigReadiness.php,b2897636619942c0047aeec70f5a6fd3
recommended before launch,recomandat înainte de lansare,,site/modules/Mercato/src/MercatoConfigReadiness.php,0b90909005432dcd7150754a8f2159c1
required before taking live payments,necesar înainte de a accepta plăți live,,site/modules/Mercato/src/MercatoConfigReadiness.php,92e0047c5e0b7c718db3e5eaf3be0981
Seller/legal receipt details,Detalii vânzător/legale pentru chitanță,,site/modules/Mercato/src/MercatoConfigReadiness.php,3e648a6f2739df37601fa50aac3814c7
Stripe live publishable key,Cheie publicabilă live Stripe,,site/modules/Mercato/src/MercatoConfigReadiness.php,956a014db0a26a969e85f5ce4a67bfbe
Stripe live secret key,Cheie secretă live Stripe,,site/modules/Mercato/src/MercatoConfigReadiness.php,2e76bc20058c1f22857dbe5137b6f014
Stripe webhook signing secret,Secret de semnare webhook Stripe,,site/modules/Mercato/src/MercatoConfigReadiness.php,31dd8044d7132b53d0f088f332c2ac4c
%d day(s),%d zi(le),,site/modules/Mercato/src/Admin/ProcessMercatoAdminHelpers.php,e4eee1833a36fe43796d6f922e45c827
%d expired reservation(s).,%d rezervare(i) expirată(e).,,site/modules/Mercato/src/Admin/ProcessMercatoAdminHelpers.php,0741a052215e3f1424c7996c5776345c
%d hour(s),%d oră/ore,,site/modules/Mercato/src/Admin/ProcessMercatoAdminHelpers.php,f6639bee09d7c4d268b9aca123a55b8e
%d item(s) are preorder items.,%d articol(e) sunt articole de precomandă.,,site/modules/Mercato/src/Admin/ProcessMercatoAdminHelpers.php,d3e0d312d12bb60d5e3ed1596d94dfa1
%d item(s) need backorder handling.,%d articol(e) necesită gestionare comandă în așteptare.,,site/modules/Mercato/src/Admin/ProcessMercatoAdminHelpers.php,2e8ebe806b8ad6825326c2196c04ec18
"%d low-stock product(s), %d expired reservation(s).","%d produs(e) cu stoc redus, %d rezervare(i) expirată(e).",,site/modules/Mercato/src/Admin/ProcessMercatoAdminHelpers.php,b906940f0a6d56a03a75af113cc62640
%d minute(s),%d minut(e),,site/modules/Mercato/src/Admin/ProcessMercatoAdminHelpers.php,0b1f768d1905be10af546ee0ce7cb56c
"A compact queue of payment, refund, fulfilment, and stock work that may need action.","O listă compactă de sarcini de plată, rambursare, onorare și stoc care ar putea necesita o acțiune.",,site/modules/Mercato/src/Admin/ProcessMercatoAdminHelpers.php,f762743fbcc2af4bdcfdd87a1ee5ae6b
Accepted,Acceptat,,site/modules/Mercato/src/Admin/ProcessMercatoAdminHelpers.php,382ab522931673c11e398ead1b7b1678
Access denied,Acces refuzat,,site/modules/Mercato/src/Admin/ProcessMercatoAdminHelpers.php,08de2fdaabcd120b8ca1388d21179921
Add Product,Adaugă Produs,,site/modules/Mercato/src/Admin/ProcessMercatoAdminHelpers.php,f06cdf0d376cf800a466db88d8886a79
Adjusted,Ajustat,,site/modules/Mercato/src/Admin/ProcessMercatoAdminHelpers.php,d369707e750af93e50dedd9f536fcabc
"All orders, including pending.","Toate comenzile, inclusiv cele în așteptare.",,site/modules/Mercato/src/Admin/ProcessMercatoAdminHelpers.php,28c6ced3f40e0e95369785f2465ba784
Attention,Atenție,,site/modules/Mercato/src/Admin/ProcessMercatoAdminHelpers.php,2aa97e44cace7cb882c9dcba32940f8f
Awaiting gateway.,Se așteaptă gateway-ul.,,site/modules/Mercato/src/Admin/ProcessMercatoAdminHelpers.php,d8d0ba486fe6df84ca62b45f0b2bbe77
Awaiting manual fulfilment.,Se așteaptă onorarea manuală.,,site/modules/Mercato/src/Admin/ProcessMercatoAdminHelpers.php,4d7ed619d3e8fcf7e3151369a3ec7a63
Awaiting payment.,Se așteaptă plata.,,site/modules/Mercato/src/Admin/ProcessMercatoAdminHelpers.php,b5e6754af9fb6eb789f5fca5d2d970ed
Backorder,Comandă în așteptare,,site/modules/Mercato/src/Admin/ProcessMercatoAdminHelpers.php,ac52934d2cc3e2258351c4aed9e46e4f
Canceled,Anulat,,site/modules/Mercato/src/Admin/ProcessMercatoAdminHelpers.php,0e22fe7d45f8e5632a4abf369b24e29c
Canceled before payment.,Anulată înainte de plată.,,site/modules/Mercato/src/Admin/ProcessMercatoAdminHelpers.php,1da4a335bce70069b54b87788476cbb1
Captured,Capturat,,site/modules/Mercato/src/Admin/ProcessMercatoAdminHelpers.php,b8786828a1c422c20e2ce788075a732a
Carrier reference,Referință curier,,site/modules/Mercato/src/Admin/ProcessMercatoAdminHelpers.php,148e73e5d98196c3f5ef609399ba54fe
Collected,Colectat,,site/modules/Mercato/src/Admin/ProcessMercatoAdminHelpers.php,81e91be8db96be69e372f0c715ec7444
Commerce,Comerț,,site/modules/Mercato/src/Admin/ProcessMercatoAdminHelpers.php,b9738d67b89dfc782746d4a9cf4a1093
Courier / delivery notes,Note curier / livrare,,site/modules/Mercato/src/Admin/ProcessMercatoAdminHelpers.php,bfaf50b758513444e935b28c20d47c52
Courier / driver,Curier / șofer,,site/modules/Mercato/src/Admin/ProcessMercatoAdminHelpers.php,92f85a2157d6a44e44a4a7559e14ca5c
Currency,Monedă,,site/modules/Mercato/src/Admin/ProcessMercatoAdminHelpers.php,386c339d37e737a436499d423a77df0c
Customers,Clienți,,site/modules/Mercato/src/Admin/ProcessMercatoAdminHelpers.php,e6d0e1c8fc6a4fcf47869df87e04cd88
Dashboard,Dashboard,,site/modules/Mercato/src/Admin/ProcessMercatoAdminHelpers.php,2938c7f7e560ed972f8a4f68e80ff834
Delivered,Livrat,,site/modules/Mercato/src/Admin/ProcessMercatoAdminHelpers.php,67edd3b99247c9eb5884a02802a20fa7
Delivery,Livrare,,site/modules/Mercato/src/Admin/ProcessMercatoAdminHelpers.php,065ab3a28ca4f16f55f103adc7d0226f
Delivery %d / pickup %d / local %d.,Livrare %d / ridicare %d / locală %d.,,site/modules/Mercato/src/Admin/ProcessMercatoAdminHelpers.php,3ad086a369fd2937f52d80eeea3ca49f
Detail,Detaliu,,site/modules/Mercato/src/Admin/ProcessMercatoAdminHelpers.php,a254c25adc7d10d7e9c4889484f875a5
Discounts,Reduceri,,site/modules/Mercato/src/Admin/ProcessMercatoAdminHelpers.php,9d5bf15117441a1b52eb1f0808e4aad3
Edit,Editează,,site/modules/Mercato/src/Admin/ProcessMercatoAdminHelpers.php,7dce122004969d56ae2e0245cb754d35
Expired,Expirat,,site/modules/Mercato/src/Admin/ProcessMercatoAdminHelpers.php,24fe48030f7d3097d5882535b04c3fa8
Failed,Eșuat,,site/modules/Mercato/src/Admin/ProcessMercatoAdminHelpers.php,d7c8c85bf79bbe1b7188497c32c3b0ca
Failed or expired.,Eșuat sau expirat.,,site/modules/Mercato/src/Admin/ProcessMercatoAdminHelpers.php,d593b7c268e7e54f324cbd0d986ca5b3
Failed payments,Plăți eșuate,,site/modules/Mercato/src/Admin/ProcessMercatoAdminHelpers.php,9f87a7486369e6256a6c2b3d89b14112
Fulfilled,Onorat,,site/modules/Mercato/src/Admin/ProcessMercatoAdminHelpers.php,2a6de846fd07e369786e3f5b41e20455
Fulfilment,Onorare,,site/modules/Mercato/src/Admin/ProcessMercatoAdminHelpers.php,e6780ac40081103092aa3edcd68ab644
Fulfilment status,Stare de onorare,,site/modules/Mercato/src/Admin/ProcessMercatoAdminHelpers.php,31594ce98cd955412ce2285e404517cd
Fulfilment work,Sarcini de onorare,,site/modules/Mercato/src/Admin/ProcessMercatoAdminHelpers.php,8ee81dafa6b6befd6ff3fb3d81111547
Inventory,Inventar,,site/modules/Mercato/src/Admin/ProcessMercatoAdminHelpers.php,4d604dd8f008145471dc845683399189
Inventory adjusted.,Inventar ajustat.,,site/modules/Mercato/src/Admin/ProcessMercatoAdminHelpers.php,4b2b9e0e5c97e5a442a7d3c56bf11f45
Label URL,URL etichetă,,site/modules/Mercato/src/Admin/ProcessMercatoAdminHelpers.php,0dbe844fb964d5eca2f51be724e43294
Launch,Lansare,,site/modules/Mercato/src/Admin/ProcessMercatoAdminHelpers.php,9506f0fd0f7f1b07960b15b4c9e68d1a
Low stock,Stoc redus,,site/modules/Mercato/src/Admin/ProcessMercatoAdminHelpers.php,7e2525a11bd12b7925456dae1e15ccc3
Low-stock products need review.,Produsele cu stoc redus necesită revizuire.,,site/modules/Mercato/src/Admin/ProcessMercatoAdminHelpers.php,a1b591c32596207eb3d9d4b2875a4e00
Manual fulfilment status.,Stare de onorare manuală.,,site/modules/Mercato/src/Admin/ProcessMercatoAdminHelpers.php,620b6ad05fd8ac979aae6959b09491e7
Manual Order,Comandă Manuală,,site/modules/Mercato/src/Admin/ProcessMercatoAdminHelpers.php,ef6e3146ad2c182a5959d36d844f9e86
Missing permission: %s,Permisiune lipsă: %s,,site/modules/Mercato/src/Admin/ProcessMercatoAdminHelpers.php,525251bed7edd180f8ef54f6a78a98ac
No active fulfilment work.,Nicio sarcină de onorare activă.,,site/modules/Mercato/src/Admin/ProcessMercatoAdminHelpers.php,f73aa2801a458c9c5af0c7d2961ef51d
No failed payments.,Nicio plată eșuată.,,site/modules/Mercato/src/Admin/ProcessMercatoAdminHelpers.php,cfe3b924dd597cdcb270d4fc09f99227
No pending refunds.,Nicio rambursare în așteptare.,,site/modules/Mercato/src/Admin/ProcessMercatoAdminHelpers.php,2a176b2be4a5db6b8ff355dd38fe73a0
Not recorded,Neînregistrat,,site/modules/Mercato/src/Admin/ProcessMercatoAdminHelpers.php,683ff6e96017de22dea0cd695afa4566
Notes,Note,,site/modules/Mercato/src/Admin/ProcessMercatoAdminHelpers.php,f4c6f851b00d5518bf888815de279aba
Open value,Valoare deschisă,,site/modules/Mercato/src/Admin/ProcessMercatoAdminHelpers.php,d81b135a9ba813779e8a735d4a05ad10
Operations Attention,Atenție Operațională,,site/modules/Mercato/src/Admin/ProcessMercatoAdminHelpers.php,3ce60899e06364b158382961e2500348
Orders,Comenzi,,site/modules/Mercato/src/Admin/ProcessMercatoAdminHelpers.php,7442e29d7d53e549b78d93c46b8cdcfc
Orders marked payment complete.,Comenzi marcate cu plata finalizată.,,site/modules/Mercato/src/Admin/ProcessMercatoAdminHelpers.php,0d6d47f84a5435fa35ff15aa312136b2
"Orders, payment status, and recent commerce activity.","Comenzi, starea plății și activitatea comercială recentă.",,site/modules/Mercato/src/Admin/ProcessMercatoAdminHelpers.php,49bc09a778fca3a8340b2ea8274d0d4e
Out for delivery,În curs de livrare,,site/modules/Mercato/src/Admin/ProcessMercatoAdminHelpers.php,300fef4bf740692f50ea2f93a35e7082
Paid,Plătit,,site/modules/Mercato/src/Admin/ProcessMercatoAdminHelpers.php,e0010a0a1a3259ab5c06a19bad532851
Paid order total.,Totalul comenzii plătite.,,site/modules/Mercato/src/Admin/ProcessMercatoAdminHelpers.php,a06a352f8074b647bdd91bc6fad4e9cf
Partially fulfilled,Onorat parțial,,site/modules/Mercato/src/Admin/ProcessMercatoAdminHelpers.php,d0eca7fdbd996e90a30d6f0f54a5f4c6
Payment Attempts,Încercări de Plată,,site/modules/Mercato/src/Admin/ProcessMercatoAdminHelpers.php,e4ba582ac4d08b27e376d082c73e3259
Payment is not complete.,Plata nu este finalizată.,,site/modules/Mercato/src/Admin/ProcessMercatoAdminHelpers.php,cef944f6ce8df3bd1813a84c07dd704d
Pending,În așteptare,,site/modules/Mercato/src/Admin/ProcessMercatoAdminHelpers.php,2d13df6f8b5e4c5af9f87e0dc39df69d
Pending + processing.,În așteptare + în procesare.,,site/modules/Mercato/src/Admin/ProcessMercatoAdminHelpers.php,2089352179c5ab139f13a8b0cda3be12
Pending refunds,Rambursări în așteptare,,site/modules/Mercato/src/Admin/ProcessMercatoAdminHelpers.php,7b832502e4b04c44f6e673198a559069
Pickup notes,Note de ridicare,,site/modules/Mercato/src/Admin/ProcessMercatoAdminHelpers.php,27b1542f734d2d7d5cce020f9f712b47
Preorder,Precomandă,,site/modules/Mercato/src/Admin/ProcessMercatoAdminHelpers.php,5be8b098f9b79cf3b18767ffc5ecd169
Processing,În procesare,,site/modules/Mercato/src/Admin/ProcessMercatoAdminHelpers.php,643562a9ae7099c8aabfdc93478db117
Products,Produse,,site/modules/Mercato/src/Admin/ProcessMercatoAdminHelpers.php,068f80c7519d0528fb08e82137a72131
Products at or below threshold.,Produse la sau sub prag.,,site/modules/Mercato/src/Admin/ProcessMercatoAdminHelpers.php,566b65abe7bb6cc34feead8f578e3266
Proof of delivery,Dovadă de livrare,,site/modules/Mercato/src/Admin/ProcessMercatoAdminHelpers.php,369f9765f71bb0bf67b24bcb68f7e716
Provider confirmation needed.,Este necesară confirmarea furnizorului.,,site/modules/Mercato/src/Admin/ProcessMercatoAdminHelpers.php,b589378480c4ac913d81a840e74f47da
Published and unpublished products.,Produse publicate și nepublicate.,,site/modules/Mercato/src/Admin/ProcessMercatoAdminHelpers.php,0ce83740b92f83571c068492c3457b43
Ready,Pregătit,,site/modules/Mercato/src/Admin/ProcessMercatoAdminHelpers.php,e7d31fc0602fb2ede144d18cdffd816b
Ready for pickup,Pregătit pentru ridicare,,site/modules/Mercato/src/Admin/ProcessMercatoAdminHelpers.php,5336bebf821f868944fe21a3c9df9d5c
Recovery,Recuperare,,site/modules/Mercato/src/Admin/ProcessMercatoAdminHelpers.php,d8afbc541b39d23648c823057cffe3a5
Refunds,Rambursări,,site/modules/Mercato/src/Admin/ProcessMercatoAdminHelpers.php,53beb26d8bca00f56fbd295fdee83459
Reports,Rapoarte,,site/modules/Mercato/src/Admin/ProcessMercatoAdminHelpers.php,c91c7b93c28cd18741b71f727ee81ee3
Reserved,Rezervat,,site/modules/Mercato/src/Admin/ProcessMercatoAdminHelpers.php,942d4e37dd5607ab68e54755540d4a47
Returned,Returnat,,site/modules/Mercato/src/Admin/ProcessMercatoAdminHelpers.php,fdfac28b5ad628f25649d9c2eb4fc62e
Revenue,Venit,,site/modules/Mercato/src/Admin/ProcessMercatoAdminHelpers.php,54358a914f51e1af19df8520159fe607
Review failed orders or recovery.,Revizuiți comenzile eșuate sau recuperarea.,,site/modules/Mercato/src/Admin/ProcessMercatoAdminHelpers.php,ef43e19cfda5c2d33b579630d0d95867
Save,Salvează,,site/modules/Mercato/src/Admin/ProcessMercatoAdminHelpers.php,c9cc8cce247e49bae79f15173ce97354
Search,Caută,,site/modules/Mercato/src/Admin/ProcessMercatoAdminHelpers.php,13348442cc6a27032d2b4aa28b75a5d3
Send delivery email,Trimite e-mailul de livrare,,site/modules/Mercato/src/Admin/ProcessMercatoAdminHelpers.php,d2b7f980332cd2d5077fc262c115a448
Send pickup email,Trimite e-mailul de ridicare,,site/modules/Mercato/src/Admin/ProcessMercatoAdminHelpers.php,2207920bdf793b33b1904c635eb905a1
Send shipping email,Trimite e-mailul de transport,,site/modules/Mercato/src/Admin/ProcessMercatoAdminHelpers.php,64cc7ac09233bf45a2d6e4a126df57d6
Settings,Setări,,site/modules/Mercato/src/Admin/ProcessMercatoAdminHelpers.php,f4f70727dc34561dfde1a3c529b6205c
Shipped,Expediat,,site/modules/Mercato/src/Admin/ProcessMercatoAdminHelpers.php,747cf5c8587184b9e489ff897d97c20d
Stock attention,Atenție la stoc,,site/modules/Mercato/src/Admin/ProcessMercatoAdminHelpers.php,57a3859f33b76fffbd48ce9c184aa0f5
Stock looks clear.,Stocul pare în ordine.,,site/modules/Mercato/src/Admin/ProcessMercatoAdminHelpers.php,21dc748969cd56fbcf08e7716906f852
Store pickup,Ridicare din magazin,,site/modules/Mercato/src/Admin/ProcessMercatoAdminHelpers.php,7acd148468a59641357e7ea01a28deec
"This Mercato action requires the ""%s"" permission.",Această acțiune Mercato necesită permisiunea „%s”.,,site/modules/Mercato/src/Admin/ProcessMercatoAdminHelpers.php,cea52c4391e04f49c02611e826a9766c
Timeline,Cronologie,,site/modules/Mercato/src/Admin/ProcessMercatoAdminHelpers.php,3d1f92a565d3b1a61880236e33c49bf3
Tracking,Urmărire,,site/modules/Mercato/src/Admin/ProcessMercatoAdminHelpers.php,2205dc082ba550b67ad71e3e2241d9a6
Tracking URL,URL de urmărire,,site/modules/Mercato/src/Admin/ProcessMercatoAdminHelpers.php,0979779c4569141b98591d326d343ec2
Tracking: %s,Urmărire: %s,,site/modules/Mercato/src/Admin/ProcessMercatoAdminHelpers.php,ae43f43c40307720beffd481e49886be
Unfulfilled,Neonorat,,site/modules/Mercato/src/Admin/ProcessMercatoAdminHelpers.php,41cdc540f6e9f854bdc9e7b741a9ebfe
Waiting,Se așteaptă,,site/modules/Mercato/src/Admin/ProcessMercatoAdminHelpers.php,5706de961fb376d701be6e7762d8b09c
Webhooks,Webhook-uri,,site/modules/Mercato/src/Admin/ProcessMercatoAdminHelpers.php,221d2a347ebfc15d48665188f639d1cb
"CSV import %s: price %s -> %s, stock %s -> %s, %d image(s).","Import CSV %s: preț %s -> %s, stoc %s -> %s, %d imagine(i).",,site/modules/Mercato/src/Admin/ProcessMercatoEventReaders.php,a1eab8bd42197c2f44cb61f45f714bf7
Duplicated from #%d %s with %d image(s).,Duplicat din #%d %s cu %d imagine(i).,,site/modules/Mercato/src/Admin/ProcessMercatoEventReaders.php,1f6a90480ad1b24fbb82504eea2b0f66
Manual page edit changed: %s.,Editarea manuală a paginii a modificat: %s.,,site/modules/Mercato/src/Admin/ProcessMercatoEventReaders.php,d685c56cbc012ca9e9646665a7826fc9
Manual page edit.,Editare manuală a paginii.,,site/modules/Mercato/src/Admin/ProcessMercatoEventReaders.php,84e79851909f7cf0e690a8d30e3472df
Policy %s: %s -> %s.,Politică %s: %s -> %s.,,site/modules/Mercato/src/Admin/ProcessMercatoEventReaders.php,2f867d923de3ca150621bb710d24be41
Price %s: %s -> %s.,Preț %s: %s -> %s.,,site/modules/Mercato/src/Admin/ProcessMercatoEventReaders.php,e5189b8ff49ba5682a581f3aed6b7360
Product detail quick update changed: %s.,Actualizarea rapidă a detaliului produsului a modificat: %s.,,site/modules/Mercato/src/Admin/ProcessMercatoEventReaders.php,d8955d9bd4f868ccab312c432472192a
Product detail quick update saved without field changes.,Actualizarea rapidă a detaliului produsului a fost salvată fără modificări de câmp.,,site/modules/Mercato/src/Admin/ProcessMercatoEventReaders.php,0aab58b927a93672f1c36ca6f1e4d348
Product status %s: %s -> %s.,Starea produsului %s: %s -> %s.,,site/modules/Mercato/src/Admin/ProcessMercatoEventReaders.php,b352c0442447e11c73547754598d6041
Status %s: %s -> %s.,Stare %s: %s -> %s.,,site/modules/Mercato/src/Admin/ProcessMercatoEventReaders.php,272d6657cbbed068f54508de4726736d
Stock changed by %+d%s.,Stocul s-a modificat cu %+d%s.,,site/modules/Mercato/src/Admin/ProcessMercatoEventReaders.php,82104044315dc9fab641a9fdc2b492c8
CSV header row is missing.,Lipsește rândul de antet al CSV-ului.,,site/modules/Mercato/src/Admin/ProcessMercatoImportCustomerReportData.php,e54de64fcecb138cdeb3036b94cbc3bc
Image source is unreadable: %s,Sursa imaginii nu poate fi citită: %s,,site/modules/Mercato/src/Admin/ProcessMercatoImportCustomerReportData.php,00f2e414c603e436eb4cc70552d4aa5b
Line %d: price must be numeric.,Linia %d: prețul trebuie să fie numeric.,,site/modules/Mercato/src/Admin/ProcessMercatoImportCustomerReportData.php,498e5b0122f55c8c5df547393f71cace
Line %d: title is required.,Linia %d: titlul este obligatoriu.,,site/modules/Mercato/src/Admin/ProcessMercatoImportCustomerReportData.php,9e1748a898b7ce11e91a630acd23ac74
Needs attention,Necesită atenție,,site/modules/Mercato/src/Admin/ProcessMercatoImportCustomerReportData.php,d6f5722e464f95d8d6411841b90ee6d2
New,Nou,,site/modules/Mercato/src/Admin/ProcessMercatoImportCustomerReportData.php,03c2e7e41ffc181a4e84080b4710e81e
Paste CSV content before importing.,Lipiți conținutul CSV înainte de import.,,site/modules/Mercato/src/Admin/ProcessMercatoImportCustomerReportData.php,8d24321488da33192095fd76a70b988c
Products parent or mrc-product template is missing. Run the Mercato installer.,Lipsește pagina principală de produse sau șablonul mrc-product. Rulați instalarea Mercato.,,site/modules/Mercato/src/Admin/ProcessMercatoImportCustomerReportData.php,b172fad6a4045d820fbe7624557dc5ce
Repeat,Repetă,,site/modules/Mercato/src/Admin/ProcessMercatoImportCustomerReportData.php,7020426cfb0a204051be4b3053d2acc8
VIP,VIP,,site/modules/Mercato/src/Admin/ProcessMercatoImportCustomerReportData.php,5a11e0bd65af42743f1db2f10bcbba8e
Change framework,Schimbă framework-ul,,site/modules/Mercato/src/Admin/ProcessMercatoLaunchExports.php,913e747ed6c7863bc3e75404e1a5003b
Configure fulfilment,Configurează onorarea,,site/modules/Mercato/src/Admin/ProcessMercatoLaunchExports.php,4e81808597d37ecf4311c8145abfbd1c
Configure methods,Configurează metodele,,site/modules/Mercato/src/Admin/ProcessMercatoLaunchExports.php,9f098ea532c0482cc2e85049025e3cfc
Edit currency,Editează moneda,,site/modules/Mercato/src/Admin/ProcessMercatoLaunchExports.php,bb665b0f701ba91a85e5240a5809508d
Email settings,Setări e-mail,,site/modules/Mercato/src/Admin/ProcessMercatoLaunchExports.php,5386484801d01d2ece73fbc5f605f739
Gateway settings,Setări gateway,,site/modules/Mercato/src/Admin/ProcessMercatoLaunchExports.php,790a83218a99ea718dbd72417d0d8baa
Open,Deschide,,site/modules/Mercato/src/Admin/ProcessMercatoLaunchExports.php,c3bf447eabe632720a3aa1a7ce401274
Open discounts,Deschide reducerile,,site/modules/Mercato/src/Admin/ProcessMercatoLaunchExports.php,eb1c6103e1cf366b3fe7e4ce1017d97f
Open products,Deschide produsele,,site/modules/Mercato/src/Admin/ProcessMercatoLaunchExports.php,33f73604f72436a3c49a2cb3b870c073
Receipt settings,Setări chitanță,,site/modules/Mercato/src/Admin/ProcessMercatoLaunchExports.php,cd76da8973722589768db78a92cae723
Review oversell products,Revizuiește produsele cu supravânzare,,site/modules/Mercato/src/Admin/ProcessMercatoLaunchExports.php,891b428da1bc9c5e130a60cff41cd734
Review products,Revizuiește produsele,,site/modules/Mercato/src/Admin/ProcessMercatoLaunchExports.php,063fe591cea34098d3e30dbe74d3c814
Review roles,Revizuiește rolurile,,site/modules/Mercato/src/Admin/ProcessMercatoLaunchExports.php,4b1070748337e0b1dc6cbf83ab8f7db6
Review settings,Revizuiește setările,,site/modules/Mercato/src/Admin/ProcessMercatoLaunchExports.php,0dd9a339c52287eaa3280fb956a07324
Select policies,Selectează politicile,,site/modules/Mercato/src/Admin/ProcessMercatoLaunchExports.php,681ae83a5d728c5719a400e87a4f24ff
%d active coupon(s): %s,%d cupon(oane) activ(e): %s,,site/modules/Mercato/src/Admin/ProcessMercatoLaunchPanels.php,f46fdc66de9b6ad85ffbb62740e3f652
%d commerce permission(s) and %d role preset(s) are ready.,%d permisiune(i) de comerț și %d presetare(i) de rol sunt pregătite.,,site/modules/Mercato/src/Admin/ProcessMercatoLaunchPanels.php,dfd81e68676215df860e6295ebac1512
%d launch blocker(s),%d blocaj(e) de lansare,,site/modules/Mercato/src/Admin/ProcessMercatoLaunchPanels.php,d6fbd5dfc0c43ee216c0a74d6fa6bd92
%d more item(s) in the full checklist below.,Încă %d element(e) în lista completă de mai jos.,,site/modules/Mercato/src/Admin/ProcessMercatoLaunchPanels.php,a0db96ec5cad4201bb19afba79f93319
"%d ready, %d recommended, %d blocking","%d pregătit(e), %d recomandat(e), %d blocant(e)",,site/modules/Mercato/src/Admin/ProcessMercatoLaunchPanels.php,b801ccbaaf6bd09cf54d3af7439fe82e
%s lacks: %s,%s nu are: %s,,site/modules/Mercato/src/Admin/ProcessMercatoLaunchPanels.php,dee5a778a7515149ae5d3ef47d421adc
15-minute shop setup,Configurare magazin în 15 minute,,site/modules/Mercato/src/Admin/ProcessMercatoLaunchPanels.php,120d85adee628a3216f125b29b352bbc
Add products,Adaugă produse,,site/modules/Mercato/src/Admin/ProcessMercatoLaunchPanels.php,ea6fc12147e71d57bdd78ca17ca734ce
At least one sellable product with price and stock.,Cel puțin un produs vandabil cu preț și stoc.,,site/modules/Mercato/src/Admin/ProcessMercatoLaunchPanels.php,89b00ba71f5d67007151a5c03c444ed0
Blocking,Blocant,,site/modules/Mercato/src/Admin/ProcessMercatoLaunchPanels.php,bd0ca6be53b0f3d2886fd53fcb52574e
Blocking remaining,Blocante rămase,,site/modules/Mercato/src/Admin/ProcessMercatoLaunchPanels.php,b4dcdc7ecc3de92bf150d4815c71cd91
Checkout,Checkout,,site/modules/Mercato/src/Admin/ProcessMercatoLaunchPanels.php,6ff063fbc860a79759a7369ac32cee22
"Checkout, products, success, cancel, and orders pages.","Paginile de checkout, produse, succes, anulare și comenzi.",,site/modules/Mercato/src/Admin/ProcessMercatoLaunchPanels.php,e20f084e38cbc489f719c05e8389c234
Choose fulfilment,Alege onorarea,,site/modules/Mercato/src/Admin/ProcessMercatoLaunchPanels.php,9c8ca246d14a03fdb9f8e01a49838d62
Clear gateway setup,Configurare gateway necompletată,,site/modules/Mercato/src/Admin/ProcessMercatoLaunchPanels.php,c1f4259fbbd1149fc131b254449ff32e
Clear these before accepting real payments.,Rezolvați acestea înainte de a accepta plăți reale.,,site/modules/Mercato/src/Admin/ProcessMercatoLaunchPanels.php,4b930c885cb9ca1b963228b39a9b9121
Configure emails,Configurează e-mailurile,,site/modules/Mercato/src/Admin/ProcessMercatoLaunchPanels.php,25896d3ca04b61783a425f1fd5dbe10f
Create a demo coupon such as WELCOME10 to validate checkout discounts.,Creați un cupon demonstrativ precum WELCOME10 pentru a valida reducerile la checkout.,,site/modules/Mercato/src/Admin/ProcessMercatoLaunchPanels.php,103249e85a90ab4d8e8482656f3916a2
Create demo order,Creează comandă demonstrativă,,site/modules/Mercato/src/Admin/ProcessMercatoLaunchPanels.php,ca3ee81f645a6a542e93a07cd5d5552a
Create storefront pages,Creează paginile magazinului,,site/modules/Mercato/src/Admin/ProcessMercatoLaunchPanels.php,faec7069126afa154d04b6e7e195a32a
Create WELCOME10,Creează WELCOME10,,site/modules/Mercato/src/Admin/ProcessMercatoLaunchPanels.php,40b8fdd7fc1d85efbb76e9fccd6ff5d4
Critical setup is ready. Review recommended tasks before going live.,Configurarea critică este pregătită. Revizuiți sarcinile recomandate înainte de lansare.,,site/modules/Mercato/src/Admin/ProcessMercatoLaunchPanels.php,34256144d36a60a858052bb46a722da2
Customer comms,Comunicări cu clientul,,site/modules/Mercato/src/Admin/ProcessMercatoLaunchPanels.php,41a8d65646acd4b4bd744f833951412c
"Delivery, pickup, or local delivery available at checkout.","Livrare, ridicare sau livrare locală disponibile la checkout.",,site/modules/Mercato/src/Admin/ProcessMercatoLaunchPanels.php,2bc140b3e8e12820f440b62ab51cb9f8
Demo fulfilment method,Metodă de onorare demonstrativă,,site/modules/Mercato/src/Admin/ProcessMercatoLaunchPanels.php,2e7436d25671323201a91d10cef0cf4f
Demo order creation is disabled while production mode is active.,Crearea comenzii demonstrative este dezactivată cât timp modul de producție este activ.,,site/modules/Mercato/src/Admin/ProcessMercatoLaunchPanels.php,6dd71f698dc13475660112eaf648bf7a
"Demo, Stripe, Mollie, or PayPal method selected for checkout.","Metodă Demonstrativă, Stripe, Mollie sau PayPal selectată pentru checkout.",,site/modules/Mercato/src/Admin/ProcessMercatoLaunchPanels.php,09abc6157dd8deb5bef3769df6a5c401
Discount template is missing. Run installer/repair first.,Șablonul de reducere lipsește. Rulați mai întâi instalarea/repararea.,,site/modules/Mercato/src/Admin/ProcessMercatoLaunchPanels.php,580c57cd4ec5f875b26999973c97b22f
"Enable a full test checkout with Demo Payment, or create paid workflow fixtures without contacting a gateway or changing stock. Demo checkout payments follow normal stock updates.",Activați un checkout de test complet cu Plată Demonstrativă sau creați exemple de flux de lucru plătite fără a contacta un gateway sau a modifica stocul. Plățile de checkout demonstrative urmează actualizările normale de stoc.,,site/modules/Mercato/src/Admin/ProcessMercatoLaunchPanels.php,e9a493b0c29658815fabcf16e379590f
Enable demo checkout flow,Activează fluxul de checkout demonstrativ,,site/modules/Mercato/src/Admin/ProcessMercatoLaunchPanels.php,22bdb897ef67a3ab5526700d27860faa
Enable payments,Activează plățile,,site/modules/Mercato/src/Admin/ProcessMercatoLaunchPanels.php,bf3f3521263aac001fe6707102df89d6
Enabled gateways have required setup data.,Gateway-urile activate au datele de configurare necesare.,,site/modules/Mercato/src/Admin/ProcessMercatoLaunchPanels.php,104e3f1330945164cc545d7bd88edc3f
Export checklist,Exportă lista de verificare,,site/modules/Mercato/src/Admin/ProcessMercatoLaunchPanels.php,af80e73de20e318c3a21bd977b937dd2
Export summary,Exportă rezumatul,,site/modules/Mercato/src/Admin/ProcessMercatoLaunchPanels.php,33a878654c1bae312396821ff6131cdb
Follow these steps to move from install to a safe first test payment.,Urmați acești pași pentru a trece de la instalare la o primă plată de test sigură.,,site/modules/Mercato/src/Admin/ProcessMercatoLaunchPanels.php,2c59ecb5e9648045129e9adac4597ea3
Gateway issues,Probleme de gateway,,site/modules/Mercato/src/Admin/ProcessMercatoLaunchPanels.php,2349ca33f3ac7427c7117bceff43ec06
Gateway settings,Setări gateway,,site/modules/Mercato/src/Admin/ProcessMercatoLaunchPanels.php,790a83218a99ea718dbd72417d0d8baa
Gateways,Gateway-uri,,site/modules/Mercato/src/Admin/ProcessMercatoLaunchPanels.php,f4bb39e6340915be908d4b0121d6a05a
Guided launch phases,Etape de lansare ghidate,,site/modules/Mercato/src/Admin/ProcessMercatoLaunchPanels.php,6b3df1d86055b16605b6a3ea202c872d
Launch Checklist,Listă de Verificare pentru Lansare,,site/modules/Mercato/src/Admin/ProcessMercatoLaunchPanels.php,d45778641d894e24faaad58821dedcb2
Launch score,Scor de lansare,,site/modules/Mercato/src/Admin/ProcessMercatoLaunchPanels.php,1513a109106891142bcdb6abf26fa6ed
"Live keys, webhook secrets, and provider setup for enabled gateways.","Chei live, secrete de webhook și configurarea furnizorului pentru gateway-urile activate.",,site/modules/Mercato/src/Admin/ProcessMercatoLaunchPanels.php,177615efd0bf07189888fdb15141fd48
Missing permissions: %s,Permisiuni lipsă: %s,,site/modules/Mercato/src/Admin/ProcessMercatoLaunchPanels.php,73b8adcad71e638c49bca9d1399acc41
Missing roles: %s,Roluri lipsă: %s,,site/modules/Mercato/src/Admin/ProcessMercatoLaunchPanels.php,a9a05971d514fc240ff2bc25c180694d
Needed,Necesar,,site/modules/Mercato/src/Admin/ProcessMercatoLaunchPanels.php,b288888cef12f86d1cf54c61df6c59af
Next actions,Acțiuni următoare,,site/modules/Mercato/src/Admin/ProcessMercatoLaunchPanels.php,3911c09388680565603bf3f4d39389fa
No blocking tasks remain.,Nu mai există sarcini blocante.,,site/modules/Mercato/src/Admin/ProcessMercatoLaunchPanels.php,1b44d0a8f339fe7fd4b6ec917d8956ca
No launch blockers,Niciun blocaj de lansare,,site/modules/Mercato/src/Admin/ProcessMercatoLaunchPanels.php,06b0dc8bd55dba01c863276929fd5f1a
No recommended gaps remain.,Nu mai rămân lacune recomandate.,,site/modules/Mercato/src/Admin/ProcessMercatoLaunchPanels.php,496a7347b7f77938fbd9ea8ec97e72c0
of %d ready,din %d pregătit(e),,site/modules/Mercato/src/Admin/ProcessMercatoLaunchPanels.php,f8b154d3f45d62e46f768b28f2d144ef
Open,Deschide,,site/modules/Mercato/src/Admin/ProcessMercatoLaunchPanels.php,c3bf447eabe632720a3aa1a7ce401274
Open checkout,Deschide checkout-ul,,site/modules/Mercato/src/Admin/ProcessMercatoLaunchPanels.php,6b2258cd947ad1762248bab124cb598c
Open discounts,Deschide reducerile,,site/modules/Mercato/src/Admin/ProcessMercatoLaunchPanels.php,eb1c6103e1cf366b3fe7e4ce1017d97f
Open fulfilment queue,Deschide coada de onorare,,site/modules/Mercato/src/Admin/ProcessMercatoLaunchPanels.php,7856b265249a4de90f047d80d6fa4d97
Open timeline,Deschide cronologia,,site/modules/Mercato/src/Admin/ProcessMercatoLaunchPanels.php,8d1ccb4da0cf164ff61758a9bee6caa7
Operational checks for going from install to first payment.,Verificări operaționale pentru a trece de la instalare la prima plată.,,site/modules/Mercato/src/Admin/ProcessMercatoLaunchPanels.php,b7bf1ca05f634cb2c15df351abf045c3
Operations,Operațiuni,,site/modules/Mercato/src/Admin/ProcessMercatoLaunchPanels.php,456d0deba6a86c9585590550c797502d
Payments,Plăți,,site/modules/Mercato/src/Admin/ProcessMercatoLaunchPanels.php,daef64964ee3b9b904f5d467586e217f
Products,Produse,,site/modules/Mercato/src/Admin/ProcessMercatoLaunchPanels.php,068f80c7519d0528fb08e82137a72131
Quick start,Pornire rapidă,,site/modules/Mercato/src/Admin/ProcessMercatoLaunchPanels.php,06ad314b340900d226b1196e1fe289e9
Ready,Pregătit,,site/modules/Mercato/src/Admin/ProcessMercatoLaunchPanels.php,e7d31fc0602fb2ede144d18cdffd816b
Recommended,Recomandat,,site/modules/Mercato/src/Admin/ProcessMercatoLaunchPanels.php,654866693fd91ce8e9764a218f569918
Recommended remaining,Recomandate rămase,,site/modules/Mercato/src/Admin/ProcessMercatoLaunchPanels.php,f5a622a0e33b0f26faca692f87410a8f
Release expired,Eliberează expiratele,,site/modules/Mercato/src/Admin/ProcessMercatoLaunchPanels.php,059dca8c16b19b90b124b6abbf9060f3
Review mode settings,Revizuiește setările modului,,site/modules/Mercato/src/Admin/ProcessMercatoLaunchPanels.php,5e22f5341aca80f6b4cf02a6dbc59e60
Sender address for confirmations and fulfilment updates.,Adresă de expeditor pentru confirmări și actualizări de onorare.,,site/modules/Mercato/src/Admin/ProcessMercatoLaunchPanels.php,0d73ff63a902155e365cd37bebee1c15
Setup path,Cale de configurare,,site/modules/Mercato/src/Admin/ProcessMercatoLaunchPanels.php,6d036e0d7d51aa0974ab48df8b5f2138
Storefront,Magazin,,site/modules/Mercato/src/Admin/ProcessMercatoLaunchPanels.php,f0dca7e4eaedf573d4664be249845942
Test Workflow,Flux de Lucru de Test,,site/modules/Mercato/src/Admin/ProcessMercatoLaunchPanels.php,e20804a197e99f4b9d1c0f64101df160
Warning,Avertisment,,site/modules/Mercato/src/Admin/ProcessMercatoLaunchPanels.php,0eaadb4fcb48a0a0ed7bc9868be9fbaa
"Work left to right: storefront, payments, operations, then customer communication.","Lucrați de la stânga la dreapta: magazin, plăți, operațiuni, apoi comunicare cu clientul.",,site/modules/Mercato/src/Admin/ProcessMercatoLaunchPanels.php,a22f16a45739e996f308c8041f337e94
%d in stock,%d în stoc,,site/modules/Mercato/src/Admin/ProcessMercatoOrderDetailPanels.php,2217968c20c9c0b1a43a75e09a3cb77d
A refund of %s is awaiting gateway confirmation. Do not issue another refund until it is reconciled.,O rambursare de %s așteaptă confirmarea gateway-ului. Nu emiteți o altă rambursare până când aceasta nu este reconciliată.,,site/modules/Mercato/src/Admin/ProcessMercatoOrderDetailPanels.php,f283fb6585e3ddaea245cb1f9d52593d
Add an internal note...,Adăugați o notă internă...,,site/modules/Mercato/src/Admin/ProcessMercatoOrderDetailPanels.php,9091c8c5d0e0045758d162ef83e90fb8
Add note,Adaugă notă,,site/modules/Mercato/src/Admin/ProcessMercatoOrderDetailPanels.php,50cd1871f950375eef4e2efce35366c6
Add product,Adaugă produs,,site/modules/Mercato/src/Admin/ProcessMercatoOrderDetailPanels.php,11a738dd0c48f1401a059bca54bc119c
Add quantity,Adaugă cantitate,,site/modules/Mercato/src/Admin/ProcessMercatoOrderDetailPanels.php,c17f584a1e2c7876e2d5e5efc4f47af4
Already refunded,Deja rambursat,,site/modules/Mercato/src/Admin/ProcessMercatoOrderDetailPanels.php,870f622f6c6e122fe3991dcfdafaf7be
Area,Zonă,,site/modules/Mercato/src/Admin/ProcessMercatoOrderDetailPanels.php,deec4ff19974f12ed781cb9a59064214
Audit reason,Motiv de audit,,site/modules/Mercato/src/Admin/ProcessMercatoOrderDetailPanels.php,45b967ed59205fb1e7dfacfd21c44227
Billing address,Adresă de facturare,,site/modules/Mercato/src/Admin/ProcessMercatoOrderDetailPanels.php,1fbc7e5f1b92c7ec072397b59a0bb5da
Cancel unpaid order,Anulează comanda neplătită,,site/modules/Mercato/src/Admin/ProcessMercatoOrderDetailPanels.php,b8e6badfb14b54ae6808582ecce795bb
Canceled,Anulat,,site/modules/Mercato/src/Admin/ProcessMercatoOrderDetailPanels.php,0e22fe7d45f8e5632a4abf369b24e29c
Check refund status,Verifică starea rambursării,,site/modules/Mercato/src/Admin/ProcessMercatoOrderDetailPanels.php,dd570d0eff16d6f7d51f179609ba1f4c
Confirmation email is available after payment is marked paid.,E-mailul de confirmare este disponibil după ce plata este marcată ca plătită.,,site/modules/Mercato/src/Admin/ProcessMercatoOrderDetailPanels.php,1e793e4bd62fdc48e952ff016c5cc314
Context,Context,,site/modules/Mercato/src/Admin/ProcessMercatoOrderDetailPanels.php,ad4e206408c1c59bfb8a057ba7857446
Copy link,Copiază linkul,,site/modules/Mercato/src/Admin/ProcessMercatoOrderDetailPanels.php,b75833669968adbef634495636e3fe50
Created,Creat,,site/modules/Mercato/src/Admin/ProcessMercatoOrderDetailPanels.php,0eceeb45861f9585dd7a97a3e36f85c6
Current,Curent,,site/modules/Mercato/src/Admin/ProcessMercatoOrderDetailPanels.php,222a267cc5778206b253be35ee3ddab5
Customer,Client,,site/modules/Mercato/src/Admin/ProcessMercatoOrderDetailPanels.php,ce26601dac0dea138b7295f02b7620a7
Customer Communication,Comunicare cu Clientul,,site/modules/Mercato/src/Admin/ProcessMercatoOrderDetailPanels.php,d55b9fdc8580fa306874c89485c41a07
Detail,Detaliu,,site/modules/Mercato/src/Admin/ProcessMercatoOrderDetailPanels.php,a254c25adc7d10d7e9c4889484f875a5
Details,Detalii,,site/modules/Mercato/src/Admin/ProcessMercatoOrderDetailPanels.php,3ec365dd533ddb7ef3d1c111186ce872
Discount,Reducere,,site/modules/Mercato/src/Admin/ProcessMercatoOrderDetailPanels.php,104d9898c04874d0fbac36e125fa1369
Discount code,Cod de reducere,,site/modules/Mercato/src/Admin/ProcessMercatoOrderDetailPanels.php,aa74397584da0fd719c7f349ba31e399
Edit,Editează,,site/modules/Mercato/src/Admin/ProcessMercatoOrderDetailPanels.php,7dce122004969d56ae2e0245cb754d35
Edit fields,Editează câmpurile,,site/modules/Mercato/src/Admin/ProcessMercatoOrderDetailPanels.php,4992df5851ac2d79e68d1cc380c15e00
Edit order,Editează comanda,,site/modules/Mercato/src/Admin/ProcessMercatoOrderDetailPanels.php,9cf04e2f8530c22778606cc3582999fa
Edit Unpaid Order,Editează Comanda Neplătită,,site/modules/Mercato/src/Admin/ProcessMercatoOrderDetailPanels.php,ca7bae82a323d8ddc173f58ea4ad2530
Email,E-mail,,site/modules/Mercato/src/Admin/ProcessMercatoOrderDetailPanels.php,ce8ae9da5b7cd6c3df2929543a9af92d
Email payment link,Trimite linkul de plată prin e-mail,,site/modules/Mercato/src/Admin/ProcessMercatoOrderDetailPanels.php,b47fc5ae3626a3dc91f7f1ee2fd7e714
Error,Eroare,,site/modules/Mercato/src/Admin/ProcessMercatoOrderDetailPanels.php,902b0d55fddef6f8d651fe1035b7d4bd
Event,Eveniment,,site/modules/Mercato/src/Admin/ProcessMercatoOrderDetailPanels.php,a4ecfc70574394990cf17bd83df499f7
Example: Confirmed in Mollie dashboard after delayed webhook.,Exemplu: Confirmat în dashboard-ul Mollie după un webhook întârziat.,,site/modules/Mercato/src/Admin/ProcessMercatoOrderDetailPanels.php,f6a8923265d5c48e3a9f99c9eb69c88e
Example: Customer requested return.,Exemplu: Clientul a solicitat o returnare.,,site/modules/Mercato/src/Admin/ProcessMercatoOrderDetailPanels.php,0d49aefdcce9f7a26ea7aef566544da0
Export order edits,Exportă editările comenzilor,,site/modules/Mercato/src/Admin/ProcessMercatoOrderDetailPanels.php,0b628f52471f3656e6f65732f1340c67
Export order notes,Exportă notele comenzii,,site/modules/Mercato/src/Admin/ProcessMercatoOrderDetailPanels.php,7cf05315481fc50ad8f55a4049b398e8
Export payment audit,Exportă auditul de plăți,,site/modules/Mercato/src/Admin/ProcessMercatoOrderDetailPanels.php,18f63d25e08022f593887033f7b513c0
Export refunds,Exportă rambursările,,site/modules/Mercato/src/Admin/ProcessMercatoOrderDetailPanels.php,963b194ca8d3fafcd7c6330a47fd16cb
Failed,Eșuat,,site/modules/Mercato/src/Admin/ProcessMercatoOrderDetailPanels.php,d7c8c85bf79bbe1b7188497c32c3b0ca
Failed at,Eșuat la,,site/modules/Mercato/src/Admin/ProcessMercatoOrderDetailPanels.php,6ed9b7cf7ba3f2ac72482d9f19cf82b7
Failure reason,Motiv al eșecului,,site/modules/Mercato/src/Admin/ProcessMercatoOrderDetailPanels.php,6b89eaa186376780dbd9b96ea3ab9cba
Fulfilment,Onorare,,site/modules/Mercato/src/Admin/ProcessMercatoOrderDetailPanels.php,e6780ac40081103092aa3edcd68ab644
Gateway,Gateway,,site/modules/Mercato/src/Admin/ProcessMercatoOrderDetailPanels.php,926dec9494209cb088b4962509df1a91
Gateway ID,ID gateway,,site/modules/Mercato/src/Admin/ProcessMercatoOrderDetailPanels.php,a8bca2aa4841000dc3ccd3aaffb7a154
Gateway metadata / debug,Metadate gateway / depanare,,site/modules/Mercato/src/Admin/ProcessMercatoOrderDetailPanels.php,5b28a905654e99d8e25267675360ebd0
Internal Notes,Note Interne,,site/modules/Mercato/src/Admin/ProcessMercatoOrderDetailPanels.php,8073feb31373eed50f74e18534a0e530
Inventory,Inventar,,site/modules/Mercato/src/Admin/ProcessMercatoOrderDetailPanels.php,4d604dd8f008145471dc845683399189
Invoice,Factură,,site/modules/Mercato/src/Admin/ProcessMercatoOrderDetailPanels.php,466eadd40b3c10580e3ab4e8061161ce
Issue refund,Emite rambursare,,site/modules/Mercato/src/Admin/ProcessMercatoOrderDetailPanels.php,2dad3f1d9c61966cd982a8ce88095d87
Items,Articole,,site/modules/Mercato/src/Admin/ProcessMercatoOrderDetailPanels.php,9dea4016dbcc290b773ab2fae678aaa8
Items and Totals,Articole și Totaluri,,site/modules/Mercato/src/Admin/ProcessMercatoOrderDetailPanels.php,f941e552a0b4a591ed2d1800a194ea48
Last refund request,Ultima cerere de rambursare,,site/modules/Mercato/src/Admin/ProcessMercatoOrderDetailPanels.php,680d9ece017590840faffd3069d82230
Last sent,Ultima trimitere,,site/modules/Mercato/src/Admin/ProcessMercatoOrderDetailPanels.php,821de64e95c9882d2eb79b16d0800420
Latest Activity,Activitate Recentă,,site/modules/Mercato/src/Admin/ProcessMercatoOrderDetailPanels.php,9977ab924c89e6c98b1cf1595354ada3
Legacy address,Adresă veche,,site/modules/Mercato/src/Admin/ProcessMercatoOrderDetailPanels.php,3711ffddfc2485e665ab96413efe0669
Line item,Linie de articol,,site/modules/Mercato/src/Admin/ProcessMercatoOrderDetailPanels.php,8d6c7b44d1823733fa9ce8fb28d9585d
Method,Metodă,,site/modules/Mercato/src/Admin/ProcessMercatoOrderDetailPanels.php,4c3880bb027f159e801041b1021e88e8
Method details,Detalii metodă,,site/modules/Mercato/src/Admin/ProcessMercatoOrderDetailPanels.php,a4d79a6027489d167e6ac7d8f23ae165
Name,Nume,,site/modules/Mercato/src/Admin/ProcessMercatoOrderDetailPanels.php,49ee3087348e8d44e1feda1917443987
New quantity,Cantitate nouă,,site/modules/Mercato/src/Admin/ProcessMercatoOrderDetailPanels.php,37e539a0c7e659e38c6cdafea7003666
No activity is logged for this order.,Nicio activitate înregistrată pentru această comandă.,,site/modules/Mercato/src/Admin/ProcessMercatoOrderDetailPanels.php,914933b1301a8eeb733cbaaf53175071
No item snapshot is stored for this order.,Nicio înregistrare a articolelor nu este stocată pentru această comandă.,,site/modules/Mercato/src/Admin/ProcessMercatoOrderDetailPanels.php,d2d315aecda5f67d5dd4f2065a27cec9
No orders yet.,Nicio comandă încă.,,site/modules/Mercato/src/Admin/ProcessMercatoOrderDetailPanels.php,5f46ae5457e3605c89a1fb994b79a2af
Not sent,Netrimis,,site/modules/Mercato/src/Admin/ProcessMercatoOrderDetailPanels.php,3c8d5a29d8493af7344222d7767eb978
Notes,Note,,site/modules/Mercato/src/Admin/ProcessMercatoOrderDetailPanels.php,f4c6f851b00d5518bf888815de279aba
Open,Deschide,,site/modules/Mercato/src/Admin/ProcessMercatoOrderDetailPanels.php,c3bf447eabe632720a3aa1a7ce401274
Open customer profile,Deschide profilul clientului,,site/modules/Mercato/src/Admin/ProcessMercatoOrderDetailPanels.php,f1f343a916af8e936df249a261596276
Open payment link,Deschide linkul de plată,,site/modules/Mercato/src/Admin/ProcessMercatoOrderDetailPanels.php,d0b2c3bdf72e9ff236216ab6d6d5ed25
Open PDF,Deschide PDF-ul,,site/modules/Mercato/src/Admin/ProcessMercatoOrderDetailPanels.php,00df394e4d3282566c9ce2598c5d7867
Optional,Opțional,,site/modules/Mercato/src/Admin/ProcessMercatoOrderDetailPanels.php,ebb061953c0454b2c8ee7b0ac615ebcd
Optional audit note. Example: Customer abandoned checkout.,Notă de audit opțională. Exemplu: Clientul a abandonat checkout-ul.,,site/modules/Mercato/src/Admin/ProcessMercatoOrderDetailPanels.php,98525a168b53363004ce3a3ded589485
Optional product,Produs opțional,,site/modules/Mercato/src/Admin/ProcessMercatoOrderDetailPanels.php,7570eadbba79d6219415f7663646ec93
Order,Comandă,,site/modules/Mercato/src/Admin/ProcessMercatoOrderDetailPanels.php,a240fa27925a635b08dc28c9e4f9216d
Order confirmation,Confirmare comandă,,site/modules/Mercato/src/Admin/ProcessMercatoOrderDetailPanels.php,fb077ecba55e5552916bde26d8b9e794
Order detail,Detaliul comenzii,,site/modules/Mercato/src/Admin/ProcessMercatoOrderDetailPanels.php,1ed94d36d645c22f77807b47707e309b
Order status,Starea comenzii,,site/modules/Mercato/src/Admin/ProcessMercatoOrderDetailPanels.php,57297718fdb439175177cf6b196172d1
Packing slip,Aviz de însoțire a mărfii,,site/modules/Mercato/src/Admin/ProcessMercatoOrderDetailPanels.php,3c43d2c05c45b4109447e21047136ae3
Packing slip PDF,PDF aviz de însoțire a mărfii,,site/modules/Mercato/src/Admin/ProcessMercatoOrderDetailPanels.php,8140e74139627b25c2426538c6d3fe5e
Paid,Plătit,,site/modules/Mercato/src/Admin/ProcessMercatoOrderDetailPanels.php,e0010a0a1a3259ab5c06a19bad532851
Paid date,Data plății,,site/modules/Mercato/src/Admin/ProcessMercatoOrderDetailPanels.php,1b63769847b851d763c8a4c7fd465669
Payment,Plată,,site/modules/Mercato/src/Admin/ProcessMercatoOrderDetailPanels.php,c453a4b8e8d98e82f35b67f433e3b4da
Payment confirmation receipts are sent automatically after a paid transition and can be resent here.,Chitanțele de confirmare a plății sunt trimise automat după o tranziție la plătit și pot fi retrimise aici.,,site/modules/Mercato/src/Admin/ProcessMercatoOrderDetailPanels.php,178198a814043420ffe403b5922766cb
Payment Link,Link de Plată,,site/modules/Mercato/src/Admin/ProcessMercatoOrderDetailPanels.php,d3fe7592bd4047879bd61346839c9ff1
Payment Operations,Operațiuni de Plată,,site/modules/Mercato/src/Admin/ProcessMercatoOrderDetailPanels.php,f41bdd756ff413b439c24b4911fb4aca
Pending refund,Rambursare în așteptare,,site/modules/Mercato/src/Admin/ProcessMercatoOrderDetailPanels.php,a0a430fedd795ab084576856f11b7553
Phone,Telefon,,site/modules/Mercato/src/Admin/ProcessMercatoOrderDetailPanels.php,bcc254b55c4a1babdf1dcb82c207506b
Policy acceptance,Acceptarea politicii,,site/modules/Mercato/src/Admin/ProcessMercatoOrderDetailPanels.php,be06d9b0815ff4e15414fa784d7342c0
Price,Preț,,site/modules/Mercato/src/Admin/ProcessMercatoOrderDetailPanels.php,3601146c4e948c32b6424d2c0a7f0118
Private operational notes for this order. Notes are appended to the order timeline.,Note operaționale private pentru această comandă. Notele sunt adăugate la cronologia comenzii.,,site/modules/Mercato/src/Admin/ProcessMercatoOrderDetailPanels.php,ebea1ea290f08c62e1bd703f005340ee
Product,Produs,,site/modules/Mercato/src/Admin/ProcessMercatoOrderDetailPanels.php,deb10517653c255364175796ace3553f
Profile,Profil,,site/modules/Mercato/src/Admin/ProcessMercatoOrderDetailPanels.php,cce99c598cfdb9773ab041d54c3d973a
Public status link,Link public de stare,,site/modules/Mercato/src/Admin/ProcessMercatoOrderDetailPanels.php,0fb2e5eb73fcdf82d4d4491dac306006
Quantity,Cantitate,,site/modules/Mercato/src/Admin/ProcessMercatoOrderDetailPanels.php,694e8d1f2ee056f98ee488bdc4982d73
"Recalculate fulfilment, discount, and payable total before the customer pays.","Recalculați onorarea, reducerea și totalul de plată înainte ca clientul să plătească.",,site/modules/Mercato/src/Admin/ProcessMercatoOrderDetailPanels.php,8a97c7bddb4d86c17b013d62d3325f61
Receipt,Chitanță,,site/modules/Mercato/src/Admin/ProcessMercatoOrderDetailPanels.php,d6d7c5a3f130174a472f0768c912a796
Receipt details,Detalii chitanță,,site/modules/Mercato/src/Admin/ProcessMercatoOrderDetailPanels.php,c61426c62f9677957cb395e61f825418
Receipt PDF,PDF chitanță,,site/modules/Mercato/src/Admin/ProcessMercatoOrderDetailPanels.php,62ed5e30dd71a2176a176361576310d3
Record reconciliation,Înregistrează reconcilierea,,site/modules/Mercato/src/Admin/ProcessMercatoOrderDetailPanels.php,85ac2a281471d4091c93e2e88b3e5f71
Refund amount,Sumă de rambursare,,site/modules/Mercato/src/Admin/ProcessMercatoOrderDetailPanels.php,dd8366c780bd2ce22a842d6384fec8b2
Refund reason,Motiv de rambursare,,site/modules/Mercato/src/Admin/ProcessMercatoOrderDetailPanels.php,034566afbe5a9afed682feea0ebc8bc3
Refundable balance,Sold rambursabil,,site/modules/Mercato/src/Admin/ProcessMercatoOrderDetailPanels.php,3bf06693dd81b0c052271434fc2e4b80
Refunded,Rambursat,,site/modules/Mercato/src/Admin/ProcessMercatoOrderDetailPanels.php,cc61945cbbf46721a053467c395c666f
Regenerate status link,Regenerează linkul de stare,,site/modules/Mercato/src/Admin/ProcessMercatoOrderDetailPanels.php,452630491b26c7f3f931ccaf4eeb66df
Regenerate the link if a customer-facing status URL was shared with the wrong recipient. Old status links stop working after regeneration.,Regenerați linkul dacă un URL de stare vizibil clientului a fost partajat cu destinatarul greșit. Linkurile de stare vechi încetează să funcționeze după regenerare.,,site/modules/Mercato/src/Admin/ProcessMercatoOrderDetailPanels.php,c192daf2f77bb48a07f02ae738777aa5
Release reservations and mark this unpaid order canceled,Eliberează rezervările și marchează această comandă neplătită ca anulată,,site/modules/Mercato/src/Admin/ProcessMercatoOrderDetailPanels.php,579e196ae5a86ecc576b03d26ddcc08e
Repeat,Repetă,,site/modules/Mercato/src/Admin/ProcessMercatoOrderDetailPanels.php,7020426cfb0a204051be4b3053d2acc8
Resend confirmation,Retrimite confirmarea,,site/modules/Mercato/src/Admin/ProcessMercatoOrderDetailPanels.php,8687928b6d9c0d32277c1a3f8670823e
Run Mercato installer/repair before issuing refunds.,Rulați instalarea/repararea Mercato înainte de a emite rambursări.,,site/modules/Mercato/src/Admin/ProcessMercatoOrderDetailPanels.php,eaa517b0a37c78d209ee04be75418b63
Run Mercato installer/repair before sending confirmation emails.,Rulați instalarea/repararea Mercato înainte de a trimite e-mailuri de confirmare.,,site/modules/Mercato/src/Admin/ProcessMercatoOrderDetailPanels.php,3b16e0e9667653572d94e554d9eabea4
Send confirmation,Trimite confirmarea,,site/modules/Mercato/src/Admin/ProcessMercatoOrderDetailPanels.php,50f425afc60602c71de7b016b7e026fb
Send count,Număr trimiteri,,site/modules/Mercato/src/Admin/ProcessMercatoOrderDetailPanels.php,5c777819f7836c306b5603132a86294e
Send this link to let the customer pay this unpaid order through the checkout flow.,Trimiteți acest link pentru a permite clientului să plătească această comandă neplătită prin fluxul de checkout.,,site/modules/Mercato/src/Admin/ProcessMercatoOrderDetailPanels.php,408c35899b64480e182bf96fea42feb0
Sent,Trimis,,site/modules/Mercato/src/Admin/ProcessMercatoOrderDetailPanels.php,7f8c0283f16925caed8e632086b81b9c
Set a quantity to 0 to remove that line from this unpaid order. Stock availability is checked before saving.,Setați o cantitate la 0 pentru a elimina acea linie din această comandă neplătită. Disponibilitatea stocului este verificată înainte de salvare.,,site/modules/Mercato/src/Admin/ProcessMercatoOrderDetailPanels.php,b20013b4806d63111c1773e9351b6ee9
Shipping,Transport,,site/modules/Mercato/src/Admin/ProcessMercatoOrderDetailPanels.php,ea9cf7e47ff33b2be14e6dd07cbcefc6
Shipping address,Adresă de livrare,,site/modules/Mercato/src/Admin/ProcessMercatoOrderDetailPanels.php,0c458988127eb2150776881e2ef3f0c4
State,Stat,,site/modules/Mercato/src/Admin/ProcessMercatoOrderDetailPanels.php,46a2a41cc6e552044816a2d04634545d
Status,Stare,,site/modules/Mercato/src/Admin/ProcessMercatoOrderDetailPanels.php,ec53a8c4f07baed5d8825072c89799be
Submit provider refund,Trimite rambursarea către furnizor,,site/modules/Mercato/src/Admin/ProcessMercatoOrderDetailPanels.php,120a62a546397b1522806daca8900f3e
Subtotal,Subtotal,,site/modules/Mercato/src/Admin/ProcessMercatoOrderDetailPanels.php,2194aaec8cc7086ab0e93f74547e5f53
Tax,Taxă,,site/modules/Mercato/src/Admin/ProcessMercatoOrderDetailPanels.php,4b78ac8eb158840e9638a3aeb26c4a9d
This order has been fully refunded.,Această comandă a fost rambursată integral.,,site/modules/Mercato/src/Admin/ProcessMercatoOrderDetailPanels.php,2612efb73ba032ff2fae74f114f5519c
Time,Oră,,site/modules/Mercato/src/Admin/ProcessMercatoOrderDetailPanels.php,a76d4ef5f3f6a672bbfab2865563e530
Timeline,Cronologie,,site/modules/Mercato/src/Admin/ProcessMercatoOrderDetailPanels.php,3d1f92a565d3b1a61880236e33c49bf3
Total,Total,,site/modules/Mercato/src/Admin/ProcessMercatoOrderDetailPanels.php,96b0141273eabab320119c467cdcaf17
Tracking,Urmărire,,site/modules/Mercato/src/Admin/ProcessMercatoOrderDetailPanels.php,2205dc082ba550b67ad71e3e2241d9a6
Tracking URL,URL de urmărire,,site/modules/Mercato/src/Admin/ProcessMercatoOrderDetailPanels.php,0979779c4569141b98591d326d343ec2
Update total,Actualizează totalul,,site/modules/Mercato/src/Admin/ProcessMercatoOrderDetailPanels.php,96a9686c309624ecc53c6e61822a7e4a
Use manual reconciliation only after verifying the payment in the provider dashboard or bank records.,Utilizați reconcilierea manuală doar după verificarea plății în dashboard-ul furnizorului sau în registrele bancare.,,site/modules/Mercato/src/Admin/ProcessMercatoOrderDetailPanels.php,1e465dec3d4ba34dbcd73e431fb4dd71
Verified status,Stare verificată,,site/modules/Mercato/src/Admin/ProcessMercatoOrderDetailPanels.php,21153b24d03a6bb2120502b766868dbe
Add at least one product line.,Adăugați cel puțin o linie de produs.,,site/modules/Mercato/src/Admin/ProcessMercatoOrderFulfilmentActions.php,c1e6c1987732326c9f2b0f29e4d94d54
"Adjusted stock for ""%s"" by %+d.",Stocul pentru „%s” a fost ajustat cu %+d.,,site/modules/Mercato/src/Admin/ProcessMercatoOrderFulfilmentActions.php,c6db9a323c59c0e3ffd2fd9111d44d38
Carrier reference,Referință curier,,site/modules/Mercato/src/Admin/ProcessMercatoOrderFulfilmentActions.php,148e73e5d98196c3f5ef609399ba54fe
Ceramics Gift Card product is missing. Run Mercato installer/repair first.,Produsul Card Cadou Ceramică lipsește. Rulați mai întâi instalarea/repararea Mercato.,,site/modules/Mercato/src/Admin/ProcessMercatoOrderFulfilmentActions.php,9562815c9252df64e2f2802df65f029e
Courier / driver,Curier / șofer,,site/modules/Mercato/src/Admin/ProcessMercatoOrderFulfilmentActions.php,92f85a2157d6a44e44a4a7559e14ca5c
Created demo coupon %s for checkout testing.,A fost creat cuponul demonstrativ %s pentru testarea checkout-ului.,,site/modules/Mercato/src/Admin/ProcessMercatoOrderFulfilmentActions.php,7a3060ec2825b18c7d43ca9ed965631b
Created demo paid order %s for %s testing.,A fost creată comanda plătită demonstrativă %s pentru testarea %s.,,site/modules/Mercato/src/Admin/ProcessMercatoOrderFulfilmentActions.php,e229fe33bca69b26608868568e1d0d0e
Created manual order %s and sent the payment link.,Comanda manuală %s a fost creată și linkul de plată a fost trimis.,,site/modules/Mercato/src/Admin/ProcessMercatoOrderFulfilmentActions.php,2a8e3670a41d061916024a888f83f524
Created manual order %s. Send the payment link to the customer.,Comanda manuală %s a fost creată. Trimiteți linkul de plată clientului.,,site/modules/Mercato/src/Admin/ProcessMercatoOrderFulfilmentActions.php,4e7aaee98748ef2a63a6791ce4e6e385
CSRF token validation failed.,Validarea tokenului CSRF a eșuat.,,site/modules/Mercato/src/Admin/ProcessMercatoOrderFulfilmentActions.php,e1b850614e8638b71a2de10cbfd31e49
Custom line price cannot be negative.,Prețul liniei personalizate nu poate fi negativ.,,site/modules/Mercato/src/Admin/ProcessMercatoOrderFulfilmentActions.php,97531b076301eed98d004199550ea4fc
Custom line quantity must be at least 1.,Cantitatea liniei personalizate trebuie să fie cel puțin 1.,,site/modules/Mercato/src/Admin/ProcessMercatoOrderFulfilmentActions.php,b1cf451392a04e4e81cf0eecd41cb39d
Customer details loaded from previous orders.,Detaliile clientului încărcate din comenzile anterioare.,,site/modules/Mercato/src/Admin/ProcessMercatoOrderFulfilmentActions.php,3780c2f330f10bc5e25bc25c72804a78
Delivery,Livrare,,site/modules/Mercato/src/Admin/ProcessMercatoOrderFulfilmentActions.php,065ab3a28ca4f16f55f103adc7d0226f
Demo carrier delivery fixture.,Exemplu de livrare prin curier demonstrativ.,,site/modules/Mercato/src/Admin/ProcessMercatoOrderFulfilmentActions.php,e632fab2a7b9d019b1c38ed728e87635
Demo checkout configuration could not be saved.,Configurația de checkout demonstrativă nu a putut fi salvată.,,site/modules/Mercato/src/Admin/ProcessMercatoOrderFulfilmentActions.php,9ba0018a2b2a779200e68d4a9de160b0
Demo checkout configuration is disabled in production mode.,Configurația de checkout demonstrativă este dezactivată în modul de producție.,,site/modules/Mercato/src/Admin/ProcessMercatoOrderFulfilmentActions.php,ab386a1187594b6e4e78b77d7f53c38c
Demo checkout configuration was blocked.,Configurația de checkout demonstrativă a fost blocată.,,site/modules/Mercato/src/Admin/ProcessMercatoOrderFulfilmentActions.php,b5bf2444a594eaacacb9bb3b9ccefa32
Demo checkout configuration was blocked. Refresh the page and try again.,Configurația de checkout demonstrativă a fost blocată. Reîmprospătați pagina și încercați din nou.,,site/modules/Mercato/src/Admin/ProcessMercatoOrderFulfilmentActions.php,f8cfdff9913653325d69bad82e1e01a9
Demo coupon %s is already available for checkout testing.,Cuponul demonstrativ %s este deja disponibil pentru testarea checkout-ului.,,site/modules/Mercato/src/Admin/ProcessMercatoOrderFulfilmentActions.php,58da65028946c2efea18047ce8e87c1a
Demo discount setup failed.,Configurarea reducerii demonstrative a eșuat.,,site/modules/Mercato/src/Admin/ProcessMercatoOrderFulfilmentActions.php,c1c92cae438152ffd6192ca65d7b0065
Demo discount setup was blocked.,Configurarea reducerii demonstrative a fost blocată.,,site/modules/Mercato/src/Admin/ProcessMercatoOrderFulfilmentActions.php,f3b0946e6b1cb938eaf828686b4d479b
Demo discount setup was blocked. Refresh the page and try again.,Configurarea reducerii demonstrative a fost blocată. Reîmprospătați pagina și încercați din nou.,,site/modules/Mercato/src/Admin/ProcessMercatoOrderFulfilmentActions.php,6a73c7456a0f347b2c071e074cf937b5
Demo local delivery route.,Rută de livrare locală demonstrativă.,,site/modules/Mercato/src/Admin/ProcessMercatoOrderFulfilmentActions.php,514467841a7ee91457c9cc69afe6260d
Demo order creation failed.,Crearea comenzii demonstrative a eșuat.,,site/modules/Mercato/src/Admin/ProcessMercatoOrderFulfilmentActions.php,f341a6dfba3905cc58f8c22995a32b03
Demo order creation is disabled in production mode.,Crearea comenzii demonstrative este dezactivată în modul de producție.,,site/modules/Mercato/src/Admin/ProcessMercatoOrderFulfilmentActions.php,01e66e505047537e16fe49368e833275
Demo order creation was blocked.,Crearea comenzii demonstrative a fost blocată.,,site/modules/Mercato/src/Admin/ProcessMercatoOrderFulfilmentActions.php,25acba14949533f9817345b70c015f67
Demo order creation was blocked. Refresh the page and try again.,Crearea comenzii demonstrative a fost blocată. Reîmprospătați pagina și încercați din nou.,,site/modules/Mercato/src/Admin/ProcessMercatoOrderFulfilmentActions.php,f288515b967b7690291c7f83a6bf3e9d
Demo pickup location: store collection desk.,Locație de ridicare demonstrativă: ghișeul de ridicare din magazin.,,site/modules/Mercato/src/Admin/ProcessMercatoOrderFulfilmentActions.php,261d11a750cdbf882c73aafbb898fc01
Discount code could not be applied.,Codul de reducere nu a putut fi aplicat.,,site/modules/Mercato/src/Admin/ProcessMercatoOrderFulfilmentActions.php,48dd2591bb5c221d947282601b024218
Discount template is missing. Run Mercato installer/repair first.,Șablonul de reducere lipsește. Rulați mai întâi instalarea/repararea Mercato.,,site/modules/Mercato/src/Admin/ProcessMercatoOrderFulfilmentActions.php,689bfbe677cdaede65917486ea9309f5
"Enabled demo checkout with Delivery, Pickup, Local delivery, Demo Payment, and Tailwind storefront rendering.","Checkout demonstrativ activat cu Livrare, Ridicare, Livrare locală, Plată Demonstrativă și randare a magazinului în Tailwind.",,site/modules/Mercato/src/Admin/ProcessMercatoOrderFulfilmentActions.php,141bf28e44ded8fcdb97b05ae4436675
Enter a valid customer email.,Introduceți un e-mail de client valid.,,site/modules/Mercato/src/Admin/ProcessMercatoOrderFulfilmentActions.php,b76aad482021715151ee26d25e974c4a
Enter the customer first and last name.,Introduceți prenumele și numele clientului.,,site/modules/Mercato/src/Admin/ProcessMercatoOrderFulfilmentActions.php,2e679ef6d2c0cfed51502eb01d03eedf
Fulfilment fields are missing. Run Mercato installer/repair from module settings.,Câmpurile de onorare lipsesc. Rulați instalarea/repararea Mercato din setările modulului.,,site/modules/Mercato/src/Admin/ProcessMercatoOrderFulfilmentActions.php,90b801b36b2e8143eb0324aa9b165990
Fulfilment update failed.,Actualizarea onorării a eșuat.,,site/modules/Mercato/src/Admin/ProcessMercatoOrderFulfilmentActions.php,57811b135d74d5a838f8ea17c5c2a01d
Fulfilment update was blocked.,Actualizarea onorării a fost blocată.,,site/modules/Mercato/src/Admin/ProcessMercatoOrderFulfilmentActions.php,04775cd7af28c26896d4b72ecab2b74e
Fulfilment update was blocked. Refresh the page and try again.,Actualizarea onorării a fost blocată. Reîmprospătați pagina și încercați din nou.,,site/modules/Mercato/src/Admin/ProcessMercatoOrderFulfilmentActions.php,b83e330b66b133798d6f8816e7c58d72
Invalid fulfilment status.,Stare de onorare nevalidă.,,site/modules/Mercato/src/Admin/ProcessMercatoOrderFulfilmentActions.php,e8dbbda4ab1c9c411df7db6ca9caee00
Label URL,URL etichetă,,site/modules/Mercato/src/Admin/ProcessMercatoOrderFulfilmentActions.php,0dbe844fb964d5eca2f51be724e43294
Label URL must be a valid absolute URL.,URL-ul etichetei trebuie să fie un URL absolut valid.,,site/modules/Mercato/src/Admin/ProcessMercatoOrderFulfilmentActions.php,8f7773b74f33eeda441d6397989a0495
Line %d: quantity must be at least 1.,Linia %d: cantitatea trebuie să fie cel puțin 1.,,site/modules/Mercato/src/Admin/ProcessMercatoOrderFulfilmentActions.php,c20b250b28ab628e6e8af288bbcce0a4
Line %d: select a valid product.,Linia %d: selectați un produs valid.,,site/modules/Mercato/src/Admin/ProcessMercatoOrderFulfilmentActions.php,26f9d031fd7063370643d29c2dea5dfd
Local delivery,Livrare locală,,site/modules/Mercato/src/Admin/ProcessMercatoOrderFulfilmentActions.php,e0fad42b51b29f19b2acfd276e205615
Manual order could not be created.,Comanda manuală nu a putut fi creată.,,site/modules/Mercato/src/Admin/ProcessMercatoOrderFulfilmentActions.php,7d8cec2bc56e1a40bda873354fd44ed1
Manual order creation was blocked.,Crearea comenzii manuale a fost blocată.,,site/modules/Mercato/src/Admin/ProcessMercatoOrderFulfilmentActions.php,9207c94cea43bfba7a8ad7d14fe0ac86
Manual order creation was blocked. Refresh the page and try again.,Crearea comenzii manuale a fost blocată. Reîmprospătați pagina și încercați din nou.,,site/modules/Mercato/src/Admin/ProcessMercatoOrderFulfilmentActions.php,549e2e2369994b27a26e8940ccf90cb1
Manual order preview calculated. Review the total before creating the unpaid order.,Previzualizarea comenzii manuale a fost calculată. Revizuiți totalul înainte de a crea comanda neplătită.,,site/modules/Mercato/src/Admin/ProcessMercatoOrderFulfilmentActions.php,5570e3feac33a983fc8a8b95347775a9
Manual order preview could not be calculated.,Previzualizarea comenzii manuale nu a putut fi calculată.,,site/modules/Mercato/src/Admin/ProcessMercatoOrderFulfilmentActions.php,432a644a0082dc0c0e52f634df98fa2d
Order not found.,Comanda nu a fost găsită.,,site/modules/Mercato/src/Admin/ProcessMercatoOrderFulfilmentActions.php,149ad34562bd32ca88aac01cd023fce5
ProcessWire rejected the module configuration update.,ProcessWire a respins actualizarea configurației modulului.,,site/modules/Mercato/src/Admin/ProcessMercatoOrderFulfilmentActions.php,a2f13098bef4f90e835e1cdd87c49197
Product not found.,Produsul nu a fost găsit.,,site/modules/Mercato/src/Admin/ProcessMercatoOrderFulfilmentActions.php,e4000a1cbe889f868f82b1b177936841
Proof of delivery,Dovadă de livrare,,site/modules/Mercato/src/Admin/ProcessMercatoOrderFulfilmentActions.php,369f9765f71bb0bf67b24bcb68f7e716
Released %d expired reservation(s).,S-au eliberat %d rezervare(i) expirată(e).,,site/modules/Mercato/src/Admin/ProcessMercatoOrderFulfilmentActions.php,f1bf91ad5b93086448bfd87656ee224f
Reservation cleanup was blocked.,Curățarea rezervărilor a fost blocată.,,site/modules/Mercato/src/Admin/ProcessMercatoOrderFulfilmentActions.php,067b231bfb0d82d98442666180ce455f
Reservation cleanup was blocked. Refresh the page and try again.,Curățarea rezervărilor a fost blocată. Reîmprospătați pagina și încercați din nou.,,site/modules/Mercato/src/Admin/ProcessMercatoOrderFulfilmentActions.php,a4e0af5b9ed873b6df6baa31b8262cd3
Select an enabled fulfilment method.,Selectați o metodă de onorare activată.,,site/modules/Mercato/src/Admin/ProcessMercatoOrderFulfilmentActions.php,f888730548feaf7611ccea346c593810
Select an enabled payment method.,Selectați o metodă de plată activată.,,site/modules/Mercato/src/Admin/ProcessMercatoOrderFulfilmentActions.php,406ea0c6b7390cc5a4a56e12fb9b203c
Stock adjustment failed.,Ajustarea stocului a eșuat.,,site/modules/Mercato/src/Admin/ProcessMercatoOrderFulfilmentActions.php,284d186fc5a67dba6d5a442cb7bdb52d
Stock adjustment was blocked.,Ajustarea stocului a fost blocată.,,site/modules/Mercato/src/Admin/ProcessMercatoOrderFulfilmentActions.php,52cb8a6c1d036b9027062de8924cb032
Stock adjustment was blocked. Refresh the page and try again.,Ajustarea stocului a fost blocată. Reîmprospătați pagina și încercați din nou.,,site/modules/Mercato/src/Admin/ProcessMercatoOrderFulfilmentActions.php,e7c54f4ee5a4eca670800aae67aff7d3
Store pickup,Ridicare din magazin,,site/modules/Mercato/src/Admin/ProcessMercatoOrderFulfilmentActions.php,7acd148468a59641357e7ea01a28deec
Switch to test mode before creating workflow fixtures.,Comutați la modul de test înainte de a crea exemple de flux de lucru.,,site/modules/Mercato/src/Admin/ProcessMercatoOrderFulfilmentActions.php,b26a82a2a05ab4fff260fb4766101743
Switch to test mode before enabling demo receiving methods.,Comutați la modul de test înainte de a activa metodele de primire demonstrative.,,site/modules/Mercato/src/Admin/ProcessMercatoOrderFulfilmentActions.php,76d24d3999f16129acb1e9cb948267aa
This status is not available for the selected fulfilment method.,Această stare nu este disponibilă pentru metoda de onorare selectată.,,site/modules/Mercato/src/Admin/ProcessMercatoOrderFulfilmentActions.php,05955fd627ded10652230b5236b2a3f2
Tracking URL must be a valid absolute URL.,URL-ul de urmărire trebuie să fie un URL absolut valid.,,site/modules/Mercato/src/Admin/ProcessMercatoOrderFulfilmentActions.php,ad2ae650213b07f229fb02033da5834b
Updated fulfilment for %s.,Onorare actualizată pentru %s.,,site/modules/Mercato/src/Admin/ProcessMercatoOrderFulfilmentActions.php,841e4557a7d3fbbba3a8558c38a99589
%d in stock,%d în stoc,,site/modules/Mercato/src/Admin/ProcessMercatoOrderPanels.php,2217968c20c9c0b1a43a75e09a3cb77d
%d orders,%d comenzi,,site/modules/Mercato/src/Admin/ProcessMercatoOrderPanels.php,c0115153d45d00a4510d71e2605196a3
Accepted orders waiting for stock.,Comenzi acceptate în așteptarea stocului.,,site/modules/Mercato/src/Admin/ProcessMercatoOrderPanels.php,e70980bebb606de45436ef753ffa949e
Active,Activ,,site/modules/Mercato/src/Admin/ProcessMercatoOrderPanels.php,4d3d769b812b6faa6b76e1a8abaece2d
Address,Adresă,,site/modules/Mercato/src/Admin/ProcessMercatoOrderPanels.php,dd7bf230fde8d4836917806aff6a6b27
All,Toate,,site/modules/Mercato/src/Admin/ProcessMercatoOrderPanels.php,b1c94ca2fbc3e78fc30069c8d0f01680
All email types,Toate tipurile de e-mail,,site/modules/Mercato/src/Admin/ProcessMercatoOrderPanels.php,146037d35571ee14fe2a393da8226752
All fulfilment work,Toate sarcinile de onorare,,site/modules/Mercato/src/Admin/ProcessMercatoOrderPanels.php,928941e9a41537a0105410b8f0bbc8d8
All methods,Toate metodele,,site/modules/Mercato/src/Admin/ProcessMercatoOrderPanels.php,0b58e10c120a4337c4c0148749fbb358
All orders,Toate comenzile,,site/modules/Mercato/src/Admin/ProcessMercatoOrderPanels.php,a081c9610c122ca2d1fe29935930f908
All statuses,Toate stările,,site/modules/Mercato/src/Admin/ProcessMercatoOrderPanels.php,96e3d398260724e0a83da53a2e9f20e7
All work,Toate sarcinile,,site/modules/Mercato/src/Admin/ProcessMercatoOrderPanels.php,4fdb6f9592a057aef74a13f5d87275c4
Apply filters,Aplică filtrele,,site/modules/Mercato/src/Admin/ProcessMercatoOrderPanels.php,79ee641715155ec7d121815215f2b70c
Attention,Atenție,,site/modules/Mercato/src/Admin/ProcessMercatoOrderPanels.php,2aa97e44cace7cb882c9dcba32940f8f
Awaiting gateway,Se așteaptă gateway-ul,,site/modules/Mercato/src/Admin/ProcessMercatoOrderPanels.php,b07fe8e613a0ee73cc0ff7d55e6890b7
Awaiting payment,Se așteaptă plata,,site/modules/Mercato/src/Admin/ProcessMercatoOrderPanels.php,ebb8d514f56157d7bd513eefdd9adb63
Backorder,Comandă în așteptare,,site/modules/Mercato/src/Admin/ProcessMercatoOrderPanels.php,ac52934d2cc3e2258351c4aed9e46e4f
Canceled,Anulat,,site/modules/Mercato/src/Admin/ProcessMercatoOrderPanels.php,0e22fe7d45f8e5632a4abf369b24e29c
Change,Schimbă,,site/modules/Mercato/src/Admin/ProcessMercatoOrderPanels.php,f4ec5f57bd4d31b803312d873be40da9
City,Oraș,,site/modules/Mercato/src/Admin/ProcessMercatoOrderPanels.php,57d056ed0984166336b7879c2af3657f
Clear,Golește,,site/modules/Mercato/src/Admin/ProcessMercatoOrderPanels.php,dc30bc0c7914db5918da4263fce93ad2
Copy link,Copiază linkul,,site/modules/Mercato/src/Admin/ProcessMercatoOrderPanels.php,b75833669968adbef634495636e3fe50
Country,Țară,,site/modules/Mercato/src/Admin/ProcessMercatoOrderPanels.php,59716c97497eb9694541f7c3d37b1a4d
"Create an unpaid order, reserve stock, and send a secure checkout link for payment.","Creați o comandă neplătită, rezervați stocul și trimiteți un link securizat de checkout pentru plată.",,site/modules/Mercato/src/Admin/ProcessMercatoOrderPanels.php,3247c0e4ba52a51fffe9d90f4562032e
Create Manual Order,Creează Comandă Manuală,,site/modules/Mercato/src/Admin/ProcessMercatoOrderPanels.php,a4ed4cf9d1051814738e7d3aacb432ae
Create unpaid order,Creează comandă neplătită,,site/modules/Mercato/src/Admin/ProcessMercatoOrderPanels.php,f17cd48c1aec26d89443b667d7df704a
Created,Creat,,site/modules/Mercato/src/Admin/ProcessMercatoOrderPanels.php,0eceeb45861f9585dd7a97a3e36f85c6
Current query,Interogare curentă,,site/modules/Mercato/src/Admin/ProcessMercatoOrderPanels.php,7339082929e13b9d9c3b9bf8ae8fbb23
Custom line item,Linie personalizată,,site/modules/Mercato/src/Admin/ProcessMercatoOrderPanels.php,a6e26084769ad095fcde3159c16d5db2
Custom line quantity,Cantitate linie personalizată,,site/modules/Mercato/src/Admin/ProcessMercatoOrderPanels.php,872317c9288b3cfb3b82746ce27e0f30
Custom line tax rate,Cotă de taxă a liniei personalizate,,site/modules/Mercato/src/Admin/ProcessMercatoOrderPanels.php,30c07aed3af903e789b409fd0673129f
Custom line title,Titlu linie personalizată,,site/modules/Mercato/src/Admin/ProcessMercatoOrderPanels.php,fb1a11f8fc1d48b2f11816b395c2cba6
Custom line unit price,Preț unitar linie personalizată,,site/modules/Mercato/src/Admin/ProcessMercatoOrderPanels.php,b69835a5e6f5e78d1017425a7b3a6b82
Customer,Client,,site/modules/Mercato/src/Admin/ProcessMercatoOrderPanels.php,ce26601dac0dea138b7295f02b7620a7
Customer Emails,E-mailuri Client,,site/modules/Mercato/src/Admin/ProcessMercatoOrderPanels.php,a6fbe21b54ac55f7e1331c743da24463
Customer lookup,Căutare client,,site/modules/Mercato/src/Admin/ProcessMercatoOrderPanels.php,c4257aad23267a9dd5d50f4c699d86b1
Customer search,Căutare clienți,,site/modules/Mercato/src/Admin/ProcessMercatoOrderPanels.php,5fb9f4ff81ee04efa9f4039099a588dc
Delivery,Livrare,,site/modules/Mercato/src/Admin/ProcessMercatoOrderPanels.php,065ab3a28ca4f16f55f103adc7d0226f
Discount,Reducere,,site/modules/Mercato/src/Admin/ProcessMercatoOrderPanels.php,104d9898c04874d0fbac36e125fa1369
Discount code,Cod de reducere,,site/modules/Mercato/src/Admin/ProcessMercatoOrderPanels.php,aa74397584da0fd719c7f349ba31e399
Email,E-mail,,site/modules/Mercato/src/Admin/ProcessMercatoOrderPanels.php,ce8ae9da5b7cd6c3df2929543a9af92d
Email payment link after creation,Trimite linkul de plată prin e-mail după creare,,site/modules/Mercato/src/Admin/ProcessMercatoOrderPanels.php,042b6755c11658e9224354ee04173d45
Export activity,Exportă activitatea,,site/modules/Mercato/src/Admin/ProcessMercatoOrderPanels.php,073b61754041ad1aed382b19c1555256
Export CSV,Exportă CSV,,site/modules/Mercato/src/Admin/ProcessMercatoOrderPanels.php,c04f1e4841a6af78088d6ccf6f3a8a76
Export line items,Exportă liniile de articole,,site/modules/Mercato/src/Admin/ProcessMercatoOrderPanels.php,85e74693ddf6769975f3991ab0ddbaa2
Export queue,Exportă coada,,site/modules/Mercato/src/Admin/ProcessMercatoOrderPanels.php,c6b031323de6cecfe0e5fc961b2b4631
Failed,Eșuat,,site/modules/Mercato/src/Admin/ProcessMercatoOrderPanels.php,d7c8c85bf79bbe1b7188497c32c3b0ca
Failed or expired,Eșuat sau expirat,,site/modules/Mercato/src/Admin/ProcessMercatoOrderPanels.php,b9e1b447931b3c7a0fa173f7a6b02b40
Filter fulfilment by method,Filtrează onorarea după metodă,,site/modules/Mercato/src/Admin/ProcessMercatoOrderPanels.php,7781da48cb7ae27c5dbf3387ccf1df63
Filter fulfilment by work type,Filtrează onorarea după tip de sarcină,,site/modules/Mercato/src/Admin/ProcessMercatoOrderPanels.php,1b8850e9db48141aefb940a2f8af3eec
Find products by title or SKU,Găsiți produse după titlu sau SKU,,site/modules/Mercato/src/Admin/ProcessMercatoOrderPanels.php,469c0d150899950927978f0b03ac35ff
First name,Prenume,,site/modules/Mercato/src/Admin/ProcessMercatoOrderPanels.php,20db0bfeecd8fe60533206a2b5e9891a
Fulfilment,Onorare,,site/modules/Mercato/src/Admin/ProcessMercatoOrderPanels.php,e6780ac40081103092aa3edcd68ab644
Fulfilment Activity,Activitate de Onorare,,site/modules/Mercato/src/Admin/ProcessMercatoOrderPanels.php,f603ed0e9c8368c3a1312265f5d3e0c8
Fulfilment Queue,Coadă de Onorare,,site/modules/Mercato/src/Admin/ProcessMercatoOrderPanels.php,e0be8c32dce69d10f2a50f59b0ff8e5f
Fulfilment: %s,Onorare: %s,,site/modules/Mercato/src/Admin/ProcessMercatoOrderPanels.php,9e8a582918dd88aa6127305d3de3905a
Internal note,Notă internă,,site/modules/Mercato/src/Admin/ProcessMercatoOrderPanels.php,08643daceac5930a01274e8e41de11b3
Inventory or operational exception.,Excepție de inventar sau operațională.,,site/modules/Mercato/src/Admin/ProcessMercatoOrderPanels.php,61e0e9a96bbaa2e028effd4ffe3cee98
Invoice,Factură,,site/modules/Mercato/src/Admin/ProcessMercatoOrderPanels.php,466eadd40b3c10580e3ab4e8061161ce
Items,Articole,,site/modules/Mercato/src/Admin/ProcessMercatoOrderPanels.php,9dea4016dbcc290b773ab2fae678aaa8
Last name,Nume,,site/modules/Mercato/src/Admin/ProcessMercatoOrderPanels.php,8d3f5eff9c40ee315d452392bed5309b
Loads customer contact and address fields from the most recent order for that email.,Încarcă câmpurile de contact și adresă ale clientului din cea mai recentă comandă pentru acel e-mail.,,site/modules/Mercato/src/Admin/ProcessMercatoOrderPanels.php,7d0770a2e1a5ece5f917abd40c0b89e2
Local delivery,Livrare locală,,site/modules/Mercato/src/Admin/ProcessMercatoOrderPanels.php,e0fad42b51b29f19b2acfd276e205615
Manual Order,Comandă Manuală,,site/modules/Mercato/src/Admin/ProcessMercatoOrderPanels.php,ef6e3146ad2c182a5959d36d844f9e86
Merchant/customer canceled,Anulat de comerciant/client,,site/modules/Mercato/src/Admin/ProcessMercatoOrderPanels.php,7ea0cffdb5e03c843347eeb581108032
Message,Mesaj,,site/modules/Mercato/src/Admin/ProcessMercatoOrderPanels.php,4c2a8fe7eaf24721cc7a9f0175115bd4
"Mug, SKU, plate...","Cană, SKU, farfurie...",,site/modules/Mercato/src/Admin/ProcessMercatoOrderPanels.php,b518be76916411c019579565839c93d0
"Name, email, phone, city...","Nume, e-mail, telefon, oraș...",,site/modules/Mercato/src/Admin/ProcessMercatoOrderPanels.php,c0827d5661249e051b675e0492c5313c
Needs attention,Necesită atenție,,site/modules/Mercato/src/Admin/ProcessMercatoOrderPanels.php,d6f5722e464f95d8d6411841b90ee6d2
New,Nou,,site/modules/Mercato/src/Admin/ProcessMercatoOrderPanels.php,03c2e7e41ffc181a4e84080b4710e81e
No customer notifications logged yet.,Nicio notificare de client înregistrată încă.,,site/modules/Mercato/src/Admin/ProcessMercatoOrderPanels.php,48218fcfd788b4b5f56dd426db85bcfa
No fulfilment activity logged yet.,Nicio activitate de onorare înregistrată încă.,,site/modules/Mercato/src/Admin/ProcessMercatoOrderPanels.php,499b71b49b1de36650f9c940f4371b20
No fulfilment exceptions yet.,Nicio excepție de onorare încă.,,site/modules/Mercato/src/Admin/ProcessMercatoOrderPanels.php,995703b6516744f56e2b2f8b4a361b1f
No previous customers,Niciun client anterior,,site/modules/Mercato/src/Admin/ProcessMercatoOrderPanels.php,7b3beac475fb0a8dab424ade95961c6f
No products exist yet. Create or import products before creating manual orders.,Nu există încă produse. Creați sau importați produse înainte de a crea comenzi manuale.,,site/modules/Mercato/src/Admin/ProcessMercatoOrderPanels.php,1fbd0aedd55864b8240e534e9fb9f9cb
Note,Notă,,site/modules/Mercato/src/Admin/ProcessMercatoOrderPanels.php,3b0649c72650c313a357338dcdfb64ec
Open payment link,Deschide linkul de plată,,site/modules/Mercato/src/Admin/ProcessMercatoOrderPanels.php,d0b2c3bdf72e9ff236216ab6d6d5ed25
Open value,Valoare deschisă,,site/modules/Mercato/src/Admin/ProcessMercatoOrderPanels.php,d81b135a9ba813779e8a735d4a05ad10
Optional,Opțional,,site/modules/Mercato/src/Admin/ProcessMercatoOrderPanels.php,ebb061953c0454b2c8ee7b0ac615ebcd
Optional product,Produs opțional,,site/modules/Mercato/src/Admin/ProcessMercatoOrderPanels.php,7570eadbba79d6219415f7663646ec93
Order,Comandă,,site/modules/Mercato/src/Admin/ProcessMercatoOrderPanels.php,a240fa27925a635b08dc28c9e4f9216d
Order confirmation,Confirmare comandă,,site/modules/Mercato/src/Admin/ProcessMercatoOrderPanels.php,fb077ecba55e5552916bde26d8b9e794
Order detail,Detaliul comenzii,,site/modules/Mercato/src/Admin/ProcessMercatoOrderPanels.php,1ed94d36d645c22f77807b47707e309b
Order items,Articolele comenzii,,site/modules/Mercato/src/Admin/ProcessMercatoOrderPanels.php,2cee9edacddde0856a46d7db6aff9110
orders,comenzi,,site/modules/Mercato/src/Admin/ProcessMercatoOrderPanels.php,12c500ed0b7879105fb46af0f246be87
Orders,Comenzi,,site/modules/Mercato/src/Admin/ProcessMercatoOrderPanels.php,7442e29d7d53e549b78d93c46b8cdcfc
Orders accepted before stock arrives.,Comenzi acceptate înainte de sosirea stocului.,,site/modules/Mercato/src/Admin/ProcessMercatoOrderPanels.php,3a184f7642ee65781b1a4a0242856d31
"Orders created by checkout, including pending and failed payment attempts.","Comenzi create prin checkout, inclusiv încercări de plată în așteptare și eșuate.",,site/modules/Mercato/src/Admin/ProcessMercatoOrderPanels.php,4c0d3299201143545dfac8a2ab2a5091
Paid,Plătit,,site/modules/Mercato/src/Admin/ProcessMercatoOrderPanels.php,e0010a0a1a3259ab5c06a19bad532851
Paid orders requiring fulfilment work until delivered or returned.,Comenzi plătite ce necesită sarcini de onorare până la livrare sau returnare.,,site/modules/Mercato/src/Admin/ProcessMercatoOrderPanels.php,d4c9cb8702b6baa94221ab2670de0f54
Paid orders still visible in fulfilment.,Comenzi plătite încă vizibile în onorare.,,site/modules/Mercato/src/Admin/ProcessMercatoOrderPanels.php,76d71099a0c7c0ed07541d45da3d1828
Paid revenue and order activity for the last 7 days.,Venit plătit și activitate de comenzi din ultimele 7 zile.,,site/modules/Mercato/src/Admin/ProcessMercatoOrderPanels.php,2fcc9018856382daccb5ac748a762f09
Payment complete,Plată finalizată,,site/modules/Mercato/src/Admin/ProcessMercatoOrderPanels.php,ee1b6abe834d652a74fedd2f61a499e1
Payment link,Link de plată,,site/modules/Mercato/src/Admin/ProcessMercatoOrderPanels.php,f9c43173e5db74a01dd11ce73fbbb237
Payment link email,E-mail cu link de plată,,site/modules/Mercato/src/Admin/ProcessMercatoOrderPanels.php,2d339f6d6a7836bc7e63a6110e7f428b
Payment method,Metodă de plată,,site/modules/Mercato/src/Admin/ProcessMercatoOrderPanels.php,f0aaaae189e9c7711931a65ffcd22543
Pending,În așteptare,,site/modules/Mercato/src/Admin/ProcessMercatoOrderPanels.php,2d13df6f8b5e4c5af9f87e0dc39df69d
Pending + processing,În așteptare + în procesare,,site/modules/Mercato/src/Admin/ProcessMercatoOrderPanels.php,5ee9e530fbbd898c2afbf8d6443ada5c
Phone,Telefon,,site/modules/Mercato/src/Admin/ProcessMercatoOrderPanels.php,bcc254b55c4a1babdf1dcb82c207506b
Pickup,Ridicare,,site/modules/Mercato/src/Admin/ProcessMercatoOrderPanels.php,96fd07f8244c1d8b9a38930ea4bdec97
Pickup ready,Pregătit pentru ridicare,,site/modules/Mercato/src/Admin/ProcessMercatoOrderPanels.php,0dffa27c3c6d1a40e4a140c9c98b5241
Postal code,Cod poștal,,site/modules/Mercato/src/Admin/ProcessMercatoOrderPanels.php,572ed696f21038e6cc6c86bb272a3222
"Prefilled from order %s. Review stock, fulfilment, discounts, and customer details before creating the new order.","Precompletat din comanda %s. Revizuiți stocul, onorarea, reducerile și detaliile clientului înainte de a crea noua comandă.",,site/modules/Mercato/src/Admin/ProcessMercatoOrderPanels.php,f97bd71687a31b6a28ff10573d21858c
Preorder,Precomandă,,site/modules/Mercato/src/Admin/ProcessMercatoOrderPanels.php,5be8b098f9b79cf3b18767ffc5ecd169
Preview total,Total previzualizare,,site/modules/Mercato/src/Admin/ProcessMercatoOrderPanels.php,16bb0e271c9076fd73feb844171ae3f5
Processing,În procesare,,site/modules/Mercato/src/Admin/ProcessMercatoOrderPanels.php,643562a9ae7099c8aabfdc93478db117
Product line %d,Linia de produs %d,,site/modules/Mercato/src/Admin/ProcessMercatoOrderPanels.php,2d34d61c1f9aaf73dee83368df35551d
Qty,Cant.,,site/modules/Mercato/src/Admin/ProcessMercatoOrderPanels.php,03ab340b3f99e03cff9e84314ead38c0
Quantity line %d,Linia de cantitate %d,,site/modules/Mercato/src/Admin/ProcessMercatoOrderPanels.php,eb2f177e03189752cf20025cacbe6d04
Recent confirmations and fulfilment milestone emails.,Confirmări recente și e-mailuri privind etapele de onorare.,,site/modules/Mercato/src/Admin/ProcessMercatoOrderPanels.php,b8106d23e5dc2a6029fd502651738471
"Recent manual shipment, delivery, return, and tracking updates.","Actualizări manuale recente de expediere, livrare, returnare și urmărire.",,site/modules/Mercato/src/Admin/ProcessMercatoOrderPanels.php,8c9715eff36da82e578585fa60dbc23e
Recent Orders,Comenzi Recente,,site/modules/Mercato/src/Admin/ProcessMercatoOrderPanels.php,fd3458547ef9c3a8bd0e1e1b4ef2b4dd
Repeat,Repetă,,site/modules/Mercato/src/Admin/ProcessMercatoOrderPanels.php,7020426cfb0a204051be4b3053d2acc8
Reset,Resetează,,site/modules/Mercato/src/Admin/ProcessMercatoOrderPanels.php,526d688f37a86d3c3f27d0c5016eb71d
Revenue chart,Grafic de venituri,,site/modules/Mercato/src/Admin/ProcessMercatoOrderPanels.php,9ab66dbcdad20bc40ec2168b24cc1bcd
Revenue Overview,Prezentare Generală a Veniturilor,,site/modules/Mercato/src/Admin/ProcessMercatoOrderPanels.php,0b2ebf93afe5d231202b9adea9260dba
Search,Caută,,site/modules/Mercato/src/Admin/ProcessMercatoOrderPanels.php,13348442cc6a27032d2b4aa28b75a5d3
Search customers,Caută clienți,,site/modules/Mercato/src/Admin/ProcessMercatoOrderPanels.php,8c21c47c1d902c8a2a72183ab53387d3
Select previous customer,Selectează clientul anterior,,site/modules/Mercato/src/Admin/ProcessMercatoOrderPanels.php,f609d32846b09ecad6d8df2b355d92b1
Select product,Selectează produsul,,site/modules/Mercato/src/Admin/ProcessMercatoOrderPanels.php,94f4a55d52037aee6f01a214739d0fec
Sent,Trimis,,site/modules/Mercato/src/Admin/ProcessMercatoOrderPanels.php,7f8c0283f16925caed8e632086b81b9c
"Service, setup fee, adjustment","Serviciu, taxă de configurare, ajustare",,site/modules/Mercato/src/Admin/ProcessMercatoOrderPanels.php,58ee08755c69f6a7a26bd748529e9503
Shipping,Transport,,site/modules/Mercato/src/Admin/ProcessMercatoOrderPanels.php,ea9cf7e47ff33b2be14e6dd07cbcefc6
Status,Stare,,site/modules/Mercato/src/Admin/ProcessMercatoOrderPanels.php,ec53a8c4f07baed5d8825072c89799be
Subtotal,Subtotal,,site/modules/Mercato/src/Admin/ProcessMercatoOrderPanels.php,2194aaec8cc7086ab0e93f74547e5f53
Tax %,Taxă %,,site/modules/Mercato/src/Admin/ProcessMercatoOrderPanels.php,a7fa76ae71664800f8994ad52581e3c2
Test email,E-mail de test,,site/modules/Mercato/src/Admin/ProcessMercatoOrderPanels.php,d0bcd38c77602b5db10697502d93c9ec
The product dropdowns below are filtered by this term. Selected products stay available after filtering.,Listele derulante de produse de mai jos sunt filtrate după acest termen. Produsele selectate rămân disponibile după filtrare.,,site/modules/Mercato/src/Admin/ProcessMercatoOrderPanels.php,6560ac976a05111969d55d3570faf3ee
Time,Oră,,site/modules/Mercato/src/Admin/ProcessMercatoOrderPanels.php,a76d4ef5f3f6a672bbfab2865563e530
Total,Total,,site/modules/Mercato/src/Admin/ProcessMercatoOrderPanels.php,96b0141273eabab320119c467cdcaf17
Tracking,Urmărire,,site/modules/Mercato/src/Admin/ProcessMercatoOrderPanels.php,2205dc082ba550b67ad71e3e2241d9a6
Type,Tip,,site/modules/Mercato/src/Admin/ProcessMercatoOrderPanels.php,a1fa27779242b4902f7ae3bdd5c6d508
Unfulfilled or in-progress fulfilment.,Onorare neefectuată sau în curs.,,site/modules/Mercato/src/Admin/ProcessMercatoOrderPanels.php,117a87ee4aadc13069fb7cf71f173f71
Unit price,Preț unitar,,site/modules/Mercato/src/Admin/ProcessMercatoOrderPanels.php,6c957f72dc8cdacc75762f2cbdcdfaf2
Update,Actualizează,,site/modules/Mercato/src/Admin/ProcessMercatoOrderPanels.php,06933067aafd48425d67bcb01bba5cb6
Use customer,Utilizează clientul,,site/modules/Mercato/src/Admin/ProcessMercatoOrderPanels.php,54d0e80416c749abff9ed1e338d51c65
User,Utilizator,,site/modules/Mercato/src/Admin/ProcessMercatoOrderPanels.php,8f9bfe9d1345237cb3b2b205864da075
View all orders,Vizualizează toate comenzile,,site/modules/Mercato/src/Admin/ProcessMercatoOrderPanels.php,2309d9606fa9660d65acfbb60d055284
VIP,VIP,,site/modules/Mercato/src/Admin/ProcessMercatoOrderPanels.php,5a11e0bd65af42743f1db2f10bcbba8e
Actions,Acțiuni,,site/modules/Mercato/src/Admin/ProcessMercatoPaymentPanels.php,06df33001c1d7187fdd81ea1f5b277aa
All attempts,Toate încercările,,site/modules/Mercato/src/Admin/ProcessMercatoPaymentPanels.php,2042605b7727ccdef05ecd5e33649575
All events,Toate evenimentele,,site/modules/Mercato/src/Admin/ProcessMercatoPaymentPanels.php,1aafb073a1a78e52e044177f67da6615
All refunds,Toate rambursările,,site/modules/Mercato/src/Admin/ProcessMercatoPaymentPanels.php,f1d04a8e88ccdad54438bd32bd462be7
All states,Toate stările,,site/modules/Mercato/src/Admin/ProcessMercatoPaymentPanels.php,6d28b9c928bcbe9303fbb74f8e7d2630
All statuses,Toate stările,,site/modules/Mercato/src/Admin/ProcessMercatoPaymentPanels.php,96e3d398260724e0a83da53a2e9f20e7
Amount,Sumă,,site/modules/Mercato/src/Admin/ProcessMercatoPaymentPanels.php,b2f40690858b404ed10e62bdf422c704
Any,Oricare,,site/modules/Mercato/src/Admin/ProcessMercatoPaymentPanels.php,ed36a1ef76a59ee3f15180e0441188ad
Apply filters,Aplică filtrele,,site/modules/Mercato/src/Admin/ProcessMercatoPaymentPanels.php,79ee641715155ec7d121815215f2b70c
Attempt flow looks healthy for this filter.,Fluxul de încercări pare sănătos pentru acest filtru.,,site/modules/Mercato/src/Admin/ProcessMercatoPaymentPanels.php,cf8bb834c2fae76443da35e2653f31c2
Attempt ID,ID încercare,,site/modules/Mercato/src/Admin/ProcessMercatoPaymentPanels.php,65e7b417776a888ef4a04dea6915c317
Attempt visibility,Vizibilitate încercări,,site/modules/Mercato/src/Admin/ProcessMercatoPaymentPanels.php,f497fa68d9b65adac9313da52d73f0c6
Attempts,Încercări,,site/modules/Mercato/src/Admin/ProcessMercatoPaymentPanels.php,7ba3b8236d48d4f4c5ec03c3fe6b75a9
Awaiting final state,Se așteaptă starea finală,,site/modules/Mercato/src/Admin/ProcessMercatoPaymentPanels.php,22579c32b4632dcf789d5287be8495ca
Awaiting gateway confirmation,Se așteaptă confirmarea gateway-ului,,site/modules/Mercato/src/Admin/ProcessMercatoPaymentPanels.php,7b6fb78903ce0cb27b26810d19c588f6
Awaiting provider confirmation,Se așteaptă confirmarea furnizorului,,site/modules/Mercato/src/Admin/ProcessMercatoPaymentPanels.php,9b08c129051be5b9bb4173eeb66c6493
Bank Transfer,Transfer Bancar,,site/modules/Mercato/src/Admin/ProcessMercatoPaymentPanels.php,3726d2bc671a53445f9f57095bf9d76b
Canceled,Anulat,,site/modules/Mercato/src/Admin/ProcessMercatoPaymentPanels.php,0e22fe7d45f8e5632a4abf369b24e29c
Check refund status from the order detail page until the provider confirms.,Verificați starea rambursării din pagina de detalii a comenzii până când furnizorul confirmă.,,site/modules/Mercato/src/Admin/ProcessMercatoPaymentPanels.php,630b880d591ddf4367bdef27f0aaefed
Check status,Verifică starea,,site/modules/Mercato/src/Admin/ProcessMercatoPaymentPanels.php,eb198fdad4db7833129225464420e067
Completed,Finalizat,,site/modules/Mercato/src/Admin/ProcessMercatoPaymentPanels.php,07ca5050e697392c9ed47e6453f1453f
Context,Context,,site/modules/Mercato/src/Admin/ProcessMercatoPaymentPanels.php,ad4e206408c1c59bfb8a057ba7857446
Created,Creat,,site/modules/Mercato/src/Admin/ProcessMercatoPaymentPanels.php,0eceeb45861f9585dd7a97a3e36f85c6
Current audit window,Fereastră de audit curentă,,site/modules/Mercato/src/Admin/ProcessMercatoPaymentPanels.php,61f7ec20d6888e4283642e24c210ff5c
Current filtered set,Set filtrat curent,,site/modules/Mercato/src/Admin/ProcessMercatoPaymentPanels.php,261e95a8ce812a99ee8c6a68163c85a5
Demo,Demonstrativ,,site/modules/Mercato/src/Admin/ProcessMercatoPaymentPanels.php,f0258b6685684c113bad94d91b8fa02a
Detail,Detaliu,,site/modules/Mercato/src/Admin/ProcessMercatoPaymentPanels.php,a254c25adc7d10d7e9c4889484f875a5
Event,Eveniment,,site/modules/Mercato/src/Admin/ProcessMercatoPaymentPanels.php,a4ecfc70574394990cf17bd83df499f7
Export attempts,Exportă încercările,,site/modules/Mercato/src/Admin/ProcessMercatoPaymentPanels.php,84e74ec146a641d80fd8ab3e9c8b4c9b
Export CSV,Exportă CSV,,site/modules/Mercato/src/Admin/ProcessMercatoPaymentPanels.php,c04f1e4841a6af78088d6ccf6f3a8a76
External ID,ID extern,,site/modules/Mercato/src/Admin/ProcessMercatoPaymentPanels.php,01ddb49044c161b11fdb0c41adbeb3b3
Failed,Eșuat,,site/modules/Mercato/src/Admin/ProcessMercatoPaymentPanels.php,d7c8c85bf79bbe1b7188497c32c3b0ca
Failed attempts,Încercări eșuate,,site/modules/Mercato/src/Admin/ProcessMercatoPaymentPanels.php,8de5dec02727520d8b1215f06862a620
Failed only,Doar eșuate,,site/modules/Mercato/src/Admin/ProcessMercatoPaymentPanels.php,975742c2b1056a87830e5c7695aa220f
Gateway,Gateway,,site/modules/Mercato/src/Admin/ProcessMercatoPaymentPanels.php,926dec9494209cb088b4962509df1a91
"Gateway attempt lifecycle across checkout, payment links, retries, and client-side confirmations.","Ciclul de viață al încercărilor de gateway pe parcursul checkout-ului, al linkurilor de plată, al reîncercărilor și al confirmărilor din partea clientului.",,site/modules/Mercato/src/Admin/ProcessMercatoPaymentPanels.php,d488e699bf3ae312e040fbf3b0055986
"Gateway attempt lifecycle for this order, including retries and client-side confirmations.","Ciclul de viață al încercărilor de gateway pentru această comandă, inclusiv reîncercările și confirmările din partea clientului.",,site/modules/Mercato/src/Admin/ProcessMercatoPaymentPanels.php,edf558c23686f3dc62e8507dd4eae6b1
Gateway Status,Starea Gateway-ului,,site/modules/Mercato/src/Admin/ProcessMercatoPaymentPanels.php,6f76790c71270306830a0507202f3d14
Gateways,Gateway-uri,,site/modules/Mercato/src/Admin/ProcessMercatoPaymentPanels.php,f4bb39e6340915be908d4b0121d6a05a
Initialized,Inițializat,,site/modules/Mercato/src/Admin/ProcessMercatoPaymentPanels.php,59d87a4758a9d35fbaf6b204341bb399
Issued,Emis,,site/modules/Mercato/src/Admin/ProcessMercatoPaymentPanels.php,76bfc7f2b681dbab03ac439f9a605a3d
Latest attempt,Ultima încercare,,site/modules/Mercato/src/Admin/ProcessMercatoPaymentPanels.php,0570c59bc863d54b01a2050d91af87ec
Latest refund event,Ultimul eveniment de rambursare,,site/modules/Mercato/src/Admin/ProcessMercatoPaymentPanels.php,5dd0c3e0dc427ab0f3620bf9c6769bec
Logged refund amount,Sumă de rambursare înregistrată,,site/modules/Mercato/src/Admin/ProcessMercatoPaymentPanels.php,998b84eb94ae88db70626c1919c19cd4
Method,Metodă,,site/modules/Mercato/src/Admin/ProcessMercatoPaymentPanels.php,4c3880bb027f159e801041b1021e88e8
Mollie,Mollie,,site/modules/Mercato/src/Admin/ProcessMercatoPaymentPanels.php,7c478959c218087ffc4ad5d96e7f66a6
Needs retry or review,Necesită reîncercare sau revizuire,,site/modules/Mercato/src/Admin/ProcessMercatoPaymentPanels.php,3c27ed6d3d85c6ccc11f273db0f98059
No,Nu,,site/modules/Mercato/src/Admin/ProcessMercatoPaymentPanels.php,bafd7322c6e97d25b6299b5d6fe8920b
No events,Niciun eveniment,,site/modules/Mercato/src/Admin/ProcessMercatoPaymentPanels.php,ee210f096a32271ef43ccd1035af27d4
No failed attempts in this set,Nicio încercare eșuată în acest set,,site/modules/Mercato/src/Admin/ProcessMercatoPaymentPanels.php,2f45cf071e31f3d875a4a31d4a19975d
No gateway attempts have been logged for this order yet.,Nicio încercare de gateway nu a fost încă înregistrată pentru această comandă.,,site/modules/Mercato/src/Admin/ProcessMercatoPaymentPanels.php,32bcc67754d513b51b2a244752684596
No payment attempts match the current filters yet.,Nicio încercare de plată nu corespunde încă filtrelor curente.,,site/modules/Mercato/src/Admin/ProcessMercatoPaymentPanels.php,d1c7bfe6146966d0c69cef9828bc1feb
No payment attempts yet,Nicio încercare de plată încă,,site/modules/Mercato/src/Admin/ProcessMercatoPaymentPanels.php,3267bdafd104b49ca018388082743999
No pending refunds in the audit window,Nicio rambursare în așteptare în fereastra de audit,,site/modules/Mercato/src/Admin/ProcessMercatoPaymentPanels.php,530dc7b068c04c78eb271ae3757c64da
No refund events logged yet.,Niciun eveniment de rambursare înregistrat încă.,,site/modules/Mercato/src/Admin/ProcessMercatoPaymentPanels.php,68915e768f77a6753b8419fb09a5d6ab
No refund events yet,Niciun eveniment de rambursare încă,,site/modules/Mercato/src/Admin/ProcessMercatoPaymentPanels.php,40a10c864ca2732403c13a43c223ffb4
No rejected refunds in the audit window,Nicio rambursare respinsă în fereastra de audit,,site/modules/Mercato/src/Admin/ProcessMercatoPaymentPanels.php,1ec1f5086a115e314e5d569d9de984f4
None,Niciunul,,site/modules/Mercato/src/Admin/ProcessMercatoPaymentPanels.php,6adf97f83acf6453d4a6a4b1070f3754
"Open the order, review provider status, and avoid duplicate refunds.","Deschideți comanda, revizuiți starea la furnizor și evitați rambursările duplicate.",,site/modules/Mercato/src/Admin/ProcessMercatoPaymentPanels.php,aba5cf9c9bc9a1a92b83b982c41b268d
Open the related order and retry payment or send a recovery link.,Deschideți comanda asociată și reîncercați plata sau trimiteți un link de recuperare.,,site/modules/Mercato/src/Admin/ProcessMercatoPaymentPanels.php,ed557d8abe8d57f6326f7b83f162a5f9
Operational health,Sănătate operațională,,site/modules/Mercato/src/Admin/ProcessMercatoPaymentPanels.php,b9deea4f8cf717d181c4e1d10097da29
Operator action,Acțiune operator,,site/modules/Mercato/src/Admin/ProcessMercatoPaymentPanels.php,380b00015957362ffb808b69346edf38
Order,Comandă,,site/modules/Mercato/src/Admin/ProcessMercatoPaymentPanels.php,a240fa27925a635b08dc28c9e4f9216d
Order #%d filter active,Filtru pentru comanda #%d activ,,site/modules/Mercato/src/Admin/ProcessMercatoPaymentPanels.php,55b9a3eff19c874c020bc943c5d0fb79
Order ID,ID comandă,,site/modules/Mercato/src/Admin/ProcessMercatoPaymentPanels.php,d79cf3f429596f77db95c65074663a54
Paid,Plătit,,site/modules/Mercato/src/Admin/ProcessMercatoPaymentPanels.php,e0010a0a1a3259ab5c06a19bad532851
Paid attempts,Încercări plătite,,site/modules/Mercato/src/Admin/ProcessMercatoPaymentPanels.php,96cded5efbb3874929ba1cc2c4471ac1
Payment,Plată,,site/modules/Mercato/src/Admin/ProcessMercatoPaymentPanels.php,c453a4b8e8d98e82f35b67f433e3b4da
Payment Attempts,Încercări de Plată,,site/modules/Mercato/src/Admin/ProcessMercatoPaymentPanels.php,e4ba582ac4d08b27e376d082c73e3259
PayPal,PayPal,,site/modules/Mercato/src/Admin/ProcessMercatoPaymentPanels.php,ad69e733ebae8d264bccaa38d68830e8
Pending,În așteptare,,site/modules/Mercato/src/Admin/ProcessMercatoPaymentPanels.php,2d13df6f8b5e4c5af9f87e0dc39df69d
Pending provider result,Rezultat furnizor în așteptare,,site/modules/Mercato/src/Admin/ProcessMercatoPaymentPanels.php,63df2c6900548a6db835c29265cf740b
Processing,În procesare,,site/modules/Mercato/src/Admin/ProcessMercatoPaymentPanels.php,643562a9ae7099c8aabfdc93478db117
Processing attempts,Încercări în procesare,,site/modules/Mercato/src/Admin/ProcessMercatoPaymentPanels.php,570d80a25e16bfd2403145e8c168a695
Provider refund requested,Rambursare solicitată de la furnizor,,site/modules/Mercato/src/Admin/ProcessMercatoPaymentPanels.php,eb21dd9892b57e6c8f4ac8d38f2561bc
Provider rejection,Respingere de la furnizor,,site/modules/Mercato/src/Admin/ProcessMercatoPaymentPanels.php,ebf96aee8f000007ded980c2d2119e2a
Provider result applied,Rezultat de la furnizor aplicat,,site/modules/Mercato/src/Admin/ProcessMercatoPaymentPanels.php,f2c54b1473c88c23cde383ce5d3f847c
Quick filters,Filtre rapide,,site/modules/Mercato/src/Admin/ProcessMercatoPaymentPanels.php,89d24daf0bdce656690f084b5f0af54e
Reason,Motiv,,site/modules/Mercato/src/Admin/ProcessMercatoPaymentPanels.php,fffcb4d1e12c96b2f571f77ad25878b8
Recent provider-backed refund requests and reconciliation events.,Cereri de rambursare recente susținute de furnizor și evenimente de reconciliere.,,site/modules/Mercato/src/Admin/ProcessMercatoPaymentPanels.php,ea611553cf949c2998ab21075f45781b
Reconciled,Reconciliat,,site/modules/Mercato/src/Admin/ProcessMercatoPaymentPanels.php,279dc75d9cdde59345864c6bf38fd4b3
Refund audit looks healthy.,Auditul rambursărilor pare sănătos.,,site/modules/Mercato/src/Admin/ProcessMercatoPaymentPanels.php,4fd43922e2afc6e7f975e3e4f8a18312
Refund events,Evenimente de rambursare,,site/modules/Mercato/src/Admin/ProcessMercatoPaymentPanels.php,6ce212ea9fc67126f7bf9ca3c9dd5f63
Refund ID,ID rambursare,,site/modules/Mercato/src/Admin/ProcessMercatoPaymentPanels.php,ea4ef81603749d8f4b0573ca2f926eb9
Refund visibility,Vizibilitate rambursări,,site/modules/Mercato/src/Admin/ProcessMercatoPaymentPanels.php,ee7bd515262dc9460e07930ce5af3d04
Refunds,Rambursări,,site/modules/Mercato/src/Admin/ProcessMercatoPaymentPanels.php,53beb26d8bca00f56fbd295fdee83459
Reset,Resetează,,site/modules/Mercato/src/Admin/ProcessMercatoPaymentPanels.php,526d688f37a86d3c3f27d0c5016eb71d
Review,Revizuiește,,site/modules/Mercato/src/Admin/ProcessMercatoPaymentPanels.php,457dd55184faedb7885afd4009d70163
State,Stat,,site/modules/Mercato/src/Admin/ProcessMercatoPaymentPanels.php,46a2a41cc6e552044816a2d04634545d
Status,Stare,,site/modules/Mercato/src/Admin/ProcessMercatoPaymentPanels.php,ec53a8c4f07baed5d8825072c89799be
Stripe,Stripe,,site/modules/Mercato/src/Admin/ProcessMercatoPaymentPanels.php,ce7566d1d08cc094b74cf283cf9c56a5
Time,Oră,,site/modules/Mercato/src/Admin/ProcessMercatoPaymentPanels.php,a76d4ef5f3f6a672bbfab2865563e530
Timeline,Cronologie,,site/modules/Mercato/src/Admin/ProcessMercatoPaymentPanels.php,3d1f92a565d3b1a61880236e33c49bf3
Updated,Actualizat,,site/modules/Mercato/src/Admin/ProcessMercatoPaymentPanels.php,ff0a3b7f3daef040faf89a88fdac01b7
Wait for provider confirmation or webhook reconciliation.,Așteptați confirmarea furnizorului sau reconcilierea prin webhook.,,site/modules/Mercato/src/Admin/ProcessMercatoPaymentPanels.php,a36f0e09241ce10792b1c6eed76ee60a
Watch,Urmărește,,site/modules/Mercato/src/Admin/ProcessMercatoPaymentPanels.php,f20658650d987d31063b593c05980397
Yes,Da,,site/modules/Mercato/src/Admin/ProcessMercatoPaymentPanels.php,93cba07454f06a4a960172bbd6e2a435
%s is already suppressed for recovery.,%s este deja exclus din recuperare.,,site/modules/Mercato/src/Admin/ProcessMercatoPaymentRecoveryActions.php,51b007fbdf760be9b43fc673c0d7cbfc
%s is not suppressed for recovery.,%s nu este exclus din recuperare.,,site/modules/Mercato/src/Admin/ProcessMercatoPaymentRecoveryActions.php,f372a6ca0245ca5a50579100ec07e96a
Bulk recovery cancellation failed.,Anularea de recuperare în masă a eșuat.,,site/modules/Mercato/src/Admin/ProcessMercatoPaymentRecoveryActions.php,fd1e985ab57353dbf36dfb0ee993d6c3
Bulk recovery cancellation was blocked.,Anularea de recuperare în masă a fost blocată.,,site/modules/Mercato/src/Admin/ProcessMercatoPaymentRecoveryActions.php,33c9c0145f830842fc7e59fda54d1151
Bulk recovery cancellation was blocked. Refresh the page and try again.,Anularea de recuperare în masă a fost blocată. Reîmprospătați pagina și încercați din nou.,,site/modules/Mercato/src/Admin/ProcessMercatoPaymentRecoveryActions.php,356731e28b6d4e7cff2c7d4aaae98eb0
Canceled %d abandoned order(s).,S-au anulat %d comandă/comenzi abandonată(e).,,site/modules/Mercato/src/Admin/ProcessMercatoPaymentRecoveryActions.php,ca1f31bf2fcf11efde7b38b0426cfc05
Canceled unpaid order %s and released any active reservation.,Comanda neplătită %s a fost anulată și orice rezervare activă a fost eliberată.,,site/modules/Mercato/src/Admin/ProcessMercatoPaymentRecoveryActions.php,fba730bf07c49ca222594c82526c0e42
Confirm that the filtered abandoned orders should be canceled.,Confirmați că comenzile abandonate filtrate trebuie anulate.,,site/modules/Mercato/src/Admin/ProcessMercatoPaymentRecoveryActions.php,88c879e2acc726964e42011f6e2d535d
Confirm that this provider refund should be submitted.,Confirmați că această rambursare către furnizor trebuie trimisă.,,site/modules/Mercato/src/Admin/ProcessMercatoPaymentRecoveryActions.php,6f22ed54dcd34f58a78bef63916fc52e
Confirm that this unpaid order should be canceled.,Confirmați că această comandă neplătită trebuie anulată.,,site/modules/Mercato/src/Admin/ProcessMercatoPaymentRecoveryActions.php,5be5fd38b579ff109993da9c40ed00d1
Confirmation email failed.,E-mailul de confirmare a eșuat.,,site/modules/Mercato/src/Admin/ProcessMercatoPaymentRecoveryActions.php,768180014f27f6b46358113f4daf093d
Confirmation email was blocked.,E-mailul de confirmare a fost blocat.,,site/modules/Mercato/src/Admin/ProcessMercatoPaymentRecoveryActions.php,d8287e1ed651812be4c2d15fcb90a943
Confirmation email was blocked. Refresh the page and try again.,E-mailul de confirmare a fost blocat. Reîmprospătați pagina și încercați din nou.,,site/modules/Mercato/src/Admin/ProcessMercatoPaymentRecoveryActions.php,dc25fad67cffa578f656503e26c82701
CSRF token validation failed.,Validarea tokenului CSRF a eșuat.,,site/modules/Mercato/src/Admin/ProcessMercatoPaymentRecoveryActions.php,e1b850614e8638b71a2de10cbfd31e49
Customer does not match this profile screen.,Clientul nu corespunde acestui ecran de profil.,,site/modules/Mercato/src/Admin/ProcessMercatoPaymentRecoveryActions.php,591b13c35ed31f940308e59e78a41530
Customer note failed.,Nota despre client a eșuat.,,site/modules/Mercato/src/Admin/ProcessMercatoPaymentRecoveryActions.php,e1eca51e32e1918a6ee9af003f85550d
Customer note saved.,Nota despre client a fost salvată.,,site/modules/Mercato/src/Admin/ProcessMercatoPaymentRecoveryActions.php,7ff29c92cb39fcdb8feac5980ce65ac7
Customer note was blocked.,Nota despre client a fost blocată.,,site/modules/Mercato/src/Admin/ProcessMercatoPaymentRecoveryActions.php,026c5b63521c735a49bc2ee9f2c72197
Customer note was blocked. Refresh the page and try again.,Nota despre client a fost blocată. Reîmprospătați pagina și încercați din nou.,,site/modules/Mercato/src/Admin/ProcessMercatoPaymentRecoveryActions.php,6d82a9b6749e21b6f7db9bccf08bc8c9
Discount code could not be applied.,Codul de reducere nu a putut fi aplicat.,,site/modules/Mercato/src/Admin/ProcessMercatoPaymentRecoveryActions.php,48dd2591bb5c221d947282601b024218
Enter a note before saving.,Introduceți o notă înainte de salvare.,,site/modules/Mercato/src/Admin/ProcessMercatoPaymentRecoveryActions.php,1f7b2380621bf2c97f4f84973a43c39b
Fulfilment email failed.,E-mailul de onorare a eșuat.,,site/modules/Mercato/src/Admin/ProcessMercatoPaymentRecoveryActions.php,a331a4a58c066835c16f6fc948476b67
Fulfilment email was blocked.,E-mailul de onorare a fost blocat.,,site/modules/Mercato/src/Admin/ProcessMercatoPaymentRecoveryActions.php,b7295d22992c16a372ace6977ca86988
Fulfilment email was blocked. Refresh the page and try again.,E-mailul de onorare a fost blocat. Reîmprospătați pagina și încercați din nou.,,site/modules/Mercato/src/Admin/ProcessMercatoPaymentRecoveryActions.php,6492abb23251ed1ef61e9cff846d371f
Gateway confirmed refund of %s. Payment status is now %s.,Gateway-ul a confirmat rambursarea de %s. Starea plății este acum %s.,,site/modules/Mercato/src/Admin/ProcessMercatoPaymentRecoveryActions.php,23a436c7121cd0dac02e3c4a1729da75
Generated a new public status link for %s.,A fost generat un nou link public de stare pentru %s.,,site/modules/Mercato/src/Admin/ProcessMercatoPaymentRecoveryActions.php,f2916808335e3c2eaa4ca276d34a7d0b
Invalid email address.,Adresă de e-mail nevalidă.,,site/modules/Mercato/src/Admin/ProcessMercatoPaymentRecoveryActions.php,e267e2be02cf3e29f4ba53b5d97cf78a
Inventory needs attention.,Inventarul necesită atenție.,,site/modules/Mercato/src/Admin/ProcessMercatoPaymentRecoveryActions.php,1328d9eff84c0162efbb58ebcbb39f9b
Keep at least one line item quantity above zero.,Păstrați cel puțin o cantitate de linie de articol peste zero.,,site/modules/Mercato/src/Admin/ProcessMercatoPaymentRecoveryActions.php,046953c70247aa18bb5e718c0e378116
Limited to %d orders per run.,Limitat la %d comenzi per rulare.,,site/modules/Mercato/src/Admin/ProcessMercatoPaymentRecoveryActions.php,c9e480441aa9d61a911406a22957e046
local-delivery,livrare-locala,,site/modules/Mercato/src/Admin/ProcessMercatoPaymentRecoveryActions.php,3f1829b00bbcd6b53d25664a91fbb8c5
Merchant bulk-canceled abandoned checkout from Recovery.,Comerciantul a anulat în masă checkout-uri abandonate din Recuperare.,,site/modules/Mercato/src/Admin/ProcessMercatoPaymentRecoveryActions.php,56a3d5d7e8e798e97f61cfe6818517fc
Merchant canceled abandoned checkout from Recovery.,Comerciantul a anulat checkout-ul abandonat din Recuperare.,,site/modules/Mercato/src/Admin/ProcessMercatoPaymentRecoveryActions.php,e3b9b76050abb2e798988d575c2309c7
Merchant canceled unpaid order from Order Detail.,Comerciantul a anulat comanda neplătită din Detaliul Comenzii.,,site/modules/Mercato/src/Admin/ProcessMercatoPaymentRecoveryActions.php,f6dab92c095bb3d60810231822c5793a
Only unpaid payable orders can be canceled from this action.,Doar comenzile neplătite de plătit pot fi anulate din această acțiune.,,site/modules/Mercato/src/Admin/ProcessMercatoPaymentRecoveryActions.php,768058d1ba01e5bb9ec6bc11901e762f
Order cancellation failed.,Anularea comenzii a eșuat.,,site/modules/Mercato/src/Admin/ProcessMercatoPaymentRecoveryActions.php,58913ca247da6b3e3dfd3db51cc42ce5
Order cancellation was blocked.,Anularea comenzii a fost blocată.,,site/modules/Mercato/src/Admin/ProcessMercatoPaymentRecoveryActions.php,42fe263643ca4ee54dd55593da800e79
Order cancellation was blocked. Refresh the page and try again.,Anularea comenzii a fost blocată. Reîmprospătați pagina și încercați din nou.,,site/modules/Mercato/src/Admin/ProcessMercatoPaymentRecoveryActions.php,f98bf0e0968d8782185f173a68779f9f
Order does not match this detail screen.,Comanda nu corespunde acestui ecran de detaliu.,,site/modules/Mercato/src/Admin/ProcessMercatoPaymentRecoveryActions.php,4734c70c38fa0154ef610fc628462f38
Order has no valid customer email.,Comanda nu are un e-mail de client valid.,,site/modules/Mercato/src/Admin/ProcessMercatoPaymentRecoveryActions.php,0c30a1fa7bcfddd83d7d1a38186aabf6
Order is already paid.,Comanda este deja plătită.,,site/modules/Mercato/src/Admin/ProcessMercatoPaymentRecoveryActions.php,bd3343542cf66793e7dc99b1e39aaf33
Order not found.,Comanda nu a fost găsită.,,site/modules/Mercato/src/Admin/ProcessMercatoPaymentRecoveryActions.php,149ad34562bd32ca88aac01cd023fce5
Order note failed.,Nota comenzii a eșuat.,,site/modules/Mercato/src/Admin/ProcessMercatoPaymentRecoveryActions.php,9c0894fd7c95ae284cd5942359ee9210
Order note saved.,Nota comenzii a fost salvată.,,site/modules/Mercato/src/Admin/ProcessMercatoPaymentRecoveryActions.php,29857991fc602b442fe9a82d18afbbdb
Order note was blocked.,Nota comenzii a fost blocată.,,site/modules/Mercato/src/Admin/ProcessMercatoPaymentRecoveryActions.php,bd9398114029716a0367d7b98b2bae6c
Order note was blocked. Refresh the page and try again.,Nota comenzii a fost blocată. Reîmprospătați pagina și încercați din nou.,,site/modules/Mercato/src/Admin/ProcessMercatoPaymentRecoveryActions.php,32624fb8e351be7364e7be128ddaee2d
Order totals update failed.,Actualizarea totalurilor comenzii a eșuat.,,site/modules/Mercato/src/Admin/ProcessMercatoPaymentRecoveryActions.php,86759470298b90451516ec73c06c2aa6
Order totals update was blocked.,Actualizarea totalurilor comenzii a fost blocată.,,site/modules/Mercato/src/Admin/ProcessMercatoPaymentRecoveryActions.php,87c03af162847bbd59f522b126371087
Order totals update was blocked. Refresh the page and try again.,Actualizarea totalurilor comenzii a fost blocată. Reîmprospătați pagina și încercați din nou.,,site/modules/Mercato/src/Admin/ProcessMercatoPaymentRecoveryActions.php,0bb3bb8bc355b1bde3add6c2b8b7ddfe
Paid orders cannot be repriced from Mercato. Create a refund or adjustment instead.,Comenzile plătite nu pot avea prețul modificat din Mercato. Creați în schimb o rambursare sau un ajustaj.,,site/modules/Mercato/src/Admin/ProcessMercatoPaymentRecoveryActions.php,f4e4880306cd3b885974e49a2f262d5e
Payment link email failed.,E-mailul cu link de plată a eșuat.,,site/modules/Mercato/src/Admin/ProcessMercatoPaymentRecoveryActions.php,aed80ccc2401af5b4f7ef73f77c1f56b
Payment link email was blocked.,E-mailul cu link de plată a fost blocat.,,site/modules/Mercato/src/Admin/ProcessMercatoPaymentRecoveryActions.php,327c983e3e6df97f34e908c2ed9ff581
Payment link email was blocked. Refresh the page and try again.,E-mailul cu link de plată a fost blocat. Reîmprospătați pagina și încercați din nou.,,site/modules/Mercato/src/Admin/ProcessMercatoPaymentRecoveryActions.php,84d2fb0a804c264c92aa5e88830ae0da
Payment reconciliation failed.,Reconcilierea plății a eșuat.,,site/modules/Mercato/src/Admin/ProcessMercatoPaymentRecoveryActions.php,36283c3ee8665a49cf51b5ea5e8ae8e3
Payment reconciliation was blocked.,Reconcilierea plății a fost blocată.,,site/modules/Mercato/src/Admin/ProcessMercatoPaymentRecoveryActions.php,f66ed85cd0375c15a3a9e115ffa14a90
Payment reconciliation was blocked. Refresh the page and try again.,Reconcilierea plății a fost blocată. Reîmprospătați pagina și încercați din nou.,,site/modules/Mercato/src/Admin/ProcessMercatoPaymentRecoveryActions.php,1ba5b18073daa7eb7282df7bc96597a0
Payment status changed from %s to %s.,Starea plății s-a schimbat din %s în %s.,,site/modules/Mercato/src/Admin/ProcessMercatoPaymentRecoveryActions.php,02a51646d5b0e6a5d9ae4092981c2869
"Payment was recorded, but inventory needs attention.","Plata a fost înregistrată, dar inventarul necesită atenție.",,site/modules/Mercato/src/Admin/ProcessMercatoPaymentRecoveryActions.php,c5b11140cf587f2b569cb1181451639d
pickup-ready,pregatit-pentru-ridicare,,site/modules/Mercato/src/Admin/ProcessMercatoPaymentRecoveryActions.php,e6a0e77767baa395a150c3da240a861d
ProcessWire rejected the module configuration update.,ProcessWire a respins actualizarea configurației modulului.,,site/modules/Mercato/src/Admin/ProcessMercatoPaymentRecoveryActions.php,a2f13098bef4f90e835e1cdd87c49197
Recovery automation preview was blocked.,Previzualizarea automatizării de recuperare a fost blocată.,,site/modules/Mercato/src/Admin/ProcessMercatoPaymentRecoveryActions.php,bf9da187d9c7842a5c7390f7ebd0e954
Recovery automation preview was blocked. Refresh the page and try again.,Previzualizarea automatizării de recuperare a fost blocată. Reîmprospătați pagina și încercați din nou.,,site/modules/Mercato/src/Admin/ProcessMercatoPaymentRecoveryActions.php,a3eaa78e502e018c0ddef606b59e2745
"Recovery automation preview: %d eligible order(s), %d checked.","Previzualizare automatizare de recuperare: %d comandă/comenzi eligibilă(e), %d verificată(e).",,site/modules/Mercato/src/Admin/ProcessMercatoPaymentRecoveryActions.php,804a467604c9662f604865e6aabaf541
Recovery email failed.,E-mailul de recuperare a eșuat.,,site/modules/Mercato/src/Admin/ProcessMercatoPaymentRecoveryActions.php,723991c439905fee5d244428f247343e
Recovery email skipped.,E-mailul de recuperare a fost omis.,,site/modules/Mercato/src/Admin/ProcessMercatoPaymentRecoveryActions.php,f2e4630b9cf8fb5a71ab359d022b4a85
Recovery email was blocked.,E-mailul de recuperare a fost blocat.,,site/modules/Mercato/src/Admin/ProcessMercatoPaymentRecoveryActions.php,75fabd92239347b43b7650d4809b5ede
Recovery email was blocked. Refresh the page and try again.,E-mailul de recuperare a fost blocat. Reîmprospătați pagina și încercați din nou.,,site/modules/Mercato/src/Admin/ProcessMercatoPaymentRecoveryActions.php,b56cca042c4a4a4843df5855a61f144f
Recovery order cancellation failed.,Anularea comenzii de recuperare a eșuat.,,site/modules/Mercato/src/Admin/ProcessMercatoPaymentRecoveryActions.php,6f6342137c5cfd205ec67c0e7f70e409
Recovery order cancellation was blocked.,Anularea comenzii de recuperare a fost blocată.,,site/modules/Mercato/src/Admin/ProcessMercatoPaymentRecoveryActions.php,cf2ea2722752d2e0f6c4850e9ebd5697
Recovery order cancellation was blocked. Refresh the page and try again.,Anularea comenzii de recuperare a fost blocată. Reîmprospătați pagina și încercați din nou.,,site/modules/Mercato/src/Admin/ProcessMercatoPaymentRecoveryActions.php,f5c9878b97e250f5e7b5639937c1eb59
Recovery suppression failed.,Excluderea de recuperare a eșuat.,,site/modules/Mercato/src/Admin/ProcessMercatoPaymentRecoveryActions.php,c9ddc730889d091af5aa062e7f0f9d82
Recovery suppression was blocked.,Excluderea de recuperare a fost blocată.,,site/modules/Mercato/src/Admin/ProcessMercatoPaymentRecoveryActions.php,1f692a8353fa17cff766eed04dc680e9
Recovery suppression was blocked. Refresh the page and try again.,Excluderea de recuperare a fost blocată. Reîmprospătați pagina și încercați din nou.,,site/modules/Mercato/src/Admin/ProcessMercatoPaymentRecoveryActions.php,44dea6685afc375ca3db52fcc4a72a14
Recovery unsuppression failed.,Anularea excluderii de recuperare a eșuat.,,site/modules/Mercato/src/Admin/ProcessMercatoPaymentRecoveryActions.php,3afdcbe2a227377d499224165ee01ac4
Recovery unsuppression was blocked.,Anularea excluderii de recuperare a fost blocată.,,site/modules/Mercato/src/Admin/ProcessMercatoPaymentRecoveryActions.php,e69cfb5a4743b544b58e9274503f6414
Recovery unsuppression was blocked. Refresh the page and try again.,Anularea excluderii de recuperare a fost blocată. Reîmprospătați pagina și încercați din nou.,,site/modules/Mercato/src/Admin/ProcessMercatoPaymentRecoveryActions.php,64191365b411e5f3a54091919e00f2d5
Refund failed.,Rambursarea a eșuat.,,site/modules/Mercato/src/Admin/ProcessMercatoPaymentRecoveryActions.php,39750b492c150b85fbb3e8ca510f6168
Refund of %s is still awaiting gateway confirmation.,Rambursarea de %s încă așteaptă confirmarea gateway-ului.,,site/modules/Mercato/src/Admin/ProcessMercatoPaymentRecoveryActions.php,54835bdd003f0776c1a0c51778b6c7a6
"Refund succeeded, but stock restoration requires attention.","Rambursarea a reușit, dar restaurarea stocului necesită atenție.",,site/modules/Mercato/src/Admin/ProcessMercatoPaymentRecoveryActions.php,9af9d53f6b1e3aa8aea864ea173a9f24
Refund was blocked.,Rambursarea a fost blocată.,,site/modules/Mercato/src/Admin/ProcessMercatoPaymentRecoveryActions.php,bbcf60193762cf6c22473d576347d330
Refund was blocked. Refresh the page and try again.,Rambursarea a fost blocată. Reîmprospătați pagina și încercați din nou.,,site/modules/Mercato/src/Admin/ProcessMercatoPaymentRecoveryActions.php,4bd428289860d1381628883ab2451e6c
Refunded %s. Payment status is now %s.,S-a rambursat %s. Starea plății este acum %s.,,site/modules/Mercato/src/Admin/ProcessMercatoPaymentRecoveryActions.php,8208d6425d27240584bbd8e7de59ed0d
Removed %s from recovery suppression.,%s a fost eliminat din excluderea de recuperare.,,site/modules/Mercato/src/Admin/ProcessMercatoPaymentRecoveryActions.php,b63c461e72b8483ddcd1561551f62a73
Requested refund of %s. Payment status is now %s.,S-a solicitat rambursarea de %s. Starea plății este acum %s.,,site/modules/Mercato/src/Admin/ProcessMercatoPaymentRecoveryActions.php,045d199be28557695d23db5dd91c6145
Select a valid product to add.,Selectați un produs valid de adăugat.,,site/modules/Mercato/src/Admin/ProcessMercatoPaymentRecoveryActions.php,6f3c0f2bd63976386b058d3baedfa45a
Select an enabled fulfilment method.,Selectați o metodă de onorare activată.,,site/modules/Mercato/src/Admin/ProcessMercatoPaymentRecoveryActions.php,f888730548feaf7611ccea346c593810
Sent %s email for %s.,S-a trimis e-mailul %s pentru %s.,,site/modules/Mercato/src/Admin/ProcessMercatoPaymentRecoveryActions.php,e9f86f74f09137577cb4959e622bda38
Sent order confirmation for %s.,S-a trimis confirmarea comenzii pentru %s.,,site/modules/Mercato/src/Admin/ProcessMercatoPaymentRecoveryActions.php,5cbd87f2445b7398b9cba590b4a2813e
Sent payment link for %s.,S-a trimis linkul de plată pentru %s.,,site/modules/Mercato/src/Admin/ProcessMercatoPaymentRecoveryActions.php,46c10aabe51cc4aa18a9fddbbd8eb02b
Sent recovery payment link for %s.,S-a trimis linkul de plată de recuperare pentru %s.,,site/modules/Mercato/src/Admin/ProcessMercatoPaymentRecoveryActions.php,4568a06df45479ad45ef609c68b11357
Set the appropriate customer-facing fulfilment status before sending an email.,Setați starea de onorare corespunzătoare vizibilă clientului înainte de a trimite un e-mail.,,site/modules/Mercato/src/Admin/ProcessMercatoPaymentRecoveryActions.php,683da2c2a074af471deef811df26e912
shipping,transport,,site/modules/Mercato/src/Admin/ProcessMercatoPaymentRecoveryActions.php,31211b6813083b13df997b9e3abbbd2b
Simulated %s webhook for order %s: %s → %s.,S-a simulat webhook-ul %s pentru comanda %s: %s → %s.,,site/modules/Mercato/src/Admin/ProcessMercatoPaymentRecoveryActions.php,3f673dc7308095220ff0c8f28341df53
Status link reset failed.,Resetarea linkului de stare a eșuat.,,site/modules/Mercato/src/Admin/ProcessMercatoPaymentRecoveryActions.php,38e8ab053f28c05af41f77eb2a399431
Status link reset was blocked.,Resetarea linkului de stare a fost blocată.,,site/modules/Mercato/src/Admin/ProcessMercatoPaymentRecoveryActions.php,64a9e4bb903ca5b3538c9e76af22809c
Status link reset was blocked. Refresh the page and try again.,Resetarea linkului de stare a fost blocată. Reîmprospătați pagina și încercați din nou.,,site/modules/Mercato/src/Admin/ProcessMercatoPaymentRecoveryActions.php,68a2280b34034929518825aa9a79a4f4
Suppressed %s from recovery emails.,%s a fost exclus din e-mailurile de recuperare.,,site/modules/Mercato/src/Admin/ProcessMercatoPaymentRecoveryActions.php,b77e10f91afe544c191350f7429efaca
The gateway rejected the pending refund. Payment status was restored.,Gateway-ul a respins rambursarea în așteptare. Starea plății a fost restaurată.,,site/modules/Mercato/src/Admin/ProcessMercatoPaymentRecoveryActions.php,d8da13da7416e2ff893d105ffb75e526
This order has no editable item snapshot.,Această comandă nu are o înregistrare de articole editabilă.,,site/modules/Mercato/src/Admin/ProcessMercatoPaymentRecoveryActions.php,55a4cafbabe0c3add02b699630db5611
This order is not currently eligible for recovery email.,Această comandă nu este în prezent eligibilă pentru e-mailul de recuperare.,,site/modules/Mercato/src/Admin/ProcessMercatoPaymentRecoveryActions.php,8c5a8817479947d69482335cc56f1d49
Unknown mail error.,Eroare de e-mail necunoscută.,,site/modules/Mercato/src/Admin/ProcessMercatoPaymentRecoveryActions.php,dae6b1e8cb0d6e54a8765b9485b2e961
Unpaid order repriced.,Preț modificat pentru comanda neplătită.,,site/modules/Mercato/src/Admin/ProcessMercatoPaymentRecoveryActions.php,5c2a1d339eae0dc2722ae1ccab452d19
Updated unpaid order total to %s.,Totalul comenzii neplătite a fost actualizat la %s.,,site/modules/Mercato/src/Admin/ProcessMercatoPaymentRecoveryActions.php,fbb839c8d1f9381c584d4df873af14af
Webhook simulation failed.,Simularea webhook-ului a eșuat.,,site/modules/Mercato/src/Admin/ProcessMercatoPaymentRecoveryActions.php,398afe1ac6450b4ac1c4947b7daeb688
Webhook simulation was blocked.,Simularea webhook-ului a fost blocată.,,site/modules/Mercato/src/Admin/ProcessMercatoPaymentRecoveryActions.php,7a63919499ed33581b5d4e72bc427408
Webhook simulation was blocked. Refresh the page and try again.,Simularea webhook-ului a fost blocată. Reîmprospătați pagina și încercați din nou.,,site/modules/Mercato/src/Admin/ProcessMercatoPaymentRecoveryActions.php,d8baf21b84bbba338487dd312988d171
%s copy,copie %s,,site/modules/Mercato/src/Admin/ProcessMercatoProductActions.php,aa8cba3dcab41dd0014c471de0c09f67
%s has no price field.,%s nu are câmp de preț.,,site/modules/Mercato/src/Admin/ProcessMercatoProductActions.php,18d51ed040317cf24ed33b2d9bf4c99c
%s has no product status field.,%s nu are câmp de stare a produsului.,,site/modules/Mercato/src/Admin/ProcessMercatoProductActions.php,0db1c5fd79cc027d66368c37874bf792
%s has no product type field.,%s nu are câmp de tip de produs.,,site/modules/Mercato/src/Admin/ProcessMercatoProductActions.php,fe49490343f1c5075af8684caba13956
%s has no stock policy field.,%s nu are câmp de politică de stoc.,,site/modules/Mercato/src/Admin/ProcessMercatoProductActions.php,b1bfeaddb3fd122bc202fdd8af7c9401
%s would get an invalid price.,%s ar primi un preț nevalid.,,site/modules/Mercato/src/Admin/ProcessMercatoProductActions.php,91cd8adfa58f06fa199db2ffefa3b725
Bulk product action failed.,Acțiunea în masă asupra produselor a eșuat.,,site/modules/Mercato/src/Admin/ProcessMercatoProductActions.php,2f6e1010992ca362cdb8200bfe27bbd4
Bulk product action was blocked.,Acțiunea în masă asupra produselor a fost blocată.,,site/modules/Mercato/src/Admin/ProcessMercatoProductActions.php,c0c54122cf6559aa78faf4906b92bee8
Bulk product action was blocked. Refresh the page and try again.,Acțiunea în masă asupra produselor a fost blocată. Reîmprospătați pagina și încercați din nou.,,site/modules/Mercato/src/Admin/ProcessMercatoProductActions.php,a93b84fb947140bec8f51034335f8d2b
Bulk product actions are limited to 100 products per request.,Acțiunile în masă asupra produselor sunt limitate la 100 de produse per cerere.,,site/modules/Mercato/src/Admin/ProcessMercatoProductActions.php,92a434117f0e7a0e4949cf96bcd43742
Choose a valid bulk action.,Alegeți o acțiune în masă validă.,,site/modules/Mercato/src/Admin/ProcessMercatoProductActions.php,1b74e6cc6a8b73062237dbdb5fe24697
Choose a valid product status.,Alegeți o stare de produs validă.,,site/modules/Mercato/src/Admin/ProcessMercatoProductActions.php,2806311289c1e0af93bc0963fb036038
Choose a valid product type.,Alegeți un tip de produs valid.,,site/modules/Mercato/src/Admin/ProcessMercatoProductActions.php,1234de625535cc543f5f4f47999fb73a
Choose a valid publication status.,Alegeți o stare de publicare validă.,,site/modules/Mercato/src/Admin/ProcessMercatoProductActions.php,50393e08770af6d362cb204d3c61a123
Choose a valid stock policy.,Alegeți o politică de stoc validă.,,site/modules/Mercato/src/Admin/ProcessMercatoProductActions.php,ad127a01b14cc210db90a1f7cc626011
CSRF token validation failed.,Validarea tokenului CSRF a eșuat.,,site/modules/Mercato/src/Admin/ProcessMercatoProductActions.php,e1b850614e8638b71a2de10cbfd31e49
CSV could not be imported.,CSV-ul nu a putut fi importat.,,site/modules/Mercato/src/Admin/ProcessMercatoProductActions.php,d12f768bfa23b099c3c3db05762088e7
"Duplicated ""%s"" as ""%s"".",„%s” a fost duplicat ca „%s”.,,site/modules/Mercato/src/Admin/ProcessMercatoProductActions.php,2d256dd17b2100310e54b3bec0389d34
Enter a numeric price value before applying a price action.,Introduceți o valoare numerică de preț înainte de a aplica o acțiune de preț.,,site/modules/Mercato/src/Admin/ProcessMercatoProductActions.php,d040527f9b268a80f8f59370e4f14938
Import blocked. Refresh the page and try again.,Import blocat. Reîmprospătați pagina și încercați din nou.,,site/modules/Mercato/src/Admin/ProcessMercatoProductActions.php,afd6353fd139b38a60a7690b478b0b96
"Imported: %d created, %d updated, %d skipped, %d image(s).","Importat: %d create, %d actualizate, %d omise, %d imagine(i).",,site/modules/Mercato/src/Admin/ProcessMercatoProductActions.php,4f8f4d99b40f01d375f813969e8a6d4c
Invalid product status action.,Acțiune de stare a produsului nevalidă.,,site/modules/Mercato/src/Admin/ProcessMercatoProductActions.php,d7d3465a6cd0accdc682ee32ac1e249e
Invalid product type action.,Acțiune de tip de produs nevalidă.,,site/modules/Mercato/src/Admin/ProcessMercatoProductActions.php,b28647129d335b0abfc7b751b85de19b
Invalid stock policy action.,Acțiune de politică de stoc nevalidă.,,site/modules/Mercato/src/Admin/ProcessMercatoProductActions.php,2e5742358c8e79d47b5653542d301c68
"Preview: %d create, %d update, %d skipped.","Previzualizare: %d de creat, %d de actualizat, %d omise.",,site/modules/Mercato/src/Admin/ProcessMercatoProductActions.php,f9d988b3d6401cf2f905050544afe82c
Price and shipping must be non-negative numeric values.,Prețul și transportul trebuie să fie valori numerice nenegative.,,site/modules/Mercato/src/Admin/ProcessMercatoProductActions.php,e352ef2469ebcdd81ac78587bd1774a6
Product %d was not found.,Produsul %d nu a fost găsit.,,site/modules/Mercato/src/Admin/ProcessMercatoProductActions.php,f649602b72aa87f63c5ba4b1f890a5dc
Product duplicate failed.,Duplicarea produsului a eșuat.,,site/modules/Mercato/src/Admin/ProcessMercatoProductActions.php,531cc231b0a508b7b0c8596344ac1cd3
Product duplicate was blocked.,Duplicarea produsului a fost blocată.,,site/modules/Mercato/src/Admin/ProcessMercatoProductActions.php,4c164a91e42af6d900d17e60b999e3d6
Product duplicate was blocked. Refresh the page and try again.,Duplicarea produsului a fost blocată. Reîmprospătați pagina și încercați din nou.,,site/modules/Mercato/src/Admin/ProcessMercatoProductActions.php,58e550067592c4b00f80947ea8430bab
Product import was blocked.,Importul produselor a fost blocat.,,site/modules/Mercato/src/Admin/ProcessMercatoProductActions.php,2b273b3f4c2e98190d7e7eee656f1bac
Product not found.,Produsul nu a fost găsit.,,site/modules/Mercato/src/Admin/ProcessMercatoProductActions.php,e4000a1cbe889f868f82b1b177936841
Product quick update failed.,Actualizarea rapidă a produsului a eșuat.,,site/modules/Mercato/src/Admin/ProcessMercatoProductActions.php,f648f4e087138702312e4293f3c40268
Product quick update was blocked.,Actualizarea rapidă a produsului a fost blocată.,,site/modules/Mercato/src/Admin/ProcessMercatoProductActions.php,3838d5f95744e5b25c4547a49f08c7fe
Product quick update was blocked. Refresh the page and try again.,Actualizarea rapidă a produsului a fost blocată. Reîmprospătați pagina și încercați din nou.,,site/modules/Mercato/src/Admin/ProcessMercatoProductActions.php,3d35df57cb3d9c0e93084c8198bc9ca8
Select at least one product.,Selectați cel puțin un produs.,,site/modules/Mercato/src/Admin/ProcessMercatoProductActions.php,bdb236cd952ff6c45454bbd50678b0b4
Source product or product template is missing.,Lipsește produsul sursă sau șablonul de produs.,,site/modules/Mercato/src/Admin/ProcessMercatoProductActions.php,9377f8b85e9292b4da84206a17270dd5
Updated %d product(s).,S-au actualizat %d produs(e).,,site/modules/Mercato/src/Admin/ProcessMercatoProductActions.php,b295cee1e32de99fe65886787186bced
"Updated quick commerce fields for ""%s"".",Câmpurile rapide de comerț au fost actualizate pentru „%s”.,,site/modules/Mercato/src/Admin/ProcessMercatoProductActions.php,2a8c56a0dd1a34e195fc56e3c656e2d7
%s copy,copie %s,,site/modules/Mercato/src/Admin/ProcessMercatoProductPanels.php,aa8cba3dcab41dd0014c471de0c09f67
Active,Activ,,site/modules/Mercato/src/Admin/ProcessMercatoProductPanels.php,4d3d769b812b6faa6b76e1a8abaece2d
Activity events,Evenimente de activitate,,site/modules/Mercato/src/Admin/ProcessMercatoProductPanels.php,8e760806042b2bceae9599f42f783359
Add amount to price,Adaugă sumă la preț,,site/modules/Mercato/src/Admin/ProcessMercatoProductPanels.php,859e518a1ec29f2987615a7b992a21cc
Add Product,Adaugă Produs,,site/modules/Mercato/src/Admin/ProcessMercatoProductPanels.php,f06cdf0d376cf800a466db88d8886a79
Adjust,Ajustează,,site/modules/Mercato/src/Admin/ProcessMercatoProductPanels.php,51d7a685e12188ee196670343e1ac2cd
All policies,Toate politicile,,site/modules/Mercato/src/Admin/ProcessMercatoProductPanels.php,58f61e038e0600c54e3ac1b1cb2b1f2e
All product statuses,Toate stările produsului,,site/modules/Mercato/src/Admin/ProcessMercatoProductPanels.php,20fcd20791e451768cf2bfd6c84caa04
All product types,Toate tipurile de produs,,site/modules/Mercato/src/Admin/ProcessMercatoProductPanels.php,8015298a40b7dfaf7c781a2ff153cdbe
All statuses,Toate stările,,site/modules/Mercato/src/Admin/ProcessMercatoProductPanels.php,96e3d398260724e0a83da53a2e9f20e7
All stock,Tot stocul,,site/modules/Mercato/src/Admin/ProcessMercatoProductPanels.php,9955ed5bff75ea8ee7fe2f0954ce1b0b
Apply stock adjustment,Aplică ajustarea de stoc,,site/modules/Mercato/src/Admin/ProcessMercatoProductPanels.php,af79ceab543d05ba2b7901b2e534852e
Apply to selected,Aplică la selecție,,site/modules/Mercato/src/Admin/ProcessMercatoProductPanels.php,6f768860b19fb1fcefd50ee72b3b6749
Archived,Arhivat,,site/modules/Mercato/src/Admin/ProcessMercatoProductPanels.php,7d69b3cb4cada18ae61811304f8fbcb5
Back to products,Înapoi la produse,,site/modules/Mercato/src/Admin/ProcessMercatoProductPanels.php,dc30c2bfc6927bfd521e4c1f88b08f2c
Backorder,Comandă în așteptare,,site/modules/Mercato/src/Admin/ProcessMercatoProductPanels.php,ac52934d2cc3e2258351c4aed9e46e4f
Backorder: %d owed,Comandă în așteptare: %d datorat(e),,site/modules/Mercato/src/Admin/ProcessMercatoProductPanels.php,d53b20f1740a9d9c0afd15e9b6850b5b
Bulk action,Acțiune în masă,,site/modules/Mercato/src/Admin/ProcessMercatoProductPanels.php,d2b9cbf9a198d3b1d1d418bb5f08b940
Bulk price value,Valoare preț în masă,,site/modules/Mercato/src/Admin/ProcessMercatoProductPanels.php,0a2007a24c8e7ceb7ce0952192f2327e
Bulk product action,Acțiune în masă asupra produselor,,site/modules/Mercato/src/Admin/ProcessMercatoProductPanels.php,ad4fdc9cba0414a736e64a1c37b61c81
Change price by percent,Schimbă prețul cu un procent,,site/modules/Mercato/src/Admin/ProcessMercatoProductPanels.php,b9b9968797a039487470f44f52b0c08b
Collections,Colecții,,site/modules/Mercato/src/Admin/ProcessMercatoProductPanels.php,a9fc91939a389c7c73e7a3f3cbf411cd
Copy product images,Copiază imaginile produsului,,site/modules/Mercato/src/Admin/ProcessMercatoProductPanels.php,e7b6c1bb0ac4963fd9e0f39a3077f2c1
Created,Creat,,site/modules/Mercato/src/Admin/ProcessMercatoProductPanels.php,0eceeb45861f9585dd7a97a3e36f85c6
Customer,Client,,site/modules/Mercato/src/Admin/ProcessMercatoProductPanels.php,ce26601dac0dea138b7295f02b7620a7
Deny,Refuză,,site/modules/Mercato/src/Admin/ProcessMercatoProductPanels.php,3682d1665cf331373000c20680732d3a
Deny oversell,Refuză supravânzarea,,site/modules/Mercato/src/Admin/ProcessMercatoProductPanels.php,bed4eb3fad906f07cabcbfc42b89e342
Detail,Detaliu,,site/modules/Mercato/src/Admin/ProcessMercatoProductPanels.php,a254c25adc7d10d7e9c4889484f875a5
Details,Detalii,,site/modules/Mercato/src/Admin/ProcessMercatoProductPanels.php,3ec365dd533ddb7ef3d1c111186ce872
Digital,Digital,,site/modules/Mercato/src/Admin/ProcessMercatoProductPanels.php,0bb8309239953b782fec18706fe60b4a
Digital product,Produs digital,,site/modules/Mercato/src/Admin/ProcessMercatoProductPanels.php,59010a6e199ad2f924138d4c4f258960
Discontinued,Discontinuat,,site/modules/Mercato/src/Admin/ProcessMercatoProductPanels.php,6d56a3416f6c570eba791f58cc9c127e
Duplicate product,Duplică produsul,,site/modules/Mercato/src/Admin/ProcessMercatoProductPanels.php,ef59c24bfd6376c1d8d097f8f3c0c1d9
Duplicate SKU,SKU duplicat,,site/modules/Mercato/src/Admin/ProcessMercatoProductPanels.php,7dd8677181b779bbcfd8175dedec74a7
Duplicate title,Titlu duplicat,,site/modules/Mercato/src/Admin/ProcessMercatoProductPanels.php,229591deccb9589827f1f7b2b1225e35
Edit,Editează,,site/modules/Mercato/src/Admin/ProcessMercatoProductPanels.php,7dce122004969d56ae2e0245cb754d35
Edit fields,Editează câmpurile,,site/modules/Mercato/src/Admin/ProcessMercatoProductPanels.php,4992df5851ac2d79e68d1cc380c15e00
Event,Eveniment,,site/modules/Mercato/src/Admin/ProcessMercatoProductPanels.php,a4ecfc70574394990cf17bd83df499f7
Export activity,Exportă activitatea,,site/modules/Mercato/src/Admin/ProcessMercatoProductPanels.php,073b61754041ad1aed382b19c1555256
Export CSV,Exportă CSV,,site/modules/Mercato/src/Admin/ProcessMercatoProductPanels.php,c04f1e4841a6af78088d6ccf6f3a8a76
Filter,Filtru,,site/modules/Mercato/src/Admin/ProcessMercatoProductPanels.php,d7778d0c64b6ba21494c97f77a66885a
Free,Gratuit,,site/modules/Mercato/src/Admin/ProcessMercatoProductPanels.php,b24ce0cd392a5b0b8dedc66c25213594
Hidden,Ascuns,,site/modules/Mercato/src/Admin/ProcessMercatoProductPanels.php,7acdf85c69cc3c5305456a293524386e
Hide,Ascunde,,site/modules/Mercato/src/Admin/ProcessMercatoProductPanels.php,62a5e490880a92eef74f167d9dc6dca0
Import,Importă,,site/modules/Mercato/src/Admin/ProcessMercatoProductPanels.php,72d6d7a1885885bb55a565fd1070581a
Import Products CSV,Importă CSV de Produse,,site/modules/Mercato/src/Admin/ProcessMercatoProductPanels.php,66436f50e3949381ce6170cc4356a84e
In stock,În stoc,,site/modules/Mercato/src/Admin/ProcessMercatoProductPanels.php,fcebe56087b9373f15514831184fa572
Invoice,Factură,,site/modules/Mercato/src/Admin/ProcessMercatoProductPanels.php,466eadd40b3c10580e3ab4e8061161ce
Line revenue before order-level totals.,Venit pe linie înainte de totalurile la nivel de comandă.,,site/modules/Mercato/src/Admin/ProcessMercatoProductPanels.php,e4c60631475ba8cb3dc0e606bf149a66
Low stock,Stoc redus,,site/modules/Mercato/src/Admin/ProcessMercatoProductPanels.php,7e2525a11bd12b7925456dae1e15ccc3
Low ≤ %d,Redus ≤ %d,,site/modules/Mercato/src/Admin/ProcessMercatoProductPanels.php,f5425d8bbb5f63874f83517499155f7e
Newest updated,Cel mai recent actualizat,,site/modules/Mercato/src/Admin/ProcessMercatoProductPanels.php,70197e5c2ad91f7f3429136e07a06731
No image,Nicio imagine,,site/modules/Mercato/src/Admin/ProcessMercatoProductPanels.php,9dd7104e68d1b5f994264b9387c9d271
No orders contain this product yet.,Nicio comandă nu conține încă acest produs.,,site/modules/Mercato/src/Admin/ProcessMercatoProductPanels.php,4d46cf0bc7683b0530410b62e0747f9c
No product activity logged yet.,Nicio activitate de produs înregistrată încă.,,site/modules/Mercato/src/Admin/ProcessMercatoProductPanels.php,5453cd4c65e221f790e0ce1373e3383a
No products yet. Run the installer or add your first product.,Niciun produs încă. Rulați instalarea sau adăugați primul dvs. produs.,,site/modules/Mercato/src/Admin/ProcessMercatoProductPanels.php,0c62786a4e4a084186597b6e19e3ce0b
Note,Notă,,site/modules/Mercato/src/Admin/ProcessMercatoProductPanels.php,3b0649c72650c313a357338dcdfb64ec
Oldest updated,Cel mai vechi actualizat,,site/modules/Mercato/src/Admin/ProcessMercatoProductPanels.php,9a99f052cafdf001e295ec3e1aa71412
Open duplicate,Deschide duplicatul,,site/modules/Mercato/src/Admin/ProcessMercatoProductPanels.php,bde48cd0b247de99a50f44adff693235
Order,Comandă,,site/modules/Mercato/src/Admin/ProcessMercatoProductPanels.php,a240fa27925a635b08dc28c9e4f9216d
Order metrics and order rows require the mercato-view-orders permission.,Valorile comenzilor și rândurile de comenzi necesită permisiunea mercato-view-orders.,,site/modules/Mercato/src/Admin/ProcessMercatoProductPanels.php,c1cdc7264bd51d4d301c48543801f2a8
Orders,Comenzi,,site/modules/Mercato/src/Admin/ProcessMercatoProductPanels.php,7442e29d7d53e549b78d93c46b8cdcfc
Orders containing this product.,Comenzi care conțin acest produs.,,site/modules/Mercato/src/Admin/ProcessMercatoProductPanels.php,44ddebd5d0cf4d457433604f2aacd848
Orders With This Product,Comenzi Cu Acest Produs,,site/modules/Mercato/src/Admin/ProcessMercatoProductPanels.php,b5a8f892406d37b13880b6b2caa6d3cc
Out of stock,Fără stoc,,site/modules/Mercato/src/Admin/ProcessMercatoProductPanels.php,b55197a49e8c4cd8c314bc2aa39d6feb
"Paste CSV with headers. Existing products are updated by SKU first, then by page name. No products are deleted. image_urls accepts local paths or URLs separated by |.","Lipiți CSV-ul cu anteturi. Produsele existente sunt actualizate mai întâi după SKU, apoi după numele paginii. Niciun produs nu este șters. image_urls acceptă căi locale sau URL-uri separate prin |.",,site/modules/Mercato/src/Admin/ProcessMercatoProductPanels.php,e42b6e9cb8e248590d689f31ec6b663a
Payment,Plată,,site/modules/Mercato/src/Admin/ProcessMercatoProductPanels.php,c453a4b8e8d98e82f35b67f433e3b4da
Physical,Fizic,,site/modules/Mercato/src/Admin/ProcessMercatoProductPanels.php,ce898d62ed9ca7653a01fe0c781e97e9
Physical product,Produs fizic,,site/modules/Mercato/src/Admin/ProcessMercatoProductPanels.php,4943edb7310ba7ed85eb96f26c2f18a2
Placeholder,Substituent,,site/modules/Mercato/src/Admin/ProcessMercatoProductPanels.php,68753d36ec0c4d7768b20993268d68d1
Placeholder / not purchasable,Substituent / nu poate fi cumpărat,,site/modules/Mercato/src/Admin/ProcessMercatoProductPanels.php,85f88adb96c026d3aecf12dab52b4e46
Policy,Politică,,site/modules/Mercato/src/Admin/ProcessMercatoProductPanels.php,51359e8b51c63b87d50cb1bab73380e2
Preorder,Precomandă,,site/modules/Mercato/src/Admin/ProcessMercatoProductPanels.php,5be8b098f9b79cf3b18767ffc5ecd169
Preorder: %d owed,Precomandă: %d datorat(e),,site/modules/Mercato/src/Admin/ProcessMercatoProductPanels.php,b45efc0601cf46fec263ae4d8d1a50dc
Preview,Previzualizare,,site/modules/Mercato/src/Admin/ProcessMercatoProductPanels.php,31fde7b05ac8952dacf4af8a704074ec
Price,Preț,,site/modules/Mercato/src/Admin/ProcessMercatoProductPanels.php,3601146c4e948c32b6424d2c0a7f0118
Price high-low,Preț descrescător,,site/modules/Mercato/src/Admin/ProcessMercatoProductPanels.php,3fa6c4705435b0c3760e6c4bd8faca42
Price low-high,Preț crescător,,site/modules/Mercato/src/Admin/ProcessMercatoProductPanels.php,8e3140a98537cb90aacd787a80b55180
Price value,Valoare preț,,site/modules/Mercato/src/Admin/ProcessMercatoProductPanels.php,5bec55f35bbffd348564516b0cc1264a
Product,Produs,,site/modules/Mercato/src/Admin/ProcessMercatoProductPanels.php,deb10517653c255364175796ace3553f
Product Activity,Activitate Produs,,site/modules/Mercato/src/Admin/ProcessMercatoProductPanels.php,52cf34921bca7f4437f5a60bdfb54ab4
Product Detail,Detaliu Produs,,site/modules/Mercato/src/Admin/ProcessMercatoProductPanels.php,4af84ab6cb5b74718e398e80650bc4dd
Product revenue,Venit din produs,,site/modules/Mercato/src/Admin/ProcessMercatoProductPanels.php,512629196191e816cafb706012a7faaa
Product status,Starea produsului,,site/modules/Mercato/src/Admin/ProcessMercatoProductPanels.php,fbd8442315206102188bb70cf7d5b3bf
Product type,Tip de produs,,site/modules/Mercato/src/Admin/ProcessMercatoProductPanels.php,3d19aea4e2d382e85165bbf71cef1e05
Products,Produse,,site/modules/Mercato/src/Admin/ProcessMercatoProductPanels.php,068f80c7519d0528fb08e82137a72131
Products available to the storefront and checkout flow.,Produse disponibile pentru magazin și fluxul de checkout.,,site/modules/Mercato/src/Admin/ProcessMercatoProductPanels.php,20a69a40efb4a3faa65babeb80425067
Publish,Publică,,site/modules/Mercato/src/Admin/ProcessMercatoProductPanels.php,110a4b01beabd53b661a47d4b44bd7a8
Published,Publicat,,site/modules/Mercato/src/Admin/ProcessMercatoProductPanels.php,9b9d8a976b42e0bd66381797644943d5
Quantity,Cantitate,,site/modules/Mercato/src/Admin/ProcessMercatoProductPanels.php,694e8d1f2ee056f98ee488bdc4982d73
Quantity sold,Cantitate vândută,,site/modules/Mercato/src/Admin/ProcessMercatoProductPanels.php,2a0440eec72540c5b30d9199c01f348c
Recent orders whose item snapshot references this product.,Comenzi recente a căror înregistrare de articole face referire la acest produs.,,site/modules/Mercato/src/Admin/ProcessMercatoProductPanels.php,a098c3be3b7d35d819948bf25feaf0f6
Recent product audit records.,Înregistrări recente de audit al produsului.,,site/modules/Mercato/src/Admin/ProcessMercatoProductPanels.php,4763e3931d96922147acc540af0052d1
"Recent product status, price, policy, and stock operations.","Operațiuni recente privind starea, prețul, politica și stocul produsului.",,site/modules/Mercato/src/Admin/ProcessMercatoProductPanels.php,0be99f42536dff38aaaad22971c64345
Recurring,Recurent,,site/modules/Mercato/src/Admin/ProcessMercatoProductPanels.php,582ff616b727759a2208c65b27b0d309
Recurring subscription / not one-off purchasable,Abonament recurent / indisponibil pentru cumpărare unică,,site/modules/Mercato/src/Admin/ProcessMercatoProductPanels.php,0d0f9cebd73a844374aa365825bb404d
Requires order view permission.,Necesită permisiunea de vizualizare a comenzilor.,,site/modules/Mercato/src/Admin/ProcessMercatoProductPanels.php,f8ddea218427a80983e6e3ee204ce7c6
Reset,Resetează,,site/modules/Mercato/src/Admin/ProcessMercatoProductPanels.php,526d688f37a86d3c3f27d0c5016eb71d
Sample CSV,CSV exemplu,,site/modules/Mercato/src/Admin/ProcessMercatoProductPanels.php,30211d1a7d6bddb07be6b6133f2dff2f
"Search title, SKU, description...","Caută titlu, SKU, descriere...",,site/modules/Mercato/src/Admin/ProcessMercatoProductPanels.php,e6564ade42302a1c268a0b846a2ab230
Select %s,Selectează %s,,site/modules/Mercato/src/Admin/ProcessMercatoProductPanels.php,4c34b52c71d3616b7debe4e48fc2df71
Select products in the table below. Price actions use the value field; product status and placeholder type actions control purchasability without changing ProcessWire publication.,Selectați produse în tabelul de mai jos. Acțiunile de preț utilizează câmpul de valoare; acțiunile de stare a produsului și de tip substituent controlează posibilitatea de cumpărare fără a modifica publicarea în ProcessWire.,,site/modules/Mercato/src/Admin/ProcessMercatoProductPanels.php,acd73649db27a4baf85041439f70ae26
Service,Serviciu,,site/modules/Mercato/src/Admin/ProcessMercatoProductPanels.php,c2ba7e785c49050f48da9aacc45c2b85
Set policy: backorder,Setează politica: comandă în așteptare,,site/modules/Mercato/src/Admin/ProcessMercatoProductPanels.php,dbac730beaa76a06fe270899cf3ffd89
Set policy: deny oversell,Setează politica: refuză supravânzarea,,site/modules/Mercato/src/Admin/ProcessMercatoProductPanels.php,2bf85afc6a0c108ac0433a747e5b1809
Set policy: preorder,Setează politica: precomandă,,site/modules/Mercato/src/Admin/ProcessMercatoProductPanels.php,e703a5f5a63d97bff85d39500df963d6
Set price to value,Setează prețul la valoare,,site/modules/Mercato/src/Admin/ProcessMercatoProductPanels.php,ca2d6b63bd60402aa621027cfc61c55c
Set product status: active,Setează starea produsului: activ,,site/modules/Mercato/src/Admin/ProcessMercatoProductPanels.php,731da8e86a677a36386254eceaa1089e
Set product status: archived,Setează starea produsului: arhivat,,site/modules/Mercato/src/Admin/ProcessMercatoProductPanels.php,8143aec032fcd2842fcec6dd399ea7c3
Set product status: discontinued,Setează starea produsului: discontinuat,,site/modules/Mercato/src/Admin/ProcessMercatoProductPanels.php,42c6738af12113cd0c02ee3f1d0ceee7
Set product type: digital,Setează tipul de produs: digital,,site/modules/Mercato/src/Admin/ProcessMercatoProductPanels.php,eeb663724e2cc084fd69f380023b63f8
Set product type: physical,Setează tipul de produs: fizic,,site/modules/Mercato/src/Admin/ProcessMercatoProductPanels.php,01ee46fc17735f5b73a578f60dcc0036
Set product type: placeholder,Setează tipul de produs: substituent,,site/modules/Mercato/src/Admin/ProcessMercatoProductPanels.php,9cefcaba9d584e9ed064d46a57f8489f
Set product type: recurring,Setează tipul de produs: recurent,,site/modules/Mercato/src/Admin/ProcessMercatoProductPanels.php,76438976fbad4dd0d256d30254f9280d
Set product type: service,Setează tipul de produs: serviciu,,site/modules/Mercato/src/Admin/ProcessMercatoProductPanels.php,526292fbd5038a6c326a17233cddbc91
Shipping,Transport,,site/modules/Mercato/src/Admin/ProcessMercatoProductPanels.php,ea9cf7e47ff33b2be14e6dd07cbcefc6
Status,Stare,,site/modules/Mercato/src/Admin/ProcessMercatoProductPanels.php,ec53a8c4f07baed5d8825072c89799be
Stock,Stoc,,site/modules/Mercato/src/Admin/ProcessMercatoProductPanels.php,27ce7f8b5623b2e2df568d64cf051607
Stock delta,Delta de stoc,,site/modules/Mercato/src/Admin/ProcessMercatoProductPanels.php,ee7bfe460af182510c5d852a66e0e4ab
Stock high-low,Stoc descrescător,,site/modules/Mercato/src/Admin/ProcessMercatoProductPanels.php,333d7e802c291e7563630fcd028bbfd6
Stock low-high,Stoc crescător,,site/modules/Mercato/src/Admin/ProcessMercatoProductPanels.php,136f6bffdcb79d7c0e926327733e4855
Stock note,Notă de stoc,,site/modules/Mercato/src/Admin/ProcessMercatoProductPanels.php,a0cde8d641276a2d8949906e166a2b79
Time,Oră,,site/modules/Mercato/src/Admin/ProcessMercatoProductPanels.php,a76d4ef5f3f6a672bbfab2865563e530
Timeline,Cronologie,,site/modules/Mercato/src/Admin/ProcessMercatoProductPanels.php,3d1f92a565d3b1a61880236e33c49bf3
Title A-Z,Titlu A-Z,,site/modules/Mercato/src/Admin/ProcessMercatoProductPanels.php,2cf46a1f5cc98622917d48403cc9b7e7
Total,Total,,site/modules/Mercato/src/Admin/ProcessMercatoProductPanels.php,96b0141273eabab320119c467cdcaf17
Total quantity across orders.,Cantitate totală în toate comenzile.,,site/modules/Mercato/src/Admin/ProcessMercatoProductPanels.php,3d58b704d7184f60ef49c1bb180e7163
Unpublish,Anulează publicarea,,site/modules/Mercato/src/Admin/ProcessMercatoProductPanels.php,181e9a13059454fb2212f1bf10f394ac
Unpublished,Nepublicat,,site/modules/Mercato/src/Admin/ProcessMercatoProductPanels.php,0774e163cd7df482edd2abd498189f8b
Update commerce fields,Actualizează câmpurile de comerț,,site/modules/Mercato/src/Admin/ProcessMercatoProductPanels.php,d19a734d04e987416c4b2296cf3c3965
User,Utilizator,,site/modules/Mercato/src/Admin/ProcessMercatoProductPanels.php,8f9bfe9d1345237cb3b2b205864da075
View,Vizualizează,,site/modules/Mercato/src/Admin/ProcessMercatoProductPanels.php,4351cfebe4b61d8aa5efa1d020710005
View all products,Vizualizează toate produsele,,site/modules/Mercato/src/Admin/ProcessMercatoProductPanels.php,bca54823c9ea283ac92870efd877f446
View storefront,Vizualizează magazinul,,site/modules/Mercato/src/Admin/ProcessMercatoProductPanels.php,6f5dcb431ba6639ae163811b03eb303c
All gateways,Toate gateway-urile,,site/modules/Mercato/src/Admin/ProcessMercatoQueries.php,9791f91244377952562e456892d10cf7
Bank Transfer,Transfer Bancar,,site/modules/Mercato/src/Admin/ProcessMercatoQueries.php,3726d2bc671a53445f9f57095bf9d76b
Cooldown: wait %s,Perioadă de așteptare: așteptați %s,,site/modules/Mercato/src/Admin/ProcessMercatoQueries.php,8977e42c3b4a49e9a9f43e946b0e6b9a
Demo,Demonstrativ,,site/modules/Mercato/src/Admin/ProcessMercatoQueries.php,f0258b6685684c113bad94d91b8fa02a
Email suppressed,E-mail exclus,,site/modules/Mercato/src/Admin/ProcessMercatoQueries.php,2b5e4a36d22e605d87faa7980ccbe583
Mollie,Mollie,,site/modules/Mercato/src/Admin/ProcessMercatoQueries.php,7c478959c218087ffc4ad5d96e7f66a6
No customer email,Niciun e-mail de client,,site/modules/Mercato/src/Admin/ProcessMercatoQueries.php,feb3301c443257d34798ff130e099f4b
PayPal,PayPal,,site/modules/Mercato/src/Admin/ProcessMercatoQueries.php,ad69e733ebae8d264bccaa38d68830e8
Ready to email,Pregătit pentru trimiterea prin e-mail,,site/modules/Mercato/src/Admin/ProcessMercatoQueries.php,da53b739ce20c604840cd9517c520b84
Stripe,Stripe,,site/modules/Mercato/src/Admin/ProcessMercatoQueries.php,ce7566d1d08cc094b74cf283cf9c56a5
Unknown,Necunoscut,,site/modules/Mercato/src/Admin/ProcessMercatoQueries.php,88183b946cc5f0e8c96b2e66e1c74a7e
%d cancelable abandoned order(s) in current filters.,%d comandă/comenzi abandonată(e) anulabilă(e) în filtrele curente.,,site/modules/Mercato/src/Admin/ProcessMercatoRecoveryCustomerPanels.php,c1967499d9622efafe7a44d08d48ad86
Abandoned Checkouts,Checkout-uri Abandonate,,site/modules/Mercato/src/Admin/ProcessMercatoRecoveryCustomerPanels.php,f3de313a60443671f8188b7bdd480b80
Accepted,Acceptat,,site/modules/Mercato/src/Admin/ProcessMercatoRecoveryCustomerPanels.php,382ab522931673c11e398ead1b7b1678
Add a customer note...,Adăugați o notă despre client...,,site/modules/Mercato/src/Admin/ProcessMercatoRecoveryCustomerPanels.php,7470b22f5019d02bda8a6af944e25ad0
Add note,Adaugă notă,,site/modules/Mercato/src/Admin/ProcessMercatoRecoveryCustomerPanels.php,50cd1871f950375eef4e2efce35366c6
Address,Adresă,,site/modules/Mercato/src/Admin/ProcessMercatoRecoveryCustomerPanels.php,dd7bf230fde8d4836917806aff6a6b27
Age,Vechime,,site/modules/Mercato/src/Admin/ProcessMercatoRecoveryCustomerPanels.php,9d8d2d5ab12b515182a505f54db7f538
All events,Toate evenimentele,,site/modules/Mercato/src/Admin/ProcessMercatoRecoveryCustomerPanels.php,1aafb073a1a78e52e044177f67da6615
All statuses,Toate stările,,site/modules/Mercato/src/Admin/ProcessMercatoRecoveryCustomerPanels.php,96e3d398260724e0a83da53a2e9f20e7
Amount,Sumă,,site/modules/Mercato/src/Admin/ProcessMercatoRecoveryCustomerPanels.php,b2f40690858b404ed10e62bdf422c704
Any age,Orice vechime,,site/modules/Mercato/src/Admin/ProcessMercatoRecoveryCustomerPanels.php,a93b5261870760421327cc9f0f34851a
Any code,Orice cod,,site/modules/Mercato/src/Admin/ProcessMercatoRecoveryCustomerPanels.php,02d5e91a438415d926a495163e70486e
Apply filters,Aplică filtrele,,site/modules/Mercato/src/Admin/ProcessMercatoRecoveryCustomerPanels.php,79ee641715155ec7d121815215f2b70c
Apply guarded actions to the current filtered abandoned-checkout set. Bulk cancellation is limited to 25 orders per run.,Aplicați acțiuni protejate setului curent filtrat de checkout-uri abandonate. Anularea în masă este limitată la 25 de comenzi per rulare.,,site/modules/Mercato/src/Admin/ProcessMercatoRecoveryCustomerPanels.php,edc347f82d9820425317bb32f1df38a7
Area,Zonă,,site/modules/Mercato/src/Admin/ProcessMercatoRecoveryCustomerPanels.php,deec4ff19974f12ed781cb9a59064214
Attached to order,Atașat comenzii,,site/modules/Mercato/src/Admin/ProcessMercatoRecoveryCustomerPanels.php,9d261113b6df77ac144617294a7e7dc8
Attempt,Încercare,,site/modules/Mercato/src/Admin/ProcessMercatoRecoveryCustomerPanels.php,cb1856ec07fdc866c21f13566e3d5bcd
attempt(s),încercare(ări),,site/modules/Mercato/src/Admin/ProcessMercatoRecoveryCustomerPanels.php,f01d3e8d251b321a8f4e5e658d524914
Attempts,Încercări,,site/modules/Mercato/src/Admin/ProcessMercatoRecoveryCustomerPanels.php,7ba3b8236d48d4f4c5ec03c3fe6b75a9
Automation,Automatizare,,site/modules/Mercato/src/Admin/ProcessMercatoRecoveryCustomerPanels.php,caea8340e2d186a540518d08602aa065
"Automation run checked %d order(s), found %d eligible, sent %d, failed %d, blocked %d.","Rularea automatizării a verificat %d comandă/comenzi, a găsit %d eligibilă(e), a trimis %d, a eșuat %d, a blocat %d.",,site/modules/Mercato/src/Admin/ProcessMercatoRecoveryCustomerPanels.php,54dce041fc9dbf63d01dec6fbdd5424a
Awaiting gateway.,Se așteaptă gateway-ul.,,site/modules/Mercato/src/Admin/ProcessMercatoRecoveryCustomerPanels.php,d8d0ba486fe6df84ca62b45f0b2bbe77
Awaiting payment.,Se așteaptă plata.,,site/modules/Mercato/src/Admin/ProcessMercatoRecoveryCustomerPanels.php,b5e6754af9fb6eb789f5fca5d2d970ed
Back to customers,Înapoi la clienți,,site/modules/Mercato/src/Admin/ProcessMercatoRecoveryCustomerPanels.php,59666ad60cc1933b5f3ebcab0120a296
Batch limit,Limită lot,,site/modules/Mercato/src/Admin/ProcessMercatoRecoveryCustomerPanels.php,c434994f87d80496315aabb424d301ac
Bulk Recovery Actions,Acțiuni de Recuperare în Masă,,site/modules/Mercato/src/Admin/ProcessMercatoRecoveryCustomerPanels.php,6a1d8cab4f7dd6651a305545a3f922c1
Cancel,Anulează,,site/modules/Mercato/src/Admin/ProcessMercatoRecoveryCustomerPanels.php,ea4788705e6873b424c65e91c2846b19
Cancel filtered orders,Anulează comenzile filtrate,,site/modules/Mercato/src/Admin/ProcessMercatoRecoveryCustomerPanels.php,3ea03143330c81f7ccfbfe82314edd14
Cancel the filtered unpaid orders,Anulează comenzile neplătite filtrate,,site/modules/Mercato/src/Admin/ProcessMercatoRecoveryCustomerPanels.php,c1c6fa9bf7991c182800c32a7da17db6
Canceled,Anulat,,site/modules/Mercato/src/Admin/ProcessMercatoRecoveryCustomerPanels.php,0e22fe7d45f8e5632a4abf369b24e29c
Canceled before payment.,Anulată înainte de plată.,,site/modules/Mercato/src/Admin/ProcessMercatoRecoveryCustomerPanels.php,1da4a335bce70069b54b87788476cbb1
"Canceled orders leave Recovery, release reservations, and remain available in Orders and audit exports.","Comenzile anulate ies din Recuperare, eliberează rezervările și rămân disponibile în Comenzi și în exporturile de audit.",,site/modules/Mercato/src/Admin/ProcessMercatoRecoveryCustomerPanels.php,f6652aca9fb18e797b4fb01f085be0a3
Checkouts,Checkout-uri,,site/modules/Mercato/src/Admin/ProcessMercatoRecoveryCustomerPanels.php,d9323692d0aba6ddff5069437f4abce2
Code,Cod,,site/modules/Mercato/src/Admin/ProcessMercatoRecoveryCustomerPanels.php,ca0dbad92a874b2f69b549293387925e
Commerce Search,Căutare Comerț,,site/modules/Mercato/src/Admin/ProcessMercatoRecoveryCustomerPanels.php,03df5f34d06864eb70bdd9aa3e4c7fe3
Completed payments.,Plăți finalizate.,,site/modules/Mercato/src/Admin/ProcessMercatoRecoveryCustomerPanels.php,0e9028991480ac0e5f9728ae8896558e
Contact,Contact,,site/modules/Mercato/src/Admin/ProcessMercatoRecoveryCustomerPanels.php,bbaff12800505b22a853e8b7f4eb6a22
Cooldown,Perioadă de așteptare,,site/modules/Mercato/src/Admin/ProcessMercatoRecoveryCustomerPanels.php,5b9cca31b21c9c04c3d6f9ecbcc3ffc8
"Coupon apply, reject, attach, and remove events for support review.","Evenimente de aplicare, respingere, atașare și eliminare a cuponului pentru revizuire de suport.",,site/modules/Mercato/src/Admin/ProcessMercatoRecoveryCustomerPanels.php,5628826cd80255d0362b99f52255fabd
Create manual order,Creează comandă manuală,,site/modules/Mercato/src/Admin/ProcessMercatoRecoveryCustomerPanels.php,a9877e23ded4196f7739e8a835ae8fb3
Current filtered set,Set filtrat curent,,site/modules/Mercato/src/Admin/ProcessMercatoRecoveryCustomerPanels.php,261e95a8ce812a99ee8c6a68163c85a5
Customer,Client,,site/modules/Mercato/src/Admin/ProcessMercatoRecoveryCustomerPanels.php,ce26601dac0dea138b7295f02b7620a7
Customer Activity,Activitate Client,,site/modules/Mercato/src/Admin/ProcessMercatoRecoveryCustomerPanels.php,2fc38e328fb4d8239b91b33e31de2b96
Customer email available,E-mail client disponibil,,site/modules/Mercato/src/Admin/ProcessMercatoRecoveryCustomerPanels.php,983a724df96dde6926479fb4f2d8a995
Customer Notes,Note despre Client,,site/modules/Mercato/src/Admin/ProcessMercatoRecoveryCustomerPanels.php,75d8200594a766993b7eb3df59515017
Customer Orders,Comenzile Clientului,,site/modules/Mercato/src/Admin/ProcessMercatoRecoveryCustomerPanels.php,bf8d34b11df0a3c2fb56881b4e4cdbed
Customer profile aggregated from order history.,Profil client agregat din istoricul comenzilor.,,site/modules/Mercato/src/Admin/ProcessMercatoRecoveryCustomerPanels.php,a575248ef1a50985ad343649483c8fc6
Customer summary aggregated from order email addresses.,Rezumat client agregat din adresele de e-mail ale comenzilor.,,site/modules/Mercato/src/Admin/ProcessMercatoRecoveryCustomerPanels.php,8fcbcbc0a4c3875c0b40fc892a6bfcda
Customers,Clienți,,site/modules/Mercato/src/Admin/ProcessMercatoRecoveryCustomerPanels.php,e6d0e1c8fc6a4fcf47869df87e04cd88
customers,clienți,,site/modules/Mercato/src/Admin/ProcessMercatoRecoveryCustomerPanels.php,4b6f7d34a58ba399f077685951d06738
Detail,Detaliu,,site/modules/Mercato/src/Admin/ProcessMercatoRecoveryCustomerPanels.php,a254c25adc7d10d7e9c4889484f875a5
Details,Detalii,,site/modules/Mercato/src/Admin/ProcessMercatoRecoveryCustomerPanels.php,3ec365dd533ddb7ef3d1c111186ce872
Discount,Reducere,,site/modules/Mercato/src/Admin/ProcessMercatoRecoveryCustomerPanels.php,104d9898c04874d0fbac36e125fa1369
Eligible to email now,Eligibil pentru e-mail acum,,site/modules/Mercato/src/Admin/ProcessMercatoRecoveryCustomerPanels.php,16d54dca73b64ef3e15cec3d9b708c50
Email,E-mail,,site/modules/Mercato/src/Admin/ProcessMercatoRecoveryCustomerPanels.php,ce8ae9da5b7cd6c3df2929543a9af92d
Email link,Link prin e-mail,,site/modules/Mercato/src/Admin/ProcessMercatoRecoveryCustomerPanels.php,ba99412a0913f63a9197fd4aae009e51
Emails excluded from recovery.,E-mailuri excluse din recuperare.,,site/modules/Mercato/src/Admin/ProcessMercatoRecoveryCustomerPanels.php,c304db00dc5d56a8deb60fa0954762ce
Enable it in module settings.,Activați-l în setările modulului.,,site/modules/Mercato/src/Admin/ProcessMercatoRecoveryCustomerPanels.php,679186f01128b21e93de7bcca5ed975c
"Enter a query to search invoices, order emails, gateway payment IDs, product titles, SKUs, and customer summaries.","Introduceți o interogare pentru a căuta facturi, e-mailuri de comandă, ID-uri de plată gateway, titluri de produs, SKU-uri și rezumate de clienți.",,site/modules/Mercato/src/Admin/ProcessMercatoRecoveryCustomerPanels.php,1c6bc4d5ce7935fe0977dc3c7a24f312
Event,Eveniment,,site/modules/Mercato/src/Admin/ProcessMercatoRecoveryCustomerPanels.php,a4ecfc70574394990cf17bd83df499f7
Export activity,Exportă activitatea,,site/modules/Mercato/src/Admin/ProcessMercatoRecoveryCustomerPanels.php,073b61754041ad1aed382b19c1555256
Export CSV,Exportă CSV,,site/modules/Mercato/src/Admin/ProcessMercatoRecoveryCustomerPanels.php,c04f1e4841a6af78088d6ccf6f3a8a76
Export customer notes,Exportă notele despre clienți,,site/modules/Mercato/src/Admin/ProcessMercatoRecoveryCustomerPanels.php,8a9b982b3b962c92f68df0752899700d
Export customers,Exportă clienții,,site/modules/Mercato/src/Admin/ProcessMercatoRecoveryCustomerPanels.php,4713ef5f2d6fc1e8f088c850e696a04b
Export orders,Exportă comenzile,,site/modules/Mercato/src/Admin/ProcessMercatoRecoveryCustomerPanels.php,da8cbc8f80b433d3d2b6d13eea457873
Failed,Eșuat,,site/modules/Mercato/src/Admin/ProcessMercatoRecoveryCustomerPanels.php,d7c8c85bf79bbe1b7188497c32c3b0ca
Failed or expired.,Eșuat sau expirat.,,site/modules/Mercato/src/Admin/ProcessMercatoRecoveryCustomerPanels.php,d593b7c268e7e54f324cbd0d986ca5b3
"Find orders, products, and customer summaries from one place.","Găsiți comenzi, produse și rezumate de clienți dintr-un singur loc.",,site/modules/Mercato/src/Admin/ProcessMercatoRecoveryCustomerPanels.php,1d722412ce7c32c641e114a6dcf4b9ed
Gateway,Gateway,,site/modules/Mercato/src/Admin/ProcessMercatoRecoveryCustomerPanels.php,926dec9494209cb088b4962509df1a91
"Invoice, email, payment ID, SKU, product title...","Factură, e-mail, ID de plată, SKU, titlu produs...",,site/modules/Mercato/src/Admin/ProcessMercatoRecoveryCustomerPanels.php,d49f580f753a4f48605ffe7a95f0beb7
Last order,Ultima comandă,,site/modules/Mercato/src/Admin/ProcessMercatoRecoveryCustomerPanels.php,d957e2652355299cb367c4b7e07d9141
Last sent %s,Ultima trimitere %s,,site/modules/Mercato/src/Admin/ProcessMercatoRecoveryCustomerPanels.php,5d2904ed5151fbc27a98d280cfec4801
"Latest payment, fulfilment, refund, email, inventory, order note, and customer note events across this customer history.","Cele mai recente evenimente de plată, onorare, rambursare, e-mail, inventar, notă de comandă și notă despre client din istoricul acestui client.",,site/modules/Mercato/src/Admin/ProcessMercatoRecoveryCustomerPanels.php,8d24ada4f506d352e1446c5ecd2e11a1
LazyCron interval.,Interval LazyCron.,,site/modules/Mercato/src/Admin/ProcessMercatoRecoveryCustomerPanels.php,ca722c679a5cb775fc37030354725a8c
LazyCron sends eligible links.,LazyCron trimite linkurile eligibile.,,site/modules/Mercato/src/Admin/ProcessMercatoRecoveryCustomerPanels.php,602dec36a3f09750347f7db448373629
Links sent,Linkuri trimise,,site/modules/Mercato/src/Admin/ProcessMercatoRecoveryCustomerPanels.php,fcc4dc913e886a1ac820e34322b7bd8c
"Manual recovery actions, automation runs, cooldown blocks, and suppression changes.","Acțiuni manuale de recuperare, rulări de automatizare, blocaje de perioadă de așteptare și modificări de excludere.",,site/modules/Mercato/src/Admin/ProcessMercatoRecoveryCustomerPanels.php,d8ac04667a41a30cfc4502ab0d21478b
matches,corespunderi,,site/modules/Mercato/src/Admin/ProcessMercatoRecoveryCustomerPanels.php,9c28d32df234037773be184dbdafc274
Matching Orders,Comenzi Corespunzătoare,,site/modules/Mercato/src/Admin/ProcessMercatoRecoveryCustomerPanels.php,433e31c1384f36ad43d6d7241129af89
Maximum emails per run.,Numărul maxim de e-mailuri per rulare.,,site/modules/Mercato/src/Admin/ProcessMercatoRecoveryCustomerPanels.php,5ed3d267374e8fe54cd9e4bbe95cd372
Message,Mesaj,,site/modules/Mercato/src/Admin/ProcessMercatoRecoveryCustomerPanels.php,4c2a8fe7eaf24721cc7a9f0175115bd4
Minimum age,Vechime minimă,,site/modules/Mercato/src/Admin/ProcessMercatoRecoveryCustomerPanels.php,cf64c08eba74dcf03b8d6e5f8f264056
No abandoned checkouts match the current filters.,Niciun checkout abandonat nu corespunde filtrelor curente.,,site/modules/Mercato/src/Admin/ProcessMercatoRecoveryCustomerPanels.php,cc3cf3bfa15e634b2842dd15e624b995
No attempt log,Niciun jurnal de încercări,,site/modules/Mercato/src/Admin/ProcessMercatoRecoveryCustomerPanels.php,e16241a2463dd7e2bdb171820bf78262
No coupon activity logged yet.,Nicio activitate de cupon înregistrată încă.,,site/modules/Mercato/src/Admin/ProcessMercatoRecoveryCustomerPanels.php,a90c82066d9771828cdfa11e2224b6e3
No customer activity yet.,Nicio activitate de client încă.,,site/modules/Mercato/src/Admin/ProcessMercatoRecoveryCustomerPanels.php,eba5ab5187067f80cf1fc670853aa4c0
No customers yet. Customer rows appear after the first checkout order.,Niciun client încă. Rândurile clienților apar după prima comandă la checkout.,,site/modules/Mercato/src/Admin/ProcessMercatoRecoveryCustomerPanels.php,3e132197fc6033b25899a20d494251a5
No eligible orders in the current automation preview.,Nicio comandă eligibilă în previzualizarea curentă a automatizării.,,site/modules/Mercato/src/Admin/ProcessMercatoRecoveryCustomerPanels.php,c6e6bd55871b4a7d84c885fe279468c3
No recovery actions logged yet.,Nicio acțiune de recuperare înregistrată încă.,,site/modules/Mercato/src/Admin/ProcessMercatoRecoveryCustomerPanels.php,87200bb45201cdf0d1b2548b1f845346
No recovery coupon configured.,Niciun cupon de recuperare configurat.,,site/modules/Mercato/src/Admin/ProcessMercatoRecoveryCustomerPanels.php,567e944c896c79ba8cbad72ba4e70ee7
No suppressed recovery emails.,Niciun e-mail de recuperare exclus.,,site/modules/Mercato/src/Admin/ProcessMercatoRecoveryCustomerPanels.php,97e9e6f974faf24a50409ce4aa591684
None,Niciunul,,site/modules/Mercato/src/Admin/ProcessMercatoRecoveryCustomerPanels.php,6adf97f83acf6453d4a6a4b1070f3754
Not sent yet,Netrimis încă,,site/modules/Mercato/src/Admin/ProcessMercatoRecoveryCustomerPanels.php,39ecb85823d9a6d4b93444ec70ae9eb7
Off,Dezactivat,,site/modules/Mercato/src/Admin/ProcessMercatoRecoveryCustomerPanels.php,d15305d7a4e34e02489c74a5ef542f36
Older than 1 day,Mai vechi de 1 zi,,site/modules/Mercato/src/Admin/ProcessMercatoRecoveryCustomerPanels.php,d1873354996d31f91f2985d3da9d078d
Older than 1 hour,Mai vechi de 1 oră,,site/modules/Mercato/src/Admin/ProcessMercatoRecoveryCustomerPanels.php,56b5c260fc5beae303823280f672f41a
Older than 15 minutes,Mai vechi de 15 minute,,site/modules/Mercato/src/Admin/ProcessMercatoRecoveryCustomerPanels.php,0670ebfcbe83488e1a1c023f3d56b0a9
Older than 4 hours,Mai vechi de 4 ore,,site/modules/Mercato/src/Admin/ProcessMercatoRecoveryCustomerPanels.php,8e636fcd009fd8bb2e268ffa19c60f40
On,Activat,,site/modules/Mercato/src/Admin/ProcessMercatoRecoveryCustomerPanels.php,521c36a31c2762741cf0f8890cbe05e3
Open value,Valoare deschisă,,site/modules/Mercato/src/Admin/ProcessMercatoRecoveryCustomerPanels.php,d81b135a9ba813779e8a735d4a05ad10
Order,Comandă,,site/modules/Mercato/src/Admin/ProcessMercatoRecoveryCustomerPanels.php,a240fa27925a635b08dc28c9e4f9216d
Order age before recovery.,Vechimea comenzii înainte de recuperare.,,site/modules/Mercato/src/Admin/ProcessMercatoRecoveryCustomerPanels.php,eaf14eea97e965e4cec30ac5acf592c5
Orders,Comenzi,,site/modules/Mercato/src/Admin/ProcessMercatoRecoveryCustomerPanels.php,7442e29d7d53e549b78d93c46b8cdcfc
Paid,Plătit,,site/modules/Mercato/src/Admin/ProcessMercatoRecoveryCustomerPanels.php,e0010a0a1a3259ab5c06a19bad532851
Paid order total.,Totalul comenzii plătite.,,site/modules/Mercato/src/Admin/ProcessMercatoRecoveryCustomerPanels.php,a06a352f8074b647bdd91bc6fad4e9cf
Payment,Plată,,site/modules/Mercato/src/Admin/ProcessMercatoRecoveryCustomerPanels.php,c453a4b8e8d98e82f35b67f433e3b4da
Payment link emails,E-mailuri cu link de plată,,site/modules/Mercato/src/Admin/ProcessMercatoRecoveryCustomerPanels.php,5585556e1030714e3cf7c0f9fbf249f7
Pending,În așteptare,,site/modules/Mercato/src/Admin/ProcessMercatoRecoveryCustomerPanels.php,2d13df6f8b5e4c5af9f87e0dc39df69d
Phone,Telefon,,site/modules/Mercato/src/Admin/ProcessMercatoRecoveryCustomerPanels.php,bcc254b55c4a1babdf1dcb82c207506b
Preview automation,Previzualizează automatizarea,,site/modules/Mercato/src/Admin/ProcessMercatoRecoveryCustomerPanels.php,6a13685272f1f59dd401fb1695957979
Preview eligible abandoned checkouts before LazyCron sends payment-link emails.,Previzualizați checkout-urile abandonate eligibile înainte ca LazyCron să trimită e-mailurile cu link de plată.,,site/modules/Mercato/src/Admin/ProcessMercatoRecoveryCustomerPanels.php,0a84cdd1d844ce5636b6961d5ca0fe1c
Preview order,Previzualizează comanda,,site/modules/Mercato/src/Admin/ProcessMercatoRecoveryCustomerPanels.php,5c2c8c5c7c4a54dae9403c734a1ccfec
Private operational notes for this customer across orders.,Note operaționale private pentru acest client în toate comenzile.,,site/modules/Mercato/src/Admin/ProcessMercatoRecoveryCustomerPanels.php,f3f6d4c5169a8c2243c2d63a14594caa
Processing,În procesare,,site/modules/Mercato/src/Admin/ProcessMercatoRecoveryCustomerPanels.php,643562a9ae7099c8aabfdc93478db117
Products,Produse,,site/modules/Mercato/src/Admin/ProcessMercatoRecoveryCustomerPanels.php,068f80c7519d0528fb08e82137a72131
Profile,Profil,,site/modules/Mercato/src/Admin/ProcessMercatoRecoveryCustomerPanels.php,cce99c598cfdb9773ab041d54c3d973a
Promoted in recovery emails.,Promovat în e-mailurile de recuperare.,,site/modules/Mercato/src/Admin/ProcessMercatoRecoveryCustomerPanels.php,b6b73942b68f1a75198999e8678c7de5
Ready,Pregătit,,site/modules/Mercato/src/Admin/ProcessMercatoRecoveryCustomerPanels.php,e7d31fc0602fb2ede144d18cdffd816b
Recent Coupon Activity,Activitate Recentă a Cupoanelor,,site/modules/Mercato/src/Admin/ProcessMercatoRecoveryCustomerPanels.php,4f52936500dbcf4401bac9d8b17f614c
Recently emailed,Trimis recent prin e-mail,,site/modules/Mercato/src/Admin/ProcessMercatoRecoveryCustomerPanels.php,fba913b76a889e022b872ed2d063568b
Recoverable,Recuperabil,,site/modules/Mercato/src/Admin/ProcessMercatoRecoveryCustomerPanels.php,52f3b9f4c13b3350850c24bc26c0cef8
Recovery,Recuperare,,site/modules/Mercato/src/Admin/ProcessMercatoRecoveryCustomerPanels.php,d8afbc541b39d23648c823057cffe3a5
Recovery Activity,Activitate de Recuperare,,site/modules/Mercato/src/Admin/ProcessMercatoRecoveryCustomerPanels.php,ffc853d8efebcbb6bc595104f113c889
Recovery Automation,Automatizare de Recuperare,,site/modules/Mercato/src/Admin/ProcessMercatoRecoveryCustomerPanels.php,cec279b2f61cd53a174d1d9d201a2f51
Recovery email cooldown is disabled.,Perioada de așteptare pentru e-mailul de recuperare este dezactivată.,,site/modules/Mercato/src/Admin/ProcessMercatoRecoveryCustomerPanels.php,d8f6961916cae38c102bf305f78494ca
Recovery email cooldown: %s.,Perioadă de așteptare e-mail de recuperare: %s.,,site/modules/Mercato/src/Admin/ProcessMercatoRecoveryCustomerPanels.php,4b6dc071855d298ff7f939dd1c1d3964
Rejected,Respins,,site/modules/Mercato/src/Admin/ProcessMercatoRecoveryCustomerPanels.php,d37b1f6c0512e2118cee17fea015b699
Removed from order,Eliminat din comandă,,site/modules/Mercato/src/Admin/ProcessMercatoRecoveryCustomerPanels.php,a83cc680e25a7a5471219a13c970f95a
Reset,Resetează,,site/modules/Mercato/src/Admin/ProcessMercatoRecoveryCustomerPanels.php,526d688f37a86d3c3f27d0c5016eb71d
Revenue,Venit,,site/modules/Mercato/src/Admin/ProcessMercatoRecoveryCustomerPanels.php,54358a914f51e1af19df8520159fe607
Schedule,Program,,site/modules/Mercato/src/Admin/ProcessMercatoRecoveryCustomerPanels.php,25f7347236b51a5eae4ba01a7862cb55
Search,Caută,,site/modules/Mercato/src/Admin/ProcessMercatoRecoveryCustomerPanels.php,13348442cc6a27032d2b4aa28b75a5d3
Segments,Segmente,,site/modules/Mercato/src/Admin/ProcessMercatoRecoveryCustomerPanels.php,fb9a488a6fe2d37f9a17651d744997f6
Settings,Setări,,site/modules/Mercato/src/Admin/ProcessMercatoRecoveryCustomerPanels.php,f4f70727dc34561dfde1a3c529b6205c
Status,Stare,,site/modules/Mercato/src/Admin/ProcessMercatoRecoveryCustomerPanels.php,ec53a8c4f07baed5d8825072c89799be
Suppress,Exclude,,site/modules/Mercato/src/Admin/ProcessMercatoRecoveryCustomerPanels.php,853fbbeb76e35bea97202cc179baa627
Suppressed,Exclus,,site/modules/Mercato/src/Admin/ProcessMercatoRecoveryCustomerPanels.php,ab970d32c79b95c0b0aaa50168c67e16
Suppressed recovery email,E-mail de recuperare exclus,,site/modules/Mercato/src/Admin/ProcessMercatoRecoveryCustomerPanels.php,39a5ff5c35c6421b60e5dafe0e2c9e10
Time,Oră,,site/modules/Mercato/src/Admin/ProcessMercatoRecoveryCustomerPanels.php,a76d4ef5f3f6a672bbfab2865563e530
Total order attempts.,Total încercări de comandă.,,site/modules/Mercato/src/Admin/ProcessMercatoRecoveryCustomerPanels.php,87a81dee508305dda2a25e1a1f9ca1af
Unpaid checkout orders that can be recovered with a secure payment link.,Comenzi de checkout neplătite care pot fi recuperate cu un link de plată securizat.,,site/modules/Mercato/src/Admin/ProcessMercatoRecoveryCustomerPanels.php,1be35f25a8b547d23825176dfeb517ef
Unpaid order total,Total comandă neplătită,,site/modules/Mercato/src/Admin/ProcessMercatoRecoveryCustomerPanels.php,846e2043cbe58d0ab544dbed357afa58
Unsuppress,Anulează excluderea,,site/modules/Mercato/src/Admin/ProcessMercatoRecoveryCustomerPanels.php,f628c1c5b8ad11d874d9f8011370447c
User,Utilizator,,site/modules/Mercato/src/Admin/ProcessMercatoRecoveryCustomerPanels.php,8f9bfe9d1345237cb3b2b205864da075
%d collection(s),%d colecție/colecții,,site/modules/Mercato/src/Admin/ProcessMercatoReportDiscountPanels.php,a2b54ef698ee215de8e2acf62e31127b
%d customer target(s),%d client(ți) țintă,,site/modules/Mercato/src/Admin/ProcessMercatoReportDiscountPanels.php,702fa15bc4ec220adcf5a1f442eebf99
%d more zone(s) configured.,Încă %d zonă/zone configurată(e).,,site/modules/Mercato/src/Admin/ProcessMercatoReportDiscountPanels.php,c9c28a3751e99458b3a519de33d387e6
%d paid / %d free,%d plătit(e) / %d gratuit(e),,site/modules/Mercato/src/Admin/ProcessMercatoReportDiscountPanels.php,502babbf205a6880b7922a05d5de1164
%d product(s),%d produs(e),,site/modules/Mercato/src/Admin/ProcessMercatoReportDiscountPanels.php,226a2b70e81abc3b9249d4d4913b9701
%d product(s) scanned.,%d produs(e) scanat(e).,,site/modules/Mercato/src/Admin/ProcessMercatoReportDiscountPanels.php,d03bd9263ab5ae552f7edf241e2b2d77
Across %d backorder/preorder product(s).,În %d produs(e) în așteptare/precomandă.,,site/modules/Mercato/src/Admin/ProcessMercatoReportDiscountPanels.php,86ce386946e18f0f44f2b14101aea2d5
Active,Activ,,site/modules/Mercato/src/Admin/ProcessMercatoReportDiscountPanels.php,4d3d769b812b6faa6b76e1a8abaece2d
Add Discount,Adaugă Reducere,,site/modules/Mercato/src/Admin/ProcessMercatoReportDiscountPanels.php,272b6d701d99c285d224a44434ade80e
all,toate,,site/modules/Mercato/src/Admin/ProcessMercatoReportDiscountPanels.php,a181a603769c1f98ad927e7367c7aa51
All countries,Toate țările,,site/modules/Mercato/src/Admin/ProcessMercatoReportDiscountPanels.php,c3987e4cac14a8456515f0d200da04ee
All products,Toate produsele,,site/modules/Mercato/src/Admin/ProcessMercatoReportDiscountPanels.php,40dec546414c1ebdfde8d9858f0938c3
Allowed delivery countries,Țări de livrare permise,,site/modules/Mercato/src/Admin/ProcessMercatoReportDiscountPanels.php,48aed1551811e63953baaa9b20bb04c2
Always,Întotdeauna,,site/modules/Mercato/src/Admin/ProcessMercatoReportDiscountPanels.php,68eec46437c384d8dad18d5464ebc35c
Applies to carrier delivery subtotal.,Se aplică subtotalului livrării prin curier.,,site/modules/Mercato/src/Admin/ProcessMercatoReportDiscountPanels.php,1917f3fc168d25b2014148abd7b2adaf
Area,Zonă,,site/modules/Mercato/src/Admin/ProcessMercatoReportDiscountPanels.php,deec4ff19974f12ed781cb9a59064214
Average order,Comandă medie,,site/modules/Mercato/src/Admin/ProcessMercatoReportDiscountPanels.php,e9f713179da16f775a45a2f688a3fedc
Awaiting gateway.,Se așteaptă gateway-ul.,,site/modules/Mercato/src/Admin/ProcessMercatoReportDiscountPanels.php,d8d0ba486fe6df84ca62b45f0b2bbe77
Awaiting payment.,Se așteaptă plata.,,site/modules/Mercato/src/Admin/ProcessMercatoReportDiscountPanels.php,b5e6754af9fb6eb789f5fca5d2d970ed
Based on product-level shipping prices.,Pe baza prețurilor de transport la nivel de produs.,,site/modules/Mercato/src/Admin/ProcessMercatoReportDiscountPanels.php,1f8ea96e33b1bfa99c9d452fcafc0992
Canceled,Anulat,,site/modules/Mercato/src/Admin/ProcessMercatoReportDiscountPanels.php,0e22fe7d45f8e5632a4abf369b24e29c
Canceled before payment.,Anulată înainte de plată.,,site/modules/Mercato/src/Admin/ProcessMercatoReportDiscountPanels.php,1da4a335bce70069b54b87788476cbb1
Carrier and local delivery country allowlist.,Listă de țări permise pentru livrarea prin curier și livrarea locală.,,site/modules/Mercato/src/Admin/ProcessMercatoReportDiscountPanels.php,77591a92588a92f31fe60234aa3e942b
Code,Cod,,site/modules/Mercato/src/Admin/ProcessMercatoReportDiscountPanels.php,ca0dbad92a874b2f69b549293387925e
Completed paid orders.,Comenzi plătite finalizate.,,site/modules/Mercato/src/Admin/ProcessMercatoReportDiscountPanels.php,fa028eae2e101f0a820e33c946592f5e
Configure,Configurează,,site/modules/Mercato/src/Admin/ProcessMercatoReportDiscountPanels.php,f1206f9fadc5ce41694f69129aecac26
Controls whether delivery fees appear in VAT breakdowns.,Controlează dacă taxele de livrare apar în detalierile de TVA.,,site/modules/Mercato/src/Admin/ProcessMercatoReportDiscountPanels.php,f74205a0ac50e4556f23573642e1f7d6
Coupon and discount rules available to checkout.,Reguli de cupon și reducere disponibile la checkout.,,site/modules/Mercato/src/Admin/ProcessMercatoReportDiscountPanels.php,4dc60a76182c93ae2503db92ecf96f25
Current checkout calculation settings before country-aware tax zones are added.,Setările curente de calcul la checkout înainte de adăugarea zonelor de taxă în funcție de țară.,,site/modules/Mercato/src/Admin/ProcessMercatoReportDiscountPanels.php,e7bfce073c7875f07b8390e7b1b41bbe
Current setting,Setare curentă,,site/modules/Mercato/src/Admin/ProcessMercatoReportDiscountPanels.php,79bd3eb67fe2b216f552cb9da33c6e4d
Customer limit,Limită clienți,,site/modules/Mercato/src/Admin/ProcessMercatoReportDiscountPanels.php,f504270f7009d784f86ff9d70a88982a
Delivery fallback,Livrare de rezervă,,site/modules/Mercato/src/Admin/ProcessMercatoReportDiscountPanels.php,96970c65884b01c4e548d15a08c9cf75
"Derived merchant workflow status, separate from payment and fulfilment state.","Stare a fluxului de lucru al comerciantului derivată, separată de starea de plată și onorare.",,site/modules/Mercato/src/Admin/ProcessMercatoReportDiscountPanels.php,0b529c564ad489d8b50586641a3912a9
Disabled,Dezactivat,,site/modules/Mercato/src/Admin/ProcessMercatoReportDiscountPanels.php,b9f5c797ebbf55adccdd8539a65a0241
Discount template is not installed yet. Run the Mercato installer from module settings.,Șablonul de reducere nu este încă instalat. Rulați instalarea Mercato din setările modulului.,,site/modules/Mercato/src/Admin/ProcessMercatoReportDiscountPanels.php,b83872ff36a7885ee37a55c4f784e6c7
Discounts,Reduceri,,site/modules/Mercato/src/Admin/ProcessMercatoReportDiscountPanels.php,9d5bf15117441a1b52eb1f0808e4aad3
Distribution of current order payment states.,Distribuția stărilor curente de plată a comenzilor.,,site/modules/Mercato/src/Admin/ProcessMercatoReportDiscountPanels.php,44a7375d4a719299eb930e3cd0984f0a
Edit,Editează,,site/modules/Mercato/src/Admin/ProcessMercatoReportDiscountPanels.php,7dce122004969d56ae2e0245cb754d35
Enabled at %s%%,Activat la %s%%,,site/modules/Mercato/src/Admin/ProcessMercatoReportDiscountPanels.php,39fa28dcd3ee28ea716d26022689d0e0
Enabled fulfilment,Onorare activată,,site/modules/Mercato/src/Admin/ProcessMercatoReportDiscountPanels.php,57082d3fe5c467b400420d32700a56d2
Expired reservations,Rezervări expirate,,site/modules/Mercato/src/Admin/ProcessMercatoReportDiscountPanels.php,028d2dbf074b6550a41ae0e55a0e3fc1
Export CSV,Exportă CSV,,site/modules/Mercato/src/Admin/ProcessMercatoReportDiscountPanels.php,c04f1e4841a6af78088d6ccf6f3a8a76
Failed,Eșuat,,site/modules/Mercato/src/Admin/ProcessMercatoReportDiscountPanels.php,d7c8c85bf79bbe1b7188497c32c3b0ca
Failed or expired.,Eșuat sau expirat.,,site/modules/Mercato/src/Admin/ProcessMercatoReportDiscountPanels.php,d593b7c268e7e54f324cbd0d986ca5b3
Free shipping,Transport gratuit,,site/modules/Mercato/src/Admin/ProcessMercatoReportDiscountPanels.php,29aa46cc3d2677c7e0f216910df600ff
Free shipping threshold,Prag pentru transport gratuit,,site/modules/Mercato/src/Admin/ProcessMercatoReportDiscountPanels.php,5f2ab464876341df7ff085560b1dc9e2
From,De la,,site/modules/Mercato/src/Admin/ProcessMercatoReportDiscountPanels.php,5da618e8e4b89c66fe86e32cdafde142
Inactive,Inactiv,,site/modules/Mercato/src/Admin/ProcessMercatoReportDiscountPanels.php,3cab03c00dbd11bc3569afa0748013f0
Items sold,Articole vândute,,site/modules/Mercato/src/Admin/ProcessMercatoReportDiscountPanels.php,aea6b05ecbca298472ce21c090d8d8a7
Local delivery,Livrare locală,,site/modules/Mercato/src/Admin/ProcessMercatoReportDiscountPanels.php,e0fad42b51b29f19b2acfd276e205615
Low stock,Stoc redus,,site/modules/Mercato/src/Admin/ProcessMercatoReportDiscountPanels.php,7e2525a11bd12b7925456dae1e15ccc3
Methods customers can choose during checkout.,Metode pe care clienții le pot alege în timpul checkout-ului.,,site/modules/Mercato/src/Admin/ProcessMercatoReportDiscountPanels.php,249acfe3f0acacabc29f075dd83ff3cd
Minimum %s,Minim %s,,site/modules/Mercato/src/Admin/ProcessMercatoReportDiscountPanels.php,ba7025ec9213ea415da085cf3883a166
Minimum %s / zones %s,Minim %s / zone %s,,site/modules/Mercato/src/Admin/ProcessMercatoReportDiscountPanels.php,5afb966a0604b28d2696ad01a3e75ac3
No discounts yet. Add a first coupon such as WELCOME10.,Nicio reducere încă. Adăugați un prim cupon precum WELCOME10.,,site/modules/Mercato/src/Admin/ProcessMercatoReportDiscountPanels.php,0602c6ab69985e2bab43efa0a7de93e4
No order statuses yet.,Nicio stare de comandă încă.,,site/modules/Mercato/src/Admin/ProcessMercatoReportDiscountPanels.php,b71db92211b7826c545c754ebfaf80dd
No paid product sales yet.,Nicio vânzare de produs plătită încă.,,site/modules/Mercato/src/Admin/ProcessMercatoReportDiscountPanels.php,80585dfea537db2b587cff1d81711860
No product VAT rates,Nicio cotă de TVA a produsului,,site/modules/Mercato/src/Admin/ProcessMercatoReportDiscountPanels.php,765515dc0bcf6fda6ddd01ddb76021f1
Open value,Valoare deschisă,,site/modules/Mercato/src/Admin/ProcessMercatoReportDiscountPanels.php,d81b135a9ba813779e8a735d4a05ad10
Operational note,Notă operațională,,site/modules/Mercato/src/Admin/ProcessMercatoReportDiscountPanels.php,0621f299ca1dba285f0915df91b8ff6c
Order Status Breakdown,Detalierea Stării Comenzii,,site/modules/Mercato/src/Admin/ProcessMercatoReportDiscountPanels.php,4027387108b5abe0ef5e0a842b149d8f
Orders,Comenzi,,site/modules/Mercato/src/Admin/ProcessMercatoReportDiscountPanels.php,7442e29d7d53e549b78d93c46b8cdcfc
Oversell debt,Datorie de supravânzare,,site/modules/Mercato/src/Admin/ProcessMercatoReportDiscountPanels.php,2c7667e47e73c675df19abf2c37c6edc
Paid revenue,Venit plătit,,site/modules/Mercato/src/Admin/ProcessMercatoReportDiscountPanels.php,c4dbb94aa60a18c2628bf6e63bdcdb34
Payment Status Breakdown,Detalierea Stării Plății,,site/modules/Mercato/src/Admin/ProcessMercatoReportDiscountPanels.php,5d1cbcdc6a805075d9aa04fb522b8f81
Pending,În așteptare,,site/modules/Mercato/src/Admin/ProcessMercatoReportDiscountPanels.php,2d13df6f8b5e4c5af9f87e0dc39df69d
Pending + processing.,În așteptare + în procesare.,,site/modules/Mercato/src/Admin/ProcessMercatoReportDiscountPanels.php,2089352179c5ab139f13a8b0cda3be12
Pending holds past TTL.,Rezervări în așteptare peste TTL.,,site/modules/Mercato/src/Admin/ProcessMercatoReportDiscountPanels.php,c2e19f55ddead5a3fafbdf2eb7201632
Postcode prefixes checked during checkout.,Prefixe de cod poștal verificate în timpul checkout-ului.,,site/modules/Mercato/src/Admin/ProcessMercatoReportDiscountPanels.php,de94e431931f38c20ea928392f25859e
Processing,În procesare,,site/modules/Mercato/src/Admin/ProcessMercatoReportDiscountPanels.php,643562a9ae7099c8aabfdc93478db117
Product,Produs,,site/modules/Mercato/src/Admin/ProcessMercatoReportDiscountPanels.php,deb10517653c255364175796ace3553f
Product Sales,Vânzări de Produse,,site/modules/Mercato/src/Admin/ProcessMercatoReportDiscountPanels.php,c87f156918bf2deba893037c322a885b
Product shipping,Transport produs,,site/modules/Mercato/src/Admin/ProcessMercatoReportDiscountPanels.php,f0fa7718773d3af784129587f2914d98
Product tax rates,Cote de taxă ale produsului,,site/modules/Mercato/src/Admin/ProcessMercatoReportDiscountPanels.php,d7e2a49e9f42427fc53c7c232d7267cd
Products at or below threshold.,Produse la sau sub prag.,,site/modules/Mercato/src/Admin/ProcessMercatoReportDiscountPanels.php,566b65abe7bb6cc34feead8f578e3266
Quantity,Cantitate,,site/modules/Mercato/src/Admin/ProcessMercatoReportDiscountPanels.php,694e8d1f2ee056f98ee488bdc4982d73
Quantity from paid orders.,Cantitate din comenzile plătite.,,site/modules/Mercato/src/Admin/ProcessMercatoReportDiscountPanels.php,82f54aeb50fcb886cac2517d4b630459
Reports,Rapoarte,,site/modules/Mercato/src/Admin/ProcessMercatoReportDiscountPanels.php,c91c7b93c28cd18741b71f727ee81ee3
Revenue,Venit,,site/modules/Mercato/src/Admin/ProcessMercatoReportDiscountPanels.php,54358a914f51e1af19df8520159fe607
Revenue divided by paid orders.,Venit împărțit la comenzile plătite.,,site/modules/Mercato/src/Admin/ProcessMercatoReportDiscountPanels.php,f876464a0b6f000a1256532e2548a344
Sales and operational reporting from stored ProcessWire order pages.,Raportare de vânzări și operațională din paginile de comenzi stocate în ProcessWire.,,site/modules/Mercato/src/Admin/ProcessMercatoReportDiscountPanels.php,8c338b22b7f3107792c37ee2a874f32e
Schedule,Program,,site/modules/Mercato/src/Admin/ProcessMercatoReportDiscountPanels.php,25f7347236b51a5eae4ba01a7862cb55
Share,Partajează,,site/modules/Mercato/src/Admin/ProcessMercatoReportDiscountPanels.php,5a95a425f74314a96f13a2f136992178
Shipping,Transport,,site/modules/Mercato/src/Admin/ProcessMercatoReportDiscountPanels.php,ea9cf7e47ff33b2be14e6dd07cbcefc6
Shipping charged on paid orders.,Transport perceput la comenzile plătite.,,site/modules/Mercato/src/Admin/ProcessMercatoReportDiscountPanels.php,e1f90230acdfaff7bfca8e458a0a366f
Status,Stare,,site/modules/Mercato/src/Admin/ProcessMercatoReportDiscountPanels.php,ec53a8c4f07baed5d8825072c89799be
Targets,Ținte,,site/modules/Mercato/src/Admin/ProcessMercatoReportDiscountPanels.php,91fadc5613280f76b916f1fd236e43e9
Tax and Shipping Readiness,Pregătirea Taxelor și Transportului,,site/modules/Mercato/src/Admin/ProcessMercatoReportDiscountPanels.php,d1f68580434d4a31abb471ee2e23a3c3
Tax shipping,Taxă pe transport,,site/modules/Mercato/src/Admin/ProcessMercatoReportDiscountPanels.php,542a9635af196fc167992ddf9f2c0772
Top products by paid order revenue.,Produse de top după venitul din comenzi plătite.,,site/modules/Mercato/src/Admin/ProcessMercatoReportDiscountPanels.php,b58732deeaed39b856ba871a4a6cfe0b
Type,Tip,,site/modules/Mercato/src/Admin/ProcessMercatoReportDiscountPanels.php,a1fa27779242b4902f7ae3bdd5c6d508
Unlimited,Nelimitat,,site/modules/Mercato/src/Admin/ProcessMercatoReportDiscountPanels.php,545f6c2f382c04810103b3e5e6f7d841
Until,Până la,,site/modules/Mercato/src/Admin/ProcessMercatoReportDiscountPanels.php,3728af837fe70019577ddb0ed7125ee5
Usage,Utilizare,,site/modules/Mercato/src/Admin/ProcessMercatoReportDiscountPanels.php,c64518704ce0c0d5501a45763f464276
Value,Valoare,,site/modules/Mercato/src/Admin/ProcessMercatoReportDiscountPanels.php,689202409e48743b914713f96d93947c
Across %d backorder/preorder product(s).,În %d produs(e) în așteptare/precomandă.,,site/modules/Mercato/src/Admin/ProcessMercatoWebhookInventoryPanels.php,86ce386946e18f0f44f2b14101aea2d5
All events,Toate evenimentele,,site/modules/Mercato/src/Admin/ProcessMercatoWebhookInventoryPanels.php,1aafb073a1a78e52e044177f67da6615
All statuses,Toate stările,,site/modules/Mercato/src/Admin/ProcessMercatoWebhookInventoryPanels.php,96e3d398260724e0a83da53a2e9f20e7
Any event,Orice eveniment,,site/modules/Mercato/src/Admin/ProcessMercatoWebhookInventoryPanels.php,3caf43963b38c1b0c23b4a711aac4ed5
Any order,Orice comandă,,site/modules/Mercato/src/Admin/ProcessMercatoWebhookInventoryPanels.php,e4bddbf20706417111043c9687992198
Apply filters,Aplică filtrele,,site/modules/Mercato/src/Admin/ProcessMercatoWebhookInventoryPanels.php,79ee641715155ec7d121815215f2b70c
Check setup,Verifică configurarea,,site/modules/Mercato/src/Admin/ProcessMercatoWebhookInventoryPanels.php,9af4e7bfd98eccbb27ee807867dcd444
Context,Context,,site/modules/Mercato/src/Admin/ProcessMercatoWebhookInventoryPanels.php,ad4e206408c1c59bfb8a057ba7857446
Current filtered set,Set filtrat curent,,site/modules/Mercato/src/Admin/ProcessMercatoWebhookInventoryPanels.php,261e95a8ce812a99ee8c6a68163c85a5
Current stock pressure before the movement log.,Presiunea curentă asupra stocului înainte de jurnalul de mișcări.,,site/modules/Mercato/src/Admin/ProcessMercatoWebhookInventoryPanels.php,2bb2c570367cfd9a3efdf19e3974e0b8
Delta,Delta,,site/modules/Mercato/src/Admin/ProcessMercatoWebhookInventoryPanels.php,db1f4ab5845def61a83d5df13e0c2397
Details,Detalii,,site/modules/Mercato/src/Admin/ProcessMercatoWebhookInventoryPanels.php,3ec365dd533ddb7ef3d1c111186ce872
Event,Eveniment,,site/modules/Mercato/src/Admin/ProcessMercatoWebhookInventoryPanels.php,a4ecfc70574394990cf17bd83df499f7
Event type,Tip eveniment,,site/modules/Mercato/src/Admin/ProcessMercatoWebhookInventoryPanels.php,5e85ed076f5456823d69c290bb7b3e07
Events,Evenimente,,site/modules/Mercato/src/Admin/ProcessMercatoWebhookInventoryPanels.php,87f9f735a1d36793ceaecd4e47124b63
Expired,Expirat,,site/modules/Mercato/src/Admin/ProcessMercatoWebhookInventoryPanels.php,24fe48030f7d3097d5882535b04c3fa8
Expired reservations,Rezervări expirate,,site/modules/Mercato/src/Admin/ProcessMercatoWebhookInventoryPanels.php,028d2dbf074b6550a41ae0e55a0e3fc1
Export CSV,Exportă CSV,,site/modules/Mercato/src/Admin/ProcessMercatoWebhookInventoryPanels.php,c04f1e4841a6af78088d6ccf6f3a8a76
Export stock pressure,Exportă presiunea asupra stocului,,site/modules/Mercato/src/Admin/ProcessMercatoWebhookInventoryPanels.php,507675f08b92a6973358c192c2798359
External ID,ID extern,,site/modules/Mercato/src/Admin/ProcessMercatoWebhookInventoryPanels.php,01ddb49044c161b11fdb0c41adbeb3b3
Failed,Eșuat,,site/modules/Mercato/src/Admin/ProcessMercatoWebhookInventoryPanels.php,d7c8c85bf79bbe1b7188497c32c3b0ca
Failed events,Evenimente eșuate,,site/modules/Mercato/src/Admin/ProcessMercatoWebhookInventoryPanels.php,5954ddb7e7bd2103fcc1cdbd68d5f3a7
Failed only,Doar eșuate,,site/modules/Mercato/src/Admin/ProcessMercatoWebhookInventoryPanels.php,975742c2b1056a87830e5c7695aa220f
Gateway,Gateway,,site/modules/Mercato/src/Admin/ProcessMercatoWebhookInventoryPanels.php,926dec9494209cb088b4962509df1a91
Gateway Readiness,Pregătirea Gateway-ului,,site/modules/Mercato/src/Admin/ProcessMercatoWebhookInventoryPanels.php,3c8b572844645db46c4aaa343eeff984
Gateway settings,Setări gateway,,site/modules/Mercato/src/Admin/ProcessMercatoWebhookInventoryPanels.php,790a83218a99ea718dbd72417d0d8baa
Gateways,Gateway-uri,,site/modules/Mercato/src/Admin/ProcessMercatoWebhookInventoryPanels.php,f4bb39e6340915be908d4b0121d6a05a
Ignored,Ignorat,,site/modules/Mercato/src/Admin/ProcessMercatoWebhookInventoryPanels.php,d96143ba1b15645919cea00ec9d1be62
Inventory Movements,Mișcări de Inventar,,site/modules/Mercato/src/Admin/ProcessMercatoWebhookInventoryPanels.php,51de32e37d999270a0125639eaf32530
Inventory Overview,Prezentare Generală a Inventarului,,site/modules/Mercato/src/Admin/ProcessMercatoWebhookInventoryPanels.php,039531dcd57f2262b07643bc5ddb86e2
Invoice,Factură,,site/modules/Mercato/src/Admin/ProcessMercatoWebhookInventoryPanels.php,466eadd40b3c10580e3ab4e8061161ce
Keys and required webhook configuration are present.,Cheile și configurația de webhook necesară sunt prezente.,,site/modules/Mercato/src/Admin/ProcessMercatoWebhookInventoryPanels.php,0d74575a9b8dacbe5d1a401334f0036c
Latest event,Ultimul eveniment,,site/modules/Mercato/src/Admin/ProcessMercatoWebhookInventoryPanels.php,c13315c26952abd54d8399d25dca160c
Local Webhook Simulator,Simulator de Webhook Local,,site/modules/Mercato/src/Admin/ProcessMercatoWebhookInventoryPanels.php,435176fd179aee55f58459696e17b143
Logged movements,Mișcări înregistrate,,site/modules/Mercato/src/Admin/ProcessMercatoWebhookInventoryPanels.php,8a0457957317fc519a144aa76fdd3394
Low stock,Stoc redus,,site/modules/Mercato/src/Admin/ProcessMercatoWebhookInventoryPanels.php,7e2525a11bd12b7925456dae1e15ccc3
Manual adjustment,Ajustare manuală,,site/modules/Mercato/src/Admin/ProcessMercatoWebhookInventoryPanels.php,9ee777c31e9dcb084f0be834dc7f0ffd
Message,Mesaj,,site/modules/Mercato/src/Admin/ProcessMercatoWebhookInventoryPanels.php,4c2a8fe7eaf24721cc7a9f0175115bd4
Mode,Mod,,site/modules/Mercato/src/Admin/ProcessMercatoWebhookInventoryPanels.php,650be61892bf690026089544abbd9d26
Mollie,Mollie,,site/modules/Mercato/src/Admin/ProcessMercatoWebhookInventoryPanels.php,7c478959c218087ffc4ad5d96e7f66a6
Needs attention,Necesită atenție,,site/modules/Mercato/src/Admin/ProcessMercatoWebhookInventoryPanels.php,d6f5722e464f95d8d6411841b90ee6d2
Needs setup,Necesită configurare,,site/modules/Mercato/src/Admin/ProcessMercatoWebhookInventoryPanels.php,69f85dcf24b5d6f30e5cc43912176295
No backorder or preorder debt.,Nicio datorie de comandă în așteptare sau precomandă.,,site/modules/Mercato/src/Admin/ProcessMercatoWebhookInventoryPanels.php,0b79873fb9df579f2fc4ed63ceaf29ae
No email,Niciun e-mail,,site/modules/Mercato/src/Admin/ProcessMercatoWebhookInventoryPanels.php,fb858e41832555f3bac6a405682843c3
No events,Niciun eveniment,,site/modules/Mercato/src/Admin/ProcessMercatoWebhookInventoryPanels.php,ee210f096a32271ef43ccd1035af27d4
No expired stock reservations.,Nicio rezervare de stoc expirată.,,site/modules/Mercato/src/Admin/ProcessMercatoWebhookInventoryPanels.php,760127cc5639d7377256c1085130d3c8
No inventory movements logged yet.,Nicio mișcare de inventar înregistrată încă.,,site/modules/Mercato/src/Admin/ProcessMercatoWebhookInventoryPanels.php,a2e5ee715e6a03545f6fd6867c475a69
No low-stock products.,Niciun produs cu stoc redus.,,site/modules/Mercato/src/Admin/ProcessMercatoWebhookInventoryPanels.php,6d9cd24aeffdcbe2b9bb6ec26b67050e
No recent webhook failures,Niciun eșec recent de webhook,,site/modules/Mercato/src/Admin/ProcessMercatoWebhookInventoryPanels.php,ca8db04e70d9293e6ea80033b1740ca8
No transition,Nicio tranziție,,site/modules/Mercato/src/Admin/ProcessMercatoWebhookInventoryPanels.php,d5182f925933a7dc3bada98365e328d6
"No unpaid orders are available for simulation. Start a Stripe or Mollie checkout first, then return here.","Nu există comenzi neplătite disponibile pentru simulare. Începeți mai întâi un checkout Stripe sau Mollie, apoi reveniți aici.",,site/modules/Mercato/src/Admin/ProcessMercatoWebhookInventoryPanels.php,ddf319bfc40005dd8dcf10c832a8f014
No webhook events logged yet.,Niciun eveniment de webhook înregistrat încă.,,site/modules/Mercato/src/Admin/ProcessMercatoWebhookInventoryPanels.php,f87dae17d563b7834ed19dd0a7628da2
No webhook events yet,Niciun eveniment de webhook încă,,site/modules/Mercato/src/Admin/ProcessMercatoWebhookInventoryPanels.php,39664dd3d32af0150e3470a5ffb8a6a8
None,Niciunul,,site/modules/Mercato/src/Admin/ProcessMercatoWebhookInventoryPanels.php,6adf97f83acf6453d4a6a4b1070f3754
Operational health,Sănătate operațională,,site/modules/Mercato/src/Admin/ProcessMercatoWebhookInventoryPanels.php,b9deea4f8cf717d181c4e1d10097da29
Operator action,Acțiune operator,,site/modules/Mercato/src/Admin/ProcessMercatoWebhookInventoryPanels.php,380b00015957362ffb808b69346edf38
Order,Comandă,,site/modules/Mercato/src/Admin/ProcessMercatoWebhookInventoryPanels.php,a240fa27925a635b08dc28c9e4f9216d
Order ID,ID comandă,,site/modules/Mercato/src/Admin/ProcessMercatoWebhookInventoryPanels.php,d79cf3f429596f77db95c65074663a54
Order updated,Comandă actualizată,,site/modules/Mercato/src/Admin/ProcessMercatoWebhookInventoryPanels.php,5238097a37dee59c5d27876005e3e348
Oversell debt,Datorie de supravânzare,,site/modules/Mercato/src/Admin/ProcessMercatoWebhookInventoryPanels.php,2c7667e47e73c675df19abf2c37c6edc
Payment methods,Metode de plată,,site/modules/Mercato/src/Admin/ProcessMercatoWebhookInventoryPanels.php,0da8d9a75492046bea7f314521e07cae
PayPal,PayPal,,site/modules/Mercato/src/Admin/ProcessMercatoWebhookInventoryPanels.php,ad69e733ebae8d264bccaa38d68830e8
Processed,Procesat,,site/modules/Mercato/src/Admin/ProcessMercatoWebhookInventoryPanels.php,e6f641ae8ac72385a9556588b0cac77c
Processed events,Evenimente procesate,,site/modules/Mercato/src/Admin/ProcessMercatoWebhookInventoryPanels.php,065961d259bf967ad3facde329d751bf
Product,Produs,,site/modules/Mercato/src/Admin/ProcessMercatoWebhookInventoryPanels.php,deb10517653c255364175796ace3553f
Products at or below threshold.,Produse la sau sub prag.,,site/modules/Mercato/src/Admin/ProcessMercatoWebhookInventoryPanels.php,566b65abe7bb6cc34feead8f578e3266
Quantity,Cantitate,,site/modules/Mercato/src/Admin/ProcessMercatoWebhookInventoryPanels.php,694e8d1f2ee056f98ee488bdc4982d73
Quick filters,Filtre rapide,,site/modules/Mercato/src/Admin/ProcessMercatoWebhookInventoryPanels.php,89d24daf0bdce656690f084b5f0af54e
Ready,Pregătit,,site/modules/Mercato/src/Admin/ProcessMercatoWebhookInventoryPanels.php,e7d31fc0602fb2ede144d18cdffd816b
Received,Primit,,site/modules/Mercato/src/Admin/ProcessMercatoWebhookInventoryPanels.php,ac5bb077c33753116b5e91ff1766e7bc
Received events are waiting for processing or were intentionally ignored.,Evenimentele primite așteaptă procesarea sau au fost ignorate intenționat.,,site/modules/Mercato/src/Admin/ProcessMercatoWebhookInventoryPanels.php,e9d3ea27e10265da729b3fd97f738c88
Recent provider updates applied,Actualizări recente de la furnizor aplicate,,site/modules/Mercato/src/Admin/ProcessMercatoWebhookInventoryPanels.php,a7d4480f2f71596090ecf3ad24132530
"Recent reservation, release, sold, refund, and manual stock events.","Evenimente recente de rezervare, eliberare, vânzare, rambursare și stoc manual.",,site/modules/Mercato/src/Admin/ProcessMercatoWebhookInventoryPanels.php,1555e7aaca92f5c8818f5f5a93984c1b
"Recent stock reservations, releases, and paid order adjustments.","Rezervări de stoc recente, eliberări și ajustări ale comenzilor plătite.",,site/modules/Mercato/src/Admin/ProcessMercatoWebhookInventoryPanels.php,2345fea924d0d8582e024f70f3271a87
Recent Stripe and Mollie webhook lifecycle records from the ProcessWire log.,Înregistrări recente ale ciclului de viață al webhook-urilor Stripe și Mollie din jurnalul ProcessWire.,,site/modules/Mercato/src/Admin/ProcessMercatoWebhookInventoryPanels.php,fc4e118602f4731e460ce2ecd530446c
Refunded,Rambursat,,site/modules/Mercato/src/Admin/ProcessMercatoWebhookInventoryPanels.php,cc61945cbbf46721a053467c395c666f
Release expired holds before selling scarce stock.,Eliberați rezervările expirate înainte de a vinde stocul limitat.,,site/modules/Mercato/src/Admin/ProcessMercatoWebhookInventoryPanels.php,df6a6079d5c39d180a1a6662ee889964
Released,Eliberat,,site/modules/Mercato/src/Admin/ProcessMercatoWebhookInventoryPanels.php,ea1e34304a5d8ffa7c9b0ed8ede4ef1a
Required events,Evenimente obligatorii,,site/modules/Mercato/src/Admin/ProcessMercatoWebhookInventoryPanels.php,059561cdfda913b42bb7698f08fad9b6
Reserved,Rezervat,,site/modules/Mercato/src/Admin/ProcessMercatoWebhookInventoryPanels.php,942d4e37dd5607ab68e54755540d4a47
Reset,Resetează,,site/modules/Mercato/src/Admin/ProcessMercatoWebhookInventoryPanels.php,526d688f37a86d3c3f27d0c5016eb71d
Result,Rezultat,,site/modules/Mercato/src/Admin/ProcessMercatoWebhookInventoryPanels.php,8eea62084ca7e541d918e823422bd82e
Review,Revizuiește,,site/modules/Mercato/src/Admin/ProcessMercatoWebhookInventoryPanels.php,457dd55184faedb7885afd4009d70163
Review failed events and confirm the matching order timeline.,Revizuiți evenimentele eșuate și confirmați cronologia comenzii corespunzătoare.,,site/modules/Mercato/src/Admin/ProcessMercatoWebhookInventoryPanels.php,61882c2d3d03cc88f80ee8c47d7a493d
Review products,Revizuiește produsele,,site/modules/Mercato/src/Admin/ProcessMercatoWebhookInventoryPanels.php,063fe591cea34098d3e30dbe74d3c814
Simulate webhook,Simulează webhook-ul,,site/modules/Mercato/src/Admin/ProcessMercatoWebhookInventoryPanels.php,b5b830665c4e2e2cfb050c651c0e96f6
Sold,Vândut,,site/modules/Mercato/src/Admin/ProcessMercatoWebhookInventoryPanels.php,d85a8a381c36f6dde21d81542830e2b1
Status,Stare,,site/modules/Mercato/src/Admin/ProcessMercatoWebhookInventoryPanels.php,ec53a8c4f07baed5d8825072c89799be
Stock,Stoc,,site/modules/Mercato/src/Admin/ProcessMercatoWebhookInventoryPanels.php,27ce7f8b5623b2e2df568d64cf051607
Stripe,Stripe,,site/modules/Mercato/src/Admin/ProcessMercatoWebhookInventoryPanels.php,ce7566d1d08cc094b74cf283cf9c56a5
Switch to test mode before simulating webhooks.,Comutați la modul de test înainte de a simula webhook-uri.,,site/modules/Mercato/src/Admin/ProcessMercatoWebhookInventoryPanels.php,11f4942862896aa9a89e2df47583c693
"Test-mode bridge for local development. It writes webhook log records and moves an unpaid order through the normal payment, inventory, and notification path without calling Stripe or Mollie.","Punte în mod de test pentru dezvoltare locală. Scrie înregistrări în jurnalul de webhook și face avansa o comandă neplătită prin fluxul normal de plată, inventar și notificare fără a contacta Stripe sau Mollie.",,site/modules/Mercato/src/Admin/ProcessMercatoWebhookInventoryPanels.php,ee7dd3af0efca2d3dadae7b5d0df01b0
Time,Oră,,site/modules/Mercato/src/Admin/ProcessMercatoWebhookInventoryPanels.php,a76d4ef5f3f6a672bbfab2865563e530
Timeline,Cronologie,,site/modules/Mercato/src/Admin/ProcessMercatoWebhookInventoryPanels.php,3d1f92a565d3b1a61880236e33c49bf3
Until,Până la,,site/modules/Mercato/src/Admin/ProcessMercatoWebhookInventoryPanels.php,3728af837fe70019577ddb0ed7125ee5
Webhook accepted,Webhook acceptat,,site/modules/Mercato/src/Admin/ProcessMercatoWebhookInventoryPanels.php,69213eb49e076490976532408c0e948f
Webhook Events,Evenimente Webhook,,site/modules/Mercato/src/Admin/ProcessMercatoWebhookInventoryPanels.php,e31ba7daa052860d406c10257d2663d6
Webhook processing looks healthy.,Procesarea webhook-urilor pare sănătoasă.,,site/modules/Mercato/src/Admin/ProcessMercatoWebhookInventoryPanels.php,209abe78f678b531924176bffabaa4a3
Webhook URL,URL webhook,,site/modules/Mercato/src/Admin/ProcessMercatoWebhookInventoryPanels.php,0b8764d3dc1a8f0ba45f7ab682e65766
Webhook URLs and setup state for active payment providers. Secrets are never displayed here.,URL-uri de webhook și starea configurării pentru furnizorii de plată activi. Secretele nu sunt niciodată afișate aici.,,site/modules/Mercato/src/Admin/ProcessMercatoWebhookInventoryPanels.php,69d3007caf48cd567bfaee7a65a826ea
Webhook visibility,Vizibilitate webhook,,site/modules/Mercato/src/Admin/ProcessMercatoWebhookInventoryPanels.php,81286df43c7ec17a2f70d797b6198b3e
